OADB,EADB,EAWB,RH,TC,SHC,kW,airflow,ESP,SFP
75,75,75,100.0,268000.0,95200.0,14.1,4000,0.4,
75,75,72,86.86087380057108,258000.0,105200.0,14.0,4000,0.4,
75,75,67,66.74944445162711,236000.0,121944.0,13.8,4000,0.4,
75,75,62,48.63860876430596,214000.0,142460.0,13.7,4000,0.4,
75,75,57,32.283261821762586,195000.0,160240.0,13.6,4000,0.35,
75,75,75,100.0,284000.0,95750.0,14.3,5000,0.45,
75,75,72,86.86087380057108,272000.0,110750.0,14.2,5000,0.4,
75,75,67,66.74944445162711,250000.0,132925.0,14.0,5000,0.4,
75,75,62,48.63860876430596,228000.0,157100.0,13.8,5000,0.4,
75,75,57,32.283261821762586,208000.0,178375.0,13.7,5000,0.35,
75,75,75,100.0,294000.0,95300.0,14.5,6000,0.45,
75,75,72,86.86087380057108,282000.0,112150.0,14.3,6000,0.45,
75,75,67,66.74944445162711,260000.0,141180.0,14.1,6000,0.4,
75,75,62,48.63860876430596,239000.0,169850.0,13.9,6000,0.4,
75,75,57,32.283261821762586,224000.0,199160.0,13.8,6000,0.4,
75,75,75,100.0,302000.0,96850.0,14.6,7000,0.45,
75,75,72,86.86087380057108,289000.0,114635.0,14.4,7000,0.45,
75,75,67,66.74944445162711,268000.0,149095.0,14.1,7000,0.4,
75,75,62,48.63860876430596,246000.0,181325.0,13.9,7000,0.4,
75,75,57,32.283261821762586,232000.0,204560.0,13.8,7000,0.4,
85,85,75,63.568780189914186,261000.0,120968.0,16.0,4000,0.4,
85,85,72,54.099349355922776,250000.0,128800.0,16.0,4000,0.4,
85,85,67,39.60494643278111,228000.0,155220.0,15.8,4000,0.4,
85,85,62,26.552380890460263,207000.0,176540.0,15.7,4000,0.35,
85,85,57,14.765004447947758,188000.0,194980.0,15.5,4000,0.35,
85,85,75,63.568780189914186,276000.0,127250.0,16.2,5000,0.4,
85,85,72,54.099349355922776,264000.0,148450.0,16.1,5000,0.4,
85,85,67,39.60494643278111,242000.0,174350.0,15.9,5000,0.4,
85,85,62,26.552380890460263,221000.0,199175.0,15.8,5000,0.4,
85,85,57,14.765004447947758,200000.0,216625.0,15.6,5000,0.35,
85,85,75,63.568780189914186,286000.0,132700.0,16.4,6000,0.45,
85,85,72,54.099349355922776,273000.0,157840.0,16.2,6000,0.4,
85,85,67,39.60494643278111,252000.0,190820.0,16.0,6000,0.4,
85,85,62,26.552380890460263,230000.0,220480.0,15.8,6000,0.4,
85,85,57,14.765004447947758,218000.0,242180.0,15.8,6000,0.4,
85,85,75,63.568780189914186,293000.0,150445.0,16.5,7000,0.45,
85,85,72,54.099349355922776,280000.0,170750.0,16.3,7000,0.4,
85,85,67,39.60494643278111,259000.0,207290.0,16.1,7000,0.4,
85,85,62,26.552380890460263,238000.0,241675.0,15.9,7000,0.4,
85,85,57,14.765004447947758,226000.0,252670.0,15.8,7000,0.4,
95,95,75,40.209106438197686,253000.0,168000.0,18.2,4000,0.4,
95,95,72,33.29467908659773,242000.0,178000.0,18.2,4000,0.4,
95,95,67,22.71109726696713,220000.0,188120.0,18.0,4000,0.4,
95,95,62,13.18032210459836,200000.0,210760.0,17.9,4000,0.35,
95,95,57,4.57336784234737,181000.0,229420.0,17.9,4000,0.35,
95,95,75,40.209106438197686,267000.0,188500.0,18.4,5000,0.4,
95,95,72,33.29467908659773,254000.0,194600.0,18.3,5000,0.4,
95,95,67,22.71109726696713,233000.0,216475.0,18.2,5000,0.4,
95,95,62,13.18032210459836,212000.0,242125.0,18.0,5000,0.4,
95,95,57,4.57336784234737,198000.0,264000.0,17.9,5000,0.35,
95,95,75,40.209106438197686,277000.0,208000.0,18.5,6000,0.4,
95,95,72,33.29467908659773,264000.0,207220.0,18.4,6000,0.4,
95,95,67,22.71109726696713,242000.0,243170.0,18.2,6000,0.4,
95,95,62,13.18032210459836,221000.0,273160.0,18.1,6000,0.4,
95,95,57,4.57336784234737,207000.0,281250.0,18.0,6000,0.35,
95,95,75,40.209106438197686,283000.0,215485.0,18.6,7000,0.45,
95,95,72,33.29467908659773,271000.0,228245.0,18.5,7000,0.4,
95,95,67,22.71109726696713,249000.0,267710.0,18.3,7000,0.4,
95,95,62,13.18032210459836,228000.0,301865.0,18.1,7000,0.4,
95,95,57,4.57336784234737,218000.0,296540.0,18.0,7000,0.4,
105,105,75,25.134478960440198,244000.0,207000.0,20.7,4000,0.4,
105,105,72,20.023188783915575,232000.0,219000.0,20.6,4000,0.4,
105,105,67,12.199582426318207,211000.0,221300.0,20.6,4000,0.4,
105,105,62,5.154232900618418,191000.0,245700.0,20.7,4000,0.35,
105,105,57,-1.208208778700214,174000.0,263700.0,20.8,4000,0.35,
105,105,75,25.134478960440198,257000.0,238500.00000000003,20.8,5000,0.4,
105,105,72,20.023188783915575,244000.0,221125.0,20.8,5000,0.4,
105,105,67,12.199582426318207,223000.0,259500.0,20.6,5000,0.4,
105,105,62,5.154232900618418,203000.0,286250.0,20.6,5000,0.35,
105,105,57,-1.208208778700214,187000.0,298375.0,20.8,5000,0.35,
105,105,75,25.134478960440198,266000.0,271000.0,20.9,6000,0.4,
105,105,72,20.023188783915575,253000.0,258000.00000000003,20.8,6000,0.4,
105,105,67,12.199582426318207,232000.0,294600.0,20.7,6000,0.4,
105,105,62,5.154232900618418,211000.0,325250.0,20.6,6000,0.4,
105,105,57,-1.208208778700214,200000.0,318800.0,20.7,6000,0.35,
105,105,75,25.134478960440198,272000.0,250600.0,21.0,7000,0.4,
105,105,72,20.023188783915575,260000.0,288000.0,20.9,7000,0.4,
105,105,67,12.199582426318207,238000.0,327775.0,20.7,7000,0.4,
105,105,62,5.154232900618418,218000.0,360775.0,20.6,7000,0.4,
105,105,57,-1.208208778700214,211000.0,336125.0,20.6,7000,0.4,
115,115,75,15.364783472634224,234000.0,247000.0,23.4,4000,0.4,
115,115,72,11.542354609318652,222000.0,259000.0,23.4,4000,0.4,
115,115,67,5.6915463547121385,201000.0,256900.0,23.6,4000,0.35,
115,115,62,0.4227499355871669,182000.0,279980.0,23.9,4000,0.35,
115,115,57,-4.335340463562447,166000.0,292900.0,24.3,4000,0.35,
115,115,75,15.364783472634224,246000.0,289500.0,23.5,5000,0.4,
115,115,72,11.542354609318652,233000.0,266075.0,23.4,5000,0.4,
115,115,67,5.6915463547121385,212000.0,302625.0,23.5,5000,0.4,
115,115,62,0.4227499355871669,193000.0,329550.0,23.7,5000,0.35,
115,115,57,-4.335340463562447,180000.0,330150.0,24.0,5000,0.35,
115,115,75,15.364783472634224,254000.0,303970.0,23.6,6000,0.4,
115,115,72,11.542354609318652,241000.0,309110.0,23.5,6000,0.4,
115,115,67,5.6915463547121385,220000.0,346040.0,23.5,6000,0.4,
115,115,62,0.4227499355871669,201000.0,376350.0,23.7,6000,0.35,
115,115,57,-4.335340463562447,192000.0,351390.0,23.8,6000,0.35,
115,115,75,15.364783472634224,260000.0,312820.0,23.7,7000,0.4,
115,115,72,11.542354609318652,247000.0,347295.0,23.6,7000,0.4,
115,115,67,5.6915463547121385,227000.0,387685.0,23.5,7000,0.4,
115,115,62,0.4227499355871669,207000.0,415990.0,23.7,7000,0.35,
115,115,57,-4.335340463562447,202000.0,369090.0,23.7,7000,0.35,
120,120,75,11.852226665705931,228000.0,267000.0,24.9,4000,0.4,
120,120,72,8.532960137163395,216000.0,257880.00000000003,25.1,4000,0.4,
120,120,67,3.452318299504574,196000.0,275360.0,25.4,4000,0.35,
120,120,62,-1.1229243603514203,178000.0,297880.0,25.7,4000,0.35,
120,120,57,-5.254687374504087,161000.0,308600.0,26.3,4000,0.35,
120,120,75,11.852226665705931,240000.0,315000.0,24.9,5000,0.4,
120,120,72,8.532960137163395,227000.0,288000.0,25.0,5000,0.4,
120,120,67,3.452318299504574,207000.0,324000.0,25.2,5000,0.35,
120,120,62,-1.1229243603514203,188000.0,350200.0,25.5,5000,0.35,
120,120,57,-5.254687374504087,175000.0,342200.0,25.8,5000,0.35,
120,120,75,11.852226665705931,247000.0,288440.0,25.0,6000,0.4,
120,120,72,8.532960137163395,235000.0,336480.0,25.0,6000,0.4,
120,120,67,3.452318299504574,215000.0,371760.0,25.1,6000,0.4,
120,120,62,-1.1229243603514203,195000.0,402400.0,25.4,6000,0.35,
120,120,57,-5.254687374504087,188000.0,367520.0,25.6,6000,0.35,
120,120,75,11.852226665705931,253000.0,343160.0,25.1,7000,0.4,
120,120,72,8.532960137163395,241000.0,379560.0,25.0,7000,0.4,
120,120,67,3.452318299504574,220000.0,417640.0,25.1,7000,0.4,
120,120,62,-1.1229243603514203,201000.0,444560.0,25.3,7000,0.35,
120,120,57,-5.254687374504087,198000.0,385880.0,25.4,7000,0.35,
75,75,75,100.0,308000.0,97280.0,14.7,8000,0.45,
75,75,72,86.86087380057108,295000.0,117000.0,14.5,8000,0.45,
75,75,67,66.74944445162711,274000.0,155680.0,14.2,8000,0.4,
75,75,62,48.63860876430596,252000.0,192680.0,14.0,8000,0.4,
75,75,57,32.283261821762586,243000.0,214280.0,13.9,8000,0.4,
75,75,75,100.0,313000.0,94720.0,14.8,9000,0.45,
75,75,72,86.86087380057108,299000.0,119750.0,14.5,9000,0.45,
75,75,67,66.74944445162711,278000.0,162760.0,14.3,9000,0.4,
75,75,62,48.63860876430596,257000.0,203255.0,14.0,9000,0.4,
75,75,57,32.283261821762586,251000.0,221660.0,14.0,9000,0.4,
75,75,75,100.0,317000.0,94700.0,14.8,10000,0.45,
75,75,72,86.86087380057108,303000.0,122050.0,14.6,10000,0.45,
75,75,67,66.74944445162711,282000.0,168950.0,14.3,10000,0.45,
75,75,62,48.63860876430596,262000.0,210150.0,14.1,10000,0.4,
75,75,57,32.283261821762586,259000.0,228600.0,14.1,10000,0.4,
85,85,75,63.568780189914186,298000.0,153920.0,16.6,8000,0.45,
85,85,72,54.099349355922776,286000.0,182440.0,16.4,8000,0.45,
85,85,67,39.60494643278111,265000.0,223320.0,16.1,8000,0.4,
85,85,62,26.552380890460263,243000.0,259320.0,16.0,8000,0.4,
85,85,57,14.765004447947758,236000.0,263840.0,15.9,8000,0.4,
85,85,75,63.568780189914186,302000.0,163270.0,16.6,9000,0.45,
85,85,72,54.099349355922776,290000.0,193250.0,16.4,9000,0.45,
85,85,67,39.60494643278111,269000.0,238240.0,16.2,9000,0.4,
85,85,62,26.552380890460263,248000.0,274250.0,16.0,9000,0.4,
85,85,57,14.765004447947758,244000.0,272845.0,16.0,9000,0.4,
85,85,75,63.568780189914186,306000.0,171850.0,16.7,10000,0.45,
85,85,72,54.099349355922776,294000.0,203500.0,16.5,10000,0.45,
85,85,67,39.60494643278111,273000.0,252050.0,16.2,10000,0.4,
85,85,62,26.552380890460263,253000.0,287850.0,16.1,10000,0.4,
85,85,57,14.765004447947758,251000.0,280300.0,16.0,10000,0.4,
95,95,75,40.209106438197686,288000.0,216360.0,18.7,8000,0.45,
95,95,72,33.29467908659773,276000.0,249280.0,18.5,8000,0.4,
95,95,67,22.71109726696713,255000.0,292240.0,18.3,8000,0.4,
95,95,62,13.18032210459836,234000.0,325920.0,18.2,8000,0.4,
95,95,57,4.57336784234737,228000.0,309840.0,18.1,8000,0.4,
95,95,75,40.209106438197686,293000.0,235375.0,18.7,9000,0.45,
95,95,72,33.29467908659773,280000.0,268315.0,18.6,9000,0.4,
95,95,67,22.71109726696713,259000.0,315285.0,18.4,9000,0.4,
95,95,62,13.18032210459836,239000.0,344345.0,18.2,9000,0.4,
95,95,57,4.57336784234737,236000.0,320645.0,18.2,9000,0.4,
95,95,75,40.209106438197686,296000.0,254400.0,18.8,10000,0.45,
95,95,72,33.29467908659773,284000.0,286700.0,18.6,10000,0.45,
95,95,67,22.71109726696713,262000.0,337000.0,18.4,10000,0.4,
95,95,62,13.18032210459836,245000.0,357800.0,18.2,10000,0.4,
95,95,57,4.57336784234737,243000.0,330450.0,18.3,10000,0.4,
105,105,75,25.134478960440198,277000.0,283200.0,21.1,8000,0.4,
105,105,72,20.023188783915575,265000.0,317000.0,20.9,8000,0.4,
105,105,67,12.199582426318207,243000.0,360400.0,20.8,8000,0.4,
105,105,62,5.154232900618418,223000.0,386800.0,20.6,8000,0.4,
105,105,57,-1.208208778700214,220000.0,349800.00000000006,20.6,8000,0.4,
105,105,75,25.134478960440198,281000.0,311575.0,21.1,9000,0.45,
105,105,72,20.023188783915575,269000.0,346000.0,21.0,9000,0.4,
105,105,67,12.199582426318207,248000.0,391475.0,20.8,9000,0.4,
105,105,62,5.154232900618418,229000.0,408625.0,20.6,9000,0.4,
105,105,57,-1.208208778700214,227000.0,363125.0,20.6,9000,0.4,
105,105,75,25.134478960440198,284000.0,336750.0,21.2,10000,0.45,
105,105,72,20.023188783915575,272000.0,371250.0,21.0,10000,0.4,
105,105,67,12.199582426318207,251000.0,421000.0,20.8,10000,0.4,
105,105,62,5.154232900618418,235000.0,427250.0,20.7,10000,0.4,
105,105,57,-1.208208778700214,234000.0,374250.0,20.7,10000,0.4,
115,115,75,15.364783472634224,264000.0,353240.0,23.7,8000,0.4,
115,115,72,11.542354609318652,252000.0,386480.00000000006,23.6,8000,0.4,
115,115,67,5.6915463547121385,231000.0,427560.0,23.5,8000,0.4,
115,115,62,0.4227499355871669,213000.0,446240.0,23.6,8000,0.4,
115,115,57,-4.335340463562447,211000.0,386560.0,23.6,8000,0.4,
115,115,75,15.364783472634224,268000.0,387270.00000000006,23.8,9000,0.4,
115,115,72,11.542354609318652,256000.0,421200.00000000006,23.7,9000,0.4,
115,115,67,5.6915463547121385,235000.0,466665.00000000006,23.5,9000,0.4,
115,115,62,0.4227499355871669,219000.0,472410.0,23.5,9000,0.4,
115,115,57,-4.335340463562447,218000.0,398180.0,23.6,9000,0.4,
115,115,75,15.364783472634224,271000.0,421300.00000000006,23.8,10000,0.4,
115,115,72,11.542354609318652,258000.0,454150.0,23.7,10000,0.4,
115,115,67,5.6915463547121385,238000.0,505000.00000000006,23.5,10000,0.4,
115,115,62,0.4227499355871669,225000.0,482800.0,23.5,10000,0.4,
115,115,57,-4.335340463562447,224000.0,408800.0,23.5,10000,0.4,
120,120,75,11.852226665705931,257000.0,384560.00000000006,25.1,8000,0.4,
120,120,72,8.532960137163395,245000.0,419120.00000000006,25.1,8000,0.4,
120,120,67,3.452318299504574,225000.0,461640.00000000006,25.1,8000,0.4,
120,120,62,-1.1229243603514203,207000.0,473040.0,25.2,8000,0.35,
120,120,57,-5.254687374504087,206000.0,403120.0,25.3,8000,0.35,
120,120,75,11.852226665705931,261000.0,423880.00000000006,25.2,9000,0.4,
120,120,72,8.532960137163395,248000.0,457800.0,25.1,9000,0.4,
120,120,67,3.452318299504574,229000.0,504760.00000000006,25.0,9000,0.4,
120,120,62,-1.1229243603514203,215000.0,496160.0,25.2,9000,0.4,
120,120,57,-5.254687374504087,213000.0,414960.0,25.2,9000,0.4,
120,120,75,11.852226665705931,263000.0,462200.00000000006,25.3,10000,0.4,
120,120,72,8.532960137163395,251000.0,495600.00000000006,25.1,10000,0.4,
120,120,67,3.452318299504574,232000.0,546000.0,25.0,10000,0.4,
120,120,62,-1.1229243603514203,219000.0,518200.0,25.1,10000,0.4,
120,120,57,-5.254687374504087,219000.0,425800.0,25.1,10000,0.4,
-------------,-------------,-------------,-------------,-------------,-------------,-------------,-------------,-------------,-------------
75,75,75,100.0,318000.0,110750.0,18.7,5000,0.45,
75,75,72,86.86087380057108,305000.0,124750.0,18.4,5000,0.45,
75,75,67,66.74944445162711,281000.0,150650.0,17.9,5000,0.45,
75,75,62,48.63860876430596,260000.0,177275.0,17.6,5000,0.4,
75,75,57,32.283261821762586,239000.0,201725.0,17.2,5000,0.4,
75,75,75,100.0,335000.0,111437.5,19.0,6250,0.45,
75,75,72,86.86087380057108,320000.0,123656.25,18.7,6250,0.45,
75,75,67,66.74944445162711,296000.0,161375.0,18.2,6250,0.45,
75,75,62,48.63860876430596,274000.0,194343.75,17.8,6250,0.4,
75,75,57,32.283261821762586,253000.0,222375.0,17.4,6250,0.4,
75,75,75,100.0,347000.0,112125.0,19.3,7500,0.45,
75,75,72,86.86087380057108,331000.0,133125.0,18.9,7500,0.45,
75,75,67,66.74944445162711,307000.0,171062.5,18.4,7500,0.45,
75,75,62,48.63860876430596,284000.0,207237.5,18.0,7500,0.45,
75,75,57,32.283261821762586,268000.0,236950.0,17.7,7500,0.4,
75,75,75,100.0,354000.0,103481.25,19.4,8750,0.55,
75,75,72,86.86087380057108,339000.0,137331.25,19.1,8750,0.45,
75,75,67,66.74944445162711,315000.0,180406.25,18.6,8750,0.45,
75,75,62,48.63860876430596,292000.0,223925.0,18.1,8750,0.45,
75,75,57,32.283261821762586,280000.0,247625.0,17.9,8750,0.4,
85,85,75,63.568780189914186,308000.0,141250.0,20.8,5000,0.45,
85,85,72,54.099349355922776,295000.0,156250.0,20.5,5000,0.45,
85,85,67,39.60494643278111,274000.0,192625.0,20.1,5000,0.4,
85,85,62,26.552380890460263,253000.0,221000.0,19.8,5000,0.4,
85,85,57,14.765004447947758,232000.0,246000.0,19.5,5000,0.4,
85,85,75,63.568780189914186,324000.0,148562.5,21.1,6250,0.45,
85,85,72,54.099349355922776,309000.0,181687.5,20.8,6250,0.45,
85,85,67,39.60494643278111,287000.0,214625.0,20.3,6250,0.45,
85,85,62,26.552380890460263,266000.0,249656.25,20.0,6250,0.4,
85,85,57,14.765004447947758,248000.0,275937.5,19.6,6250,0.4,
85,85,75,63.568780189914186,334000.0,160875.0,21.3,7500,0.45,
85,85,72,54.099349355922776,319000.0,193287.5,21.0,7500,0.45,
85,85,67,39.60494643278111,297000.0,236350.0,20.5,7500,0.45,
85,85,62,26.552380890460263,275000.0,276762.5,20.1,7500,0.4,
85,85,57,14.765004447947758,261000.0,291225.0,19.9,7500,0.4,
85,85,75,63.568780189914186,341000.0,183481.25,21.5,8750,0.45,
85,85,72,54.099349355922776,327000.0,208150.0,21.2,8750,0.45,
85,85,67,39.60494643278111,305000.0,255593.75,20.7,8750,0.45,
85,85,62,26.552380890460263,283000.0,300075.0,20.3,8750,0.45,
85,85,57,14.765004447947758,273000.0,304893.75,20.1,8750,0.4,
95,95,75,40.209106438197686,298000.0,201500.0,23.1,5000,0.45,
95,95,72,33.29467908659773,286000.0,218500.0,22.8,5000,0.45,
95,95,67,22.71109726696713,265000.0,236125.0,22.5,5000,0.4,
95,95,62,13.18032210459836,244000.0,265600.0,22.3,5000,0.4,
95,95,57,4.57336784234737,224000.0,289600.0,22.0,5000,0.4,
95,95,75,40.209106438197686,312000.0,227125.0,23.4,6250,0.45,
95,95,72,33.29467908659773,300000.0,225375.0,23.1,6250,0.45,
95,95,67,22.71109726696713,278000.0,269656.25,22.8,6250,0.4,
95,95,62,13.18032210459836,257000.0,305718.75,22.5,6250,0.4,
95,95,57,4.57336784234737,241000.0,323500.0,22.2,6250,0.4,
95,95,75,40.209106438197686,321000.0,238662.5,23.6,7500,0.45,
95,95,72,33.29467908659773,309000.0,256000.0,23.4,7500,0.45,
95,95,67,22.71109726696713,288000.0,301950.0,23.0,7500,0.45,
95,95,62,13.18032210459836,266000.0,341187.5,22.6,7500,0.4,
95,95,57,4.57336784234737,254000.0,343100.0,22.4,7500,0.4,
95,95,75,40.209106438197686,328000.0,243837.5,23.8,8750,0.45,
95,95,72,33.29467908659773,316000.0,282943.75,23.5,8750,0.45,
95,95,67,22.71109726696713,295000.0,331831.25,23.1,8750,0.45,
95,95,62,13.18032210459836,273000.0,374831.25,22.7,8750,0.4,
95,95,57,4.57336784234737,265000.0,358843.75,22.6,8750,0.4,
105,105,75,25.134478960440198,289000.0,253500.00000000003,25.7,5000,0.45,
105,105,72,20.023188783915575,277000.0,270500.0,25.6,5000,0.4,
105,105,67,12.199582426318207,256000.0,280250.0,25.3,5000,0.4,
105,105,62,5.154232900618418,235000.0,310375.0,25.1,5000,0.4,
105,105,57,-1.208208778700214,214000.0,329000.0,24.9,5000,0.4,
105,105,75,25.134478960440198,302000.0,292875.0,26.0,6250,0.45,
105,105,72,20.023188783915575,290000.0,279781.25,25.9,6250,0.45,
105,105,67,12.199582426318207,268000.0,324093.75,25.6,6250,0.4,
105,105,62,5.154232900618418,247000.0,360531.25,25.3,6250,0.4,
105,105,57,-1.208208778700214,231000.0,362062.5,25.0,6250,0.4,
105,105,75,25.134478960440198,311000.0,311562.5,26.2,7500,0.45,
105,105,72,20.023188783915575,298000.0,322125.0,26.0,7500,0.45,
105,105,67,12.199582426318207,277000.0,368312.5,25.8,7500,0.4,
105,105,62,5.154232900618418,255000.0,406312.5,25.5,7500,0.4,
105,105,57,-1.208208778700214,245000.0,389375.0,25.3,7500,0.4,
105,105,75,25.134478960440198,318000.0,316875.0,26.4,8750,0.45,
105,105,72,20.023188783915575,304000.0,360312.5,26.2,8750,0.45,
105,105,67,12.199582426318207,283000.0,407718.75,25.9,8750,0.45,
105,105,62,5.154232900618418,262000.0,448718.75,25.5,8750,0.4,
105,105,57,-1.208208778700214,257000.0,408593.75,25.4,8750,0.4,
115,115,75,15.364783472634224,278000.0,303500.0,28.7,5000,0.4,
115,115,72,11.542354609318652,266000.0,303175.0,28.6,5000,0.4,
115,115,67,5.6915463547121385,245000.0,324475.0,28.5,5000,0.4,
115,115,62,0.4227499355871669,224000.0,354325.0,28.6,5000,0.4,
115,115,57,-4.335340463562447,207000.0,364700.0,28.3,5000,0.35,
115,115,75,15.364783472634224,289000.0,357625.0,29.0,6250,0.45,
115,115,72,11.542354609318652,278000.0,333906.25,28.9,6250,0.4,
115,115,67,5.6915463547121385,256000.0,379937.5,28.7,6250,0.4,
115,115,62,0.4227499355871669,236000.0,414343.75,28.7,6250,0.4,
115,115,57,-4.335340463562447,223000.0,405875.0,28.5,6250,0.4,
115,115,75,15.364783472634224,298000.0,337675.0,29.2,7500,0.45,
115,115,72,11.542354609318652,285000.0,388662.5,29.1,7500,0.45,
115,115,67,5.6915463547121385,264000.0,433437.5,28.9,7500,0.4,
115,115,62,0.4227499355871669,243000.0,470437.5,28.7,7500,0.4,
115,115,57,-4.335340463562447,236000.0,429462.5,28.5,7500,0.4,
115,115,75,15.364783472634224,305000.0,392762.50000000006,29.4,8750,0.45,
115,115,72,11.542354609318652,290000.0,437606.25,29.1,8750,0.45,
115,115,67,5.6915463547121385,270000.0,485975.00000000006,28.9,8750,0.4,
115,115,62,0.4227499355871669,250000.0,518237.50000000006,28.7,8750,0.4,
115,115,57,-4.335340463562447,247000.0,449125.0,28.6,8750,0.4,
75,75,75,100.0,361000.0,112800.0,19.6,10000,0.55,
75,75,72,86.86087380057108,346000.0,140400.0,19.2,10000,0.45,
75,75,67,66.74944445162711,321000.0,189300.0,18.7,10000,0.45,
75,75,62,48.63860876430596,297000.0,236850.0,18.2,10000,0.45,
75,75,57,32.283261821762586,291000.0,257300.0,18.1,10000,0.45,
75,75,75,100.0,367000.0,112043.75,19.7,11250,0.55,
75,75,72,86.86087380057108,351000.0,143568.75,19.3,11250,0.55,
75,75,67,66.74944445162711,326000.0,198331.25,18.8,11250,0.45,
75,75,62,48.63860876430596,303000.0,246568.75,18.4,11250,0.45,
75,75,57,32.283261821762586,300000.0,265181.25,18.3,11250,0.45,
75,75,75,100.0,372000.0,111937.5,19.8,12500,0.55,
75,75,72,86.86087380057108,355000.0,147875.0,19.4,12500,0.55,
75,75,67,66.74944445162711,330000.0,206500.0,18.9,12500,0.45,
75,75,62,48.63860876430596,309000.0,254625.0,18.5,12500,0.45,
75,75,57,32.283261821762586,307000.0,271750.0,18.4,12500,0.45,
85,85,75,63.568780189914186,348000.0,188850.0,21.6,10000,0.45,
85,85,72,54.099349355922776,332000.0,222600.0,21.3,10000,0.45,
85,85,67,39.60494643278111,310000.0,274700.0,20.8,10000,0.45,
85,85,62,26.552380890460263,288000.0,319150.0,20.4,10000,0.45,
85,85,57,14.765004447947758,283000.0,315600.0,20.3,10000,0.45,
85,85,75,63.568780189914186,353000.0,199575.0,21.8,11250,0.55,
85,85,72,54.099349355922776,337000.0,236431.25,21.4,11250,0.45,
85,85,67,39.60494643278111,315000.0,293668.75,20.9,11250,0.45,
85,85,62,26.552380890460263,294000.0,335193.75,20.5,11250,0.45,
85,85,57,14.765004447947758,291000.0,324581.25,20.4,11250,0.45,
85,85,75,63.568780189914186,357000.0,210750.0,21.8,12500,0.55,
85,85,72,54.099349355922776,341000.0,250812.5,21.5,12500,0.45,
85,85,67,39.60494643278111,318000.0,311500.0,21.0,12500,0.45,
85,85,62,26.552380890460263,299000.0,346375.0,20.6,12500,0.45,
85,85,57,14.765004447947758,299000.0,333562.5,20.6,12500,0.45,
95,95,75,40.209106438197686,335000.0,269400.0,23.9,10000,0.45,
95,95,72,33.29467908659773,321000.0,308650.0,23.6,10000,0.45,
95,95,67,22.71109726696713,300000.0,361300.0,23.2,10000,0.45,
95,95,62,13.18032210459836,278000.0,403650.0,22.8,10000,0.4,
95,95,57,4.57336784234737,275000.0,372350.0,22.7,10000,0.4,
95,95,75,40.209106438197686,340000.0,292931.25,24.0,11250,0.45,
95,95,72,33.29467908659773,325000.0,334356.25,23.7,11250,0.45,
95,95,67,22.71109726696713,304000.0,390356.25,23.3,11250,0.45,
95,95,62,13.18032210459836,284000.0,422075.0,22.9,11250,0.45,
95,95,57,4.57336784234737,283000.0,383237.5,22.9,11250,0.45,
95,95,75,40.209106438197686,343000.0,313812.5,24.1,12500,0.45,
95,95,72,33.29467908659773,330000.0,354937.5,23.8,12500,0.45,
95,95,67,22.71109726696713,308000.0,418000.0,23.4,12500,0.45,
95,95,62,13.18032210459836,290000.0,436437.5,23.0,12500,0.45,
95,95,57,4.57336784234737,290000.0,393125.0,23.0,12500,0.45,
105,105,75,25.134478960440198,323000.0,354500.0,26.6,10000,0.45,
105,105,72,20.023188783915575,310000.0,397500.0,26.3,10000,0.45,
105,105,67,12.199582426318207,288000.0,447500.0,26.0,10000,0.45,
105,105,62,5.154232900618418,268000.0,474500.0,25.5,10000,0.4,
105,105,57,-1.208208778700214,266000.0,422750.0,25.5,10000,0.4,
105,105,75,25.134478960440198,328000.0,387312.5,26.7,11250,0.45,
105,105,72,20.023188783915575,314000.0,427500.0,26.4,11250,0.45,
105,105,67,12.199582426318207,292000.0,485593.75,26.0,11250,0.45,
105,105,62,5.154232900618418,275000.0,493843.75,25.6,11250,0.4,
105,105,57,-1.208208778700214,274000.0,434875.0,25.7,11250,0.4,
105,105,75,25.134478960440198,331000.0,419125.00000000006,26.8,12500,0.45,
105,105,72,20.023188783915575,318000.0,459562.5,26.5,12500,0.45,
105,105,67,12.199582426318207,296000.0,523000.00000000006,26.1,12500,0.45,
105,105,62,5.154232900618418,280000.0,517187.5,25.8,12500,0.4,
105,105,57,-1.208208778700214,280000.0,445000.0,25.8,12500,0.4,
115,115,75,15.364783472634224,309000.0,440150.0,29.6,10000,0.45,
115,115,72,11.542354609318652,297000.0,478850.00000000006,29.4,10000,0.45,
115,115,67,5.6915463547121385,275000.0,532700.0,29.0,10000,0.4,
115,115,62,0.4227499355871669,256000.0,550450.0,28.7,10000,0.4,
115,115,57,-4.335340463562447,255000.0,462900.0,28.7,10000,0.4,
115,115,75,15.364783472634224,313000.0,484168.75000000006,29.7,11250,0.45,
115,115,72,11.542354609318652,300000.0,521500.00000000006,29.4,11250,0.45,
115,115,67,5.6915463547121385,278000.0,580831.25,29.1,11250,0.4,
115,115,62,0.4227499355871669,263000.0,564187.5,28.8,11250,0.4,
115,115,57,-4.335340463562447,263000.0,479562.5,28.8,11250,0.4,
115,115,75,15.364783472634224,317000.0,527187.5,29.8,12500,0.45,
115,115,72,11.542354609318652,303000.0,564187.5,29.5,12500,0.45,
115,115,67,5.6915463547121385,281000.0,628000.0,29.1,12500,0.45,
115,115,62,0.4227499355871669,269000.0,586625.0,28.9,12500,0.4,
115,115,57,-4.335340463562447,269000.0,490375.0,28.9,12500,0.4,
-------------,-------------,-------------,-------------,-------------,-------------,-------------,-------------,-------------,-------------
75,75,75,100.0,339000.0,119025.0,19.0,5500,0.45,
75,75,72,86.86087380057108,324000.0,135025.0,18.7,5500,0.45,
75,75,67,66.74944445162711,297000.0,160507.5,18.3,5500,0.45,
75,75,62,48.63860876430596,273000.0,188297.5,17.9,5500,0.4,
75,75,57,32.283261821762586,251000.0,215297.5,17.6,5500,0.4,
75,75,75,100.0,356000.0,121281.25,19.4,6875,0.55,
75,75,72,86.86087380057108,340000.0,137255.0,19.0,6875,0.45,
75,75,67,66.74944445162711,312000.0,171756.25,18.5,6875,0.45,
75,75,62,48.63860876430596,288000.0,207000.0,18.1,6875,0.45,
75,75,57,32.283261821762586,268000.0,234646.875,17.8,6875,0.4,
75,75,75,100.0,368000.0,112946.25,19.6,8250,0.55,
75,75,72,86.86087380057108,351000.0,143576.25,19.3,8250,0.55,
75,75,67,66.74944445162711,323000.0,183761.25,18.7,8250,0.45,
75,75,62,48.63860876430596,298000.0,223853.75,18.3,8250,0.45,
75,75,57,32.283261821762586,283000.0,249752.5,18.1,8250,0.45,
75,75,75,100.0,377000.0,122740.625,19.8,9625,0.55,
75,75,72,86.86087380057108,359000.0,146976.25,19.4,9625,0.55,
75,75,67,66.74944445162711,331000.0,193917.5,18.9,9625,0.45,
75,75,62,48.63860876430596,305000.0,239388.125,18.5,9625,0.45,
75,75,57,32.283261821762586,296000.0,261446.25,18.3,9625,0.45,
85,85,75,63.568780189914186,329000.0,152975.0,21.1,5500,0.45,
85,85,72,54.099349355922776,313000.0,177202.0,20.8,5500,0.45,
85,85,67,39.60494643278111,289000.0,208097.5,20.4,5500,0.45,
85,85,62,26.552380890460263,265000.0,237702.5,20.1,5500,0.4,
85,85,57,14.765004447947758,243000.0,263702.5,19.8,5500,0.4,
85,85,75,63.568780189914186,344000.0,164718.75,21.5,6875,0.45,
85,85,72,54.099349355922776,329000.0,193596.875,21.2,6875,0.45,
85,85,67,39.60494643278111,303000.0,233243.75,20.7,6875,0.45,
85,85,62,26.552380890460263,279000.0,269000.0,20.4,6875,0.4,
85,85,57,14.765004447947758,262000.0,291975.0,20.1,6875,0.4,
85,85,75,63.568780189914186,355000.0,188303.0,21.7,8250,0.55,
85,85,72,54.099349355922776,339000.0,211877.5,21.4,8250,0.45,
85,85,67,39.60494643278111,313000.0,256692.5,20.9,8250,0.45,
85,85,62,26.552380890460263,289000.0,300692.5,20.5,8250,0.45,
85,85,57,14.765004447947758,276000.0,308340.0,20.3,8250,0.4,
85,85,75,63.568780189914186,364000.0,195847.5,21.9,9625,0.55,
85,85,72,54.099349355922776,346000.0,229553.125,21.5,9625,0.45,
85,85,67,39.60494643278111,321000.0,278611.875,21.1,9625,0.45,
85,85,62,26.552380890460263,295000.0,323082.5,20.6,9625,0.45,
85,85,57,14.765004447947758,288000.0,321495.0,20.5,9625,0.45,
95,95,75,40.209106438197686,319000.0,220750.0,23.5,5500,0.45,
95,95,72,33.29467908659773,305000.0,231490.0,23.3,5500,0.45,
95,95,67,22.71109726696713,280000.0,256952.5,23.0,5500,0.4,
95,95,62,13.18032210459836,256000.0,288675.0,22.7,5500,0.4,
95,95,57,4.57336784234737,235000.0,308952.5,22.4,5500,0.4,
95,95,75,40.209106438197686,333000.0,235690.625,23.8,6875,0.45,
95,95,72,33.29467908659773,319000.0,251884.375,23.6,6875,0.45,
95,95,67,22.71109726696713,293000.0,294690.625,23.3,6875,0.45,
95,95,62,13.18032210459836,270000.0,333825.0,23.0,6875,0.4,
95,95,57,4.57336784234737,254000.0,342481.25,22.6,6875,0.4,
95,95,75,40.209106438197686,344000.0,270235.0,24.1,8250,0.45,
95,95,72,33.29467908659773,328000.0,284983.75,23.8,8250,0.45,
95,95,67,22.71109726696713,303000.0,331067.5,23.4,8250,0.45,
95,95,62,13.18032210459836,278000.0,372428.75,23.1,8250,0.4,
95,95,57,4.57336784234737,268000.0,363287.5,22.9,8250,0.4,
95,95,75,40.209106438197686,352000.0,275285.625,24.3,9625,0.55,
95,95,72,33.29467908659773,335000.0,313814.375,24.0,9625,0.45,
95,95,67,22.71109726696713,309000.0,364990.625,23.6,9625,0.45,
95,95,62,13.18032210459836,285000.0,406402.5,23.1,9625,0.45,
95,95,57,4.57336784234737,280000.0,380051.875,23.1,9625,0.4,
105,105,75,25.134478960440198,309000.0,276250.0,26.3,5500,0.45,
105,105,72,20.023188783915575,294000.0,284662.5,26.1,5500,0.45,
105,105,67,12.199582426318207,269000.0,306100.0,25.9,5500,0.4,
105,105,62,5.154232900618418,246000.0,338125.0,25.7,5500,0.4,
105,105,57,-1.208208778700214,228000.0,353050.0,25.4,5500,0.4,
105,105,75,25.134478960440198,322000.0,303156.25,26.6,6875,0.45,
105,105,72,20.023188783915575,307000.0,312921.875,26.4,6875,0.45,
105,105,67,12.199582426318207,282000.0,356484.375,26.2,6875,0.45,
105,105,62,5.154232900618418,258000.0,392375.0,25.9,6875,0.4,
105,105,57,-1.208208778700214,244000.0,387687.5,25.7,6875,0.4,
105,105,75,25.134478960440198,332000.0,312156.25,26.9,8250,0.45,
105,105,72,20.023188783915575,316000.0,358575.0,26.7,8250,0.45,
105,105,67,12.199582426318207,290000.0,404112.5,26.3,8250,0.45,
105,105,62,5.154232900618418,266000.0,443112.5,26.0,8250,0.4,
105,105,57,-1.208208778700214,258000.0,410006.25,25.8,8250,0.4,
105,105,75,25.134478960440198,339000.0,360750.0,27.0,9625,0.45,
105,105,72,20.023188783915575,323000.0,400337.5,26.8,9625,0.45,
105,105,67,12.199582426318207,297000.0,449984.375,26.4,9625,0.45,
105,105,62,5.154232900618418,274000.0,481043.75,26.0,9625,0.4,
105,105,57,-1.208208778700214,270000.0,428812.5,26.0,9625,0.4,
115,115,75,15.364783472634224,296000.0,331750.0,29.3,5500,0.45,
115,115,72,11.542354609318652,281000.0,308400.0,29.3,5500,0.45,
115,115,67,5.6915463547121385,257000.0,354340.0,29.4,5500,0.4,
115,115,62,0.4227499355871669,235000.0,386575.0,29.5,5500,0.4,
115,115,57,-4.335340463562447,220000.0,389517.5,29.3,5500,0.4,
115,115,75,15.364783472634224,309000.0,372512.50000000006,29.7,6875,0.45,
115,115,72,11.542354609318652,293000.0,375984.375,29.6,6875,0.45,
115,115,67,5.6915463547121385,269000.0,418925.0,29.5,6875,0.4,
115,115,62,0.4227499355871669,246000.0,453925.0,29.5,6875,0.4,
115,115,57,-4.335340463562447,235000.0,428221.875,29.4,6875,0.4,
115,115,75,15.364783472634224,317000.0,387923.75,30.0,8250,0.45,
115,115,72,11.542354609318652,302000.0,431981.25,29.8,8250,0.45,
115,115,67,5.6915463547121385,277000.0,479333.75000000006,29.6,8250,0.4,
115,115,62,0.4227499355871669,254000.0,515157.5,29.5,8250,0.4,
115,115,57,-4.335340463562447,249000.0,455456.25,29.4,8250,0.4,
115,115,75,15.364783472634224,324000.0,444155.62500000006,30.2,9625,0.45,
115,115,72,11.542354609318652,308000.0,483272.50000000006,29.9,9625,0.45,
115,115,67,5.6915463547121385,282000.0,533978.125,29.7,9625,0.45,
115,115,62,0.4227499355871669,262000.0,550450.0,29.4,9625,0.4,
115,115,57,-4.335340463562447,259000.0,473926.25000000006,29.4,9625,0.4,
75,75,75,100.0,384000.0,121855.0,19.9,11000,0.55,
75,75,72,86.86087380057108,365000.0,151830.0,19.6,11000,0.55,
75,75,67,66.74944445162711,337000.0,204225.0,19.0,11000,0.45,
75,75,62,48.63860876430596,311000.0,251830.0,18.6,11000,0.45,
75,75,57,32.283261821762586,307000.0,271140.0,18.5,11000,0.45,
75,75,75,100.0,389000.0,121406.25,20.0,12375,0.55,
75,75,72,86.86087380057108,371000.0,155364.375,19.7,12375,0.55,
75,75,67,66.74944445162711,342000.0,213683.75,19.1,12375,0.45,
75,75,62,48.63860876430596,319000.0,257767.5,18.7,12375,0.45,
75,75,57,32.283261821762586,316000.0,279060.625,18.7,12375,0.45,
75,75,75,100.0,394000.0,122562.5,20.1,13750,0.55,
75,75,72,86.86087380057108,375000.0,159050.0,19.8,13750,0.55,
75,75,67,66.74944445162711,346000.0,223293.75,19.2,13750,0.45,
75,75,62,48.63860876430596,324000.0,269343.75,18.8,13750,0.45,
75,75,57,32.283261821762586,324000.0,285981.25,18.8,13750,0.45,
85,85,75,63.568780189914186,370000.0,209750.0,22.0,11000,0.55,
85,85,72,54.099349355922776,353000.0,245170.0,21.7,11000,0.55,
85,85,67,39.60494643278111,326000.0,299775.0,21.2,11000,0.45,
85,85,62,26.552380890460263,302000.0,342565.0,20.8,11000,0.45,
85,85,57,14.765004447947758,299000.0,334255.0,20.7,11000,0.45,
85,85,75,63.568780189914186,375000.0,223274.375,22.1,12375,0.55,
85,85,72,54.099349355922776,358000.0,260635.625,21.8,12375,0.55,
85,85,67,39.60494643278111,331000.0,320316.25,21.3,12375,0.45,
85,85,62,26.552380890460263,309000.0,350871.25,20.9,12375,0.45,
85,85,57,14.765004447947758,307000.0,343258.75,20.8,12375,0.45,
85,85,75,63.568780189914186,380000.0,235193.75,22.2,13750,0.55,
85,85,72,54.099349355922776,362000.0,274950.0,21.9,13750,0.55,
85,85,67,39.60494643278111,334000.0,339706.25,21.3,13750,0.45,
85,85,62,26.552380890460263,315000.0,368143.75,21.0,13750,0.45,
85,85,57,14.765004447947758,315000.0,351506.25,21.0,13750,0.45,
95,95,75,40.209106438197686,358000.0,303385.0,24.4,11000,0.55,
95,95,72,33.29467908659773,342000.0,340830.0,24.1,11000,0.45,
95,95,67,22.71109726696713,315000.0,397460.0,23.7,11000,0.45,
95,95,62,13.18032210459836,292000.0,425570.0,23.3,11000,0.45,
95,95,57,4.57336784234737,290000.0,393455.0,23.2,11000,0.45,
95,95,75,40.209106438197686,363000.0,329350.0,24.5,12375,0.55,
95,95,72,33.29467908659773,346000.0,367391.875,24.2,12375,0.45,
95,95,67,22.71109726696713,319000.0,427433.75,23.8,12375,0.45,
95,95,62,13.18032210459836,299000.0,444056.875,23.4,12375,0.45,
95,95,57,4.57336784234737,298000.0,404177.5,23.4,12375,0.45,
95,95,75,40.209106438197686,368000.0,352231.25,24.7,13750,0.55,
95,95,72,33.29467908659773,350000.0,394768.75,24.3,13750,0.45,
95,95,67,22.71109726696713,322000.0,458768.75,23.8,13750,0.45,
95,95,62,13.18032210459836,306000.0,462543.75,23.5,13750,0.45,
95,95,57,4.57336784234737,305000.0,413900.0,23.5,13750,0.45,
105,105,75,25.134478960440198,345000.0,397000.0,27.2,11000,0.45,
105,105,72,20.023188783915575,328000.0,439075.0,26.9,11000,0.45,
105,105,67,12.199582426318207,301000.0,494100.0,26.5,11000,0.45,
105,105,62,5.154232900618418,281000.0,504900.0,26.1,11000,0.45,
105,105,57,-1.208208778700214,280000.0,446375.0,26.1,11000,0.4,
105,105,75,25.134478960440198,350000.0,434250.00000000006,27.4,12375,0.45,
105,105,72,20.023188783915575,332000.0,476056.25000000006,27.1,12375,0.45,
105,105,67,12.199582426318207,305000.0,534056.25,26.6,12375,0.45,
105,105,62,5.154232900618418,288000.0,530025.0,26.2,12375,0.45,
105,105,57,-1.208208778700214,288000.0,458156.25,26.3,12375,0.45,
105,105,75,25.134478960440198,353000.0,470500.00000000006,27.5,13750,0.55,
105,105,72,20.023188783915575,336000.0,508500.00000000006,27.1,13750,0.45,
105,105,67,12.199582426318207,308000.0,575281.25,26.6,13750,0.45,
105,105,62,5.154232900618418,295000.0,540781.25,26.4,13750,0.45,
105,105,57,-1.208208778700214,295000.0,468937.5,26.4,13750,0.45,
115,115,75,15.364783472634224,329000.0,494035.00000000006,30.4,11000,0.45,
115,115,72,11.542354609318652,312000.0,538740.0,30.0,11000,0.45,
115,115,67,5.6915463547121385,287000.0,590740.0,29.7,11000,0.45,
115,115,62,0.4227499355871669,268000.0,594095.0,29.5,11000,0.4,
115,115,57,-4.335340463562447,268000.0,492455.0,29.5,11000,0.4,
115,115,75,15.364783472634224,333000.0,542914.375,30.6,12375,0.45,
115,115,72,11.542354609318652,316000.0,582678.75,30.2,12375,0.45,
115,115,67,5.6915463547121385,290000.0,645443.125,29.7,12375,0.45,
115,115,62,0.4227499355871669,276000.0,604741.875,29.5,12375,0.4,
115,115,57,-4.335340463562447,276000.0,504690.0,29.5,12375,0.4,
115,115,75,15.364783472634224,336000.0,591793.75,30.7,13750,0.45,
115,115,72,11.542354609318652,320000.0,629793.75,30.3,13750,0.45,
115,115,67,5.6915463547121385,293000.0,691793.75,29.8,13750,0.45,
115,115,62,0.4227499355871669,283000.0,616506.25,29.6,13750,0.45,
115,115,57,-4.335340463562447,282000.0,514925.0,29.6,13750,0.45,
-------------,-------------,-------------,-------------,-------------,-------------,-------------,-------------,-------------,-------------
75,75,75,100.0,370000.0,130300.0,20.2,6000,0.55,
75,75,72,86.86087380057108,354000.0,148300.0,19.9,6000,0.55,
75,75,67,66.74944445162711,325000.0,174200.0,19.5,6000,0.45,
75,75,62,48.63860876430596,298000.0,204540.0,19.2,6000,0.45,
75,75,57,32.283261821762586,272000.0,233540.0,18.8,6000,0.4,
75,75,75,100.0,389000.0,131125.0,20.6,7500,0.55,
75,75,72,86.86087380057108,371000.0,150887.5,20.3,7500,0.55,
75,75,67,66.74944445162711,342000.0,188000.0,19.8,7500,0.45,
75,75,62,48.63860876430596,314000.0,225587.5,19.4,7500,0.45,
75,75,57,32.283261821762586,293000.0,254300.0,18.9,7500,0.45,
75,75,75,100.0,401000.0,124295.0,20.9,9000,0.65,
75,75,72,86.86087380057108,384000.0,154780.0,20.6,9000,0.55,
75,75,67,66.74944445162711,354000.0,200295.0,20.1,9000,0.55,
75,75,62,48.63860876430596,325000.0,244800.0,19.6,9000,0.45,
75,75,57,32.283261821762586,309000.0,272730.0,19.3,9000,0.45,
75,75,75,100.0,411000.0,131375.0,21.1,10500,0.65,
75,75,72,86.86087380057108,392000.0,159910.0,20.7,10500,0.55,
75,75,67,66.74944445162711,362000.0,211755.0,20.2,10500,0.55,
75,75,62,48.63860876430596,334000.0,261755.0,19.8,10500,0.45,
75,75,57,32.283261821762586,323000.0,285305.0,19.5,10500,0.45,
85,85,75,63.568780189914186,362000.0,167700.0,22.8,6000,0.55,
85,85,72,54.099349355922776,345000.0,186700.0,22.5,6000,0.45,
85,85,67,39.60494643278111,316000.0,227800.0,22.1,6000,0.45,
85,85,62,26.552380890460263,288000.0,258584.0,21.8,6000,0.45,
85,85,57,14.765004447947758,263000.0,286460.0,21.4,6000,0.4,
85,85,75,63.568780189914186,379000.0,179875.0,23.2,7500,0.55,
85,85,72,54.099349355922776,361000.0,213937.5,22.9,7500,0.55,
85,85,67,39.60494643278111,332000.0,255000.0,22.5,7500,0.45,
85,85,62,26.552380890460263,303000.0,293412.5,22.1,7500,0.45,
85,85,57,14.765004447947758,276000.0,311587.5,21.6,7500,0.4,
85,85,75,63.568780189914186,391000.0,200270.0,23.5,9000,0.55,
85,85,72,54.099349355922776,373000.0,234220.0,23.2,9000,0.55,
85,85,67,39.60494643278111,343000.0,280705.0,22.7,9000,0.45,
85,85,62,26.552380890460263,314000.0,325200.0,22.3,9000,0.45,
85,85,57,14.765004447947758,300000.0,335280.0,22.0,9000,0.45,
85,85,75,63.568780189914186,400000.0,217202.5,23.7,10500,0.55,
85,85,72,54.099349355922776,381000.0,252090.0,23.4,10500,0.55,
85,85,67,39.60494643278111,351000.0,305245.0,22.9,10500,0.55,
85,85,62,26.552380890460263,322000.0,354245.0,22.4,10500,0.45,
85,85,57,14.765004447947758,315000.0,352117.5,22.2,10500,0.45,
95,95,75,40.209106438197686,351000.0,242000.0,25.7,6000,0.55,
95,95,72,33.29467908659773,334000.0,251100.0,25.5,6000,0.45,
95,95,67,22.71109726696713,305000.0,282110.0,25.1,6000,0.45,
95,95,62,13.18032210459836,278000.0,315090.0,25.1,6000,0.4,
95,95,57,4.57336784234737,255000.0,337120.0,24.7,6000,0.4,
95,95,75,40.209106438197686,367000.0,274750.0,26.1,7500,0.55,
95,95,72,33.29467908659773,349000.0,279950.0,25.9,7500,0.45,
95,95,67,22.71109726696713,320000.0,322900.0,25.5,7500,0.45,
95,95,62,13.18032210459836,292000.0,363375.0,25.3,7500,0.45,
95,95,57,4.57336784234737,274000.0,371762.5,25.0,7500,0.4,
95,95,75,40.209106438197686,379000.0,274345.0,26.4,9000,0.55,
95,95,72,33.29467908659773,360000.0,314225.0,26.2,9000,0.55,
95,95,67,22.71109726696713,330000.0,362195.0,25.8,9000,0.45,
95,95,62,13.18032210459836,302000.0,407680.0,25.4,9000,0.45,
95,95,57,4.57336784234737,291000.0,394950.0,25.1,9000,0.45,
95,95,75,40.209106438197686,387000.0,308332.5,26.7,10500,0.55,
95,95,72,33.29467908659773,368000.0,347262.5,26.3,10500,0.55,
95,95,67,22.71109726696713,338000.0,399995.0,25.9,10500,0.45,
95,95,62,13.18032210459836,310000.0,445262.5,25.4,10500,0.45,
95,95,57,4.57336784234737,305000.0,414147.5,25.3,10500,0.45,
105,105,75,25.134478960440198,339000.0,303000.0,29.0,6000,0.45,
105,105,72,20.023188783915575,322000.0,289000.0,28.9,6000,0.45,
105,105,67,12.199582426318207,293000.0,335850.0,29.0,6000,0.45,
105,105,62,5.154232900618418,267000.0,369150.0,29.3,6000,0.4,
105,105,57,-1.208208778700214,247000.0,382250.0,28.7,6000,0.4,
105,105,75,25.134478960440198,353000.0,326437.5,29.3,7500,0.55,
105,105,72,20.023188783915575,336000.0,346312.5,29.3,7500,0.45,
105,105,67,12.199582426318207,307000.0,392562.5,29.3,7500,0.45,
105,105,62,5.154232900618418,280000.0,431625.0,29.4,7500,0.4,
105,105,57,-1.208208778700214,265000.0,421750.0,29.1,7500,0.4,
105,105,75,25.134478960440198,364000.0,353000.0,29.8,9000,0.55,
105,105,72,20.023188783915575,346000.0,395850.0,29.5,9000,0.45,
105,105,67,12.199582426318207,317000.0,445800.0,29.4,9000,0.45,
105,105,62,5.154232900618418,290000.0,488800.0,29.3,9000,0.45,
105,105,57,-1.208208778700214,281000.0,446825.0,29.0,9000,0.45,
105,105,75,25.134478960440198,372000.0,399775.00000000006,30.1,10500,0.55,
105,105,72,20.023188783915575,353000.0,443325.0,29.6,10500,0.55,
105,105,67,12.199582426318207,324000.0,494325.0,29.5,10500,0.45,
105,105,62,5.154232900618418,297000.0,533550.0,29.2,10500,0.45,
105,105,57,-1.208208778700214,294000.0,467250.0,29.1,10500,0.45,
115,115,75,15.364783472634224,326000.0,363000.0,32.8,6000,0.45,
115,115,72,11.542354609318652,309000.0,347040.0,33.1,6000,0.45,
115,115,67,5.6915463547121385,281000.0,391900.0,33.8,6000,0.45,
115,115,62,0.4227499355871669,256000.0,426520.00000000006,34.3,6000,0.4,
115,115,57,-4.335340463562447,237000.0,429040.0,34.3,6000,0.4,
115,115,75,15.364783472634224,339000.0,361450.0,33.3,7500,0.45,
115,115,72,11.542354609318652,322000.0,417212.5,33.4,7500,0.45,
115,115,67,5.6915463547121385,294000.0,460987.5,33.8,7500,0.45,
115,115,62,0.4227499355871669,268000.0,500875.0,34.2,7500,0.4,
115,115,57,-4.335340463562447,256000.0,469675.0,34.0,7500,0.4,
115,115,75,15.364783472634224,349000.0,434130.00000000006,33.8,9000,0.45,
115,115,72,11.542354609318652,331000.0,479455.00000000006,33.5,9000,0.45,
115,115,67,5.6915463547121385,303000.0,526920.0,33.8,9000,0.45,
115,115,62,0.4227499355871669,277000.0,565455.0,34.0,9000,0.4,
115,115,57,-4.335340463562447,271000.0,496225.0,33.8,9000,0.4,
115,115,75,15.364783472634224,356000.0,493527.5,34.1,10500,0.55,
115,115,72,11.542354609318652,338000.0,537655.0,34.0,10500,0.45,
115,115,67,5.6915463547121385,309000.0,591697.5,33.8,10500,0.45,
115,115,62,0.4227499355871669,286000.0,607442.5,33.5,10500,0.45,
115,115,57,-4.335340463562447,283000.0,517465.00000000006,33.7,10500,0.45,
75,75,75,100.0,419000.0,130680.0,21.3,12000,0.65,
75,75,72,86.86087380057108,399000.0,164040.0,20.9,12000,0.55,
75,75,67,66.74944445162711,369000.0,222380.0,20.4,12000,0.55,
75,75,62,48.63860876430596,340000.0,275700.0,19.9,12000,0.45,
75,75,57,32.283261821762586,336000.0,296880.0,19.7,12000,0.45,
75,75,75,100.0,426000.0,132140.0,21.4,13500,0.65,
75,75,72,86.86087380057108,406000.0,168655.0,21.0,13500,0.65,
75,75,67,66.74944445162711,374000.0,232170.0,20.5,13500,0.55,
75,75,62,48.63860876430596,347000.0,285625.0,19.9,13500,0.45,
75,75,57,32.283261821762586,346000.0,305702.5,19.9,13500,0.45,
75,75,75,100.0,430000.0,132600.0,21.5,15000,0.65,
75,75,72,86.86087380057108,411000.0,172950.0,21.1,15000,0.65,
75,75,67,66.74944445162711,379000.0,242125.0,20.6,15000,0.55,
75,75,62,48.63860876430596,356000.0,292200.0,20.1,15000,0.55,
75,75,57,32.283261821762586,354000.0,312525.0,20.1,15000,0.55,
85,85,75,63.568780189914186,408000.0,232980.0,23.9,12000,0.65,
85,85,72,54.099349355922776,388000.0,269960.0,23.5,12000,0.55,
85,85,67,39.60494643278111,357000.0,328620.0,23.0,12000,0.55,
85,85,62,26.552380890460263,329000.0,374980.0,22.5,12000,0.45,
85,85,57,14.765004447947758,326000.0,364460.0,22.4,12000,0.45,
85,85,75,63.568780189914186,414000.0,246602.5,24.0,13500,0.65,
85,85,72,54.099349355922776,394000.0,287087.5,23.7,13500,0.55,
85,85,67,39.60494643278111,362000.0,351830.0,23.1,13500,0.55,
85,85,62,26.552380890460263,338000.0,385405.0,22.6,13500,0.45,
85,85,57,14.765004447947758,336000.0,375555.0,22.6,13500,0.45,
85,85,75,63.568780189914186,418000.0,260225.0,24.1,15000,0.65,
85,85,72,54.099349355922776,398000.0,303050.0,23.8,15000,0.55,
85,85,67,39.60494643278111,366000.0,372875.0,23.2,15000,0.55,
85,85,62,26.552380890460263,344000.0,395800.0,22.7,15000,0.45,
85,85,57,14.765004447947758,345000.0,385650.0,22.8,15000,0.45,
95,95,75,40.209106438197686,394000.0,337360.0,26.9,12000,0.55,
95,95,72,33.29467908659773,375000.0,377320.0,26.6,12000,0.55,
95,95,67,22.71109726696713,344000.0,436300.0,26.0,12000,0.45,
95,95,62,13.18032210459836,318000.0,468420.0,25.4,12000,0.45,
95,95,57,4.57336784234737,316000.0,428860.0,25.5,12000,0.45,
95,95,75,40.209106438197686,399000.0,364655.0,27.0,13500,0.55,
95,95,72,33.29467908659773,380000.0,405882.5,26.7,13500,0.55,
95,95,67,22.71109726696713,348000.0,471110.0,26.1,13500,0.45,
95,95,62,13.18032210459836,328000.0,480380.0,25.6,13500,0.45,
95,95,57,4.57336784234737,326000.0,441830.0,25.6,13500,0.45,
95,95,75,40.209106438197686,403000.0,389475.0,27.2,15000,0.65,
95,95,72,33.29467908659773,384000.0,433950.0,26.8,15000,0.55,
95,95,67,22.71109726696713,352000.0,505425.0,26.2,15000,0.55,
95,95,62,13.18032210459836,334000.0,504775.0,25.8,15000,0.45,
95,95,57,4.57336784234737,334000.0,452800.0,25.8,15000,0.45,
105,105,75,25.134478960440198,378000.0,443900.0,30.3,12000,0.55,
105,105,72,20.023188783915575,359000.0,482200.0,30.0,12000,0.55,
105,105,67,12.199582426318207,329000.0,542500.0,29.6,12000,0.45,
105,105,62,5.154232900618418,307000.0,551800.0,29.0,12000,0.45,
105,105,57,-1.208208778700214,305000.0,486500.0,29.2,12000,0.45,
105,105,75,25.134478960440198,383000.0,481425.00000000006,30.5,13500,0.55,
105,105,72,20.023188783915575,364000.0,523137.5,30.1,13500,0.55,
105,105,67,12.199582426318207,334000.0,589850.0,29.6,13500,0.45,
105,105,62,5.154232900618418,314000.0,581300.0,29.3,13500,0.45,
105,105,57,-1.208208778700214,314000.0,499625.0,29.3,13500,0.45,
105,105,75,25.134478960440198,387000.0,522250.00000000006,30.7,15000,0.55,
105,105,72,20.023188783915575,367000.0,563250.0,30.2,15000,0.55,
105,105,67,12.199582426318207,337000.0,636375.0,29.7,15000,0.45,
105,105,62,5.154232900618418,322000.0,594250.0,29.4,15000,0.45,
105,105,57,-1.208208778700214,322000.0,511750.0,29.3,15000,0.45,
115,115,75,15.364783472634224,361000.0,548460.0,34.4,12000,0.55,
115,115,72,11.542354609318652,343000.0,588080.0,34.2,12000,0.45,
115,115,67,5.6915463547121385,314000.0,649700.0,33.9,12000,0.45,
115,115,62,0.4227499355871669,295000.0,631880.0,33.4,12000,0.45,
115,115,57,-4.335340463562447,293000.0,537860.0,33.6,12000,0.45,
115,115,75,15.364783472634224,366000.0,603392.5,34.7,13500,0.55,
115,115,72,11.542354609318652,347000.0,641392.5,34.3,13500,0.45,
115,115,67,5.6915463547121385,318000.0,708590.0,33.9,13500,0.45,
115,115,62,0.4227499355871669,302000.0,660627.5,33.6,13500,0.45,
115,115,57,-4.335340463562447,302000.0,551480.0,33.6,13500,0.45,
115,115,75,15.364783472634224,369000.0,652550.0,34.9,15000,0.55,
115,115,72,11.542354609318652,351000.0,693550.0,34.4,15000,0.55,
115,115,67,5.6915463547121385,321000.0,761550.0,33.9,15000,0.45,
115,115,62,0.4227499355871669,310000.0,679600.0,33.7,15000,0.45,
115,115,57,-4.335340463562447,309000.0,563100.0,33.7,15000,0.45,
-------------,-------------,-------------,-------------,-------------,-------------,-------------,-------------,-------------,-------------
75,75,75,100.0,442000.0,154850.0,24.8,7000,0.65,
75,75,72,86.86087380057108,423000.0,181850.0,24.3,7000,0.65,
75,75,67,66.74944445162711,394000.0,225850.0,23.6,7000,0.55,
75,75,62,48.63860876430596,366000.0,265828.0,23.2,7000,0.55,
75,75,57,32.283261821762586,338000.0,302806.0,23.1,7000,0.45,
75,75,75,100.0,459000.0,158812.5,25.3,8750,0.65,
75,75,72,86.86087380057108,440000.0,191812.5,24.7,8750,0.65,
75,75,67,66.74944445162711,410000.0,243535.0,24.0,8750,0.65,
75,75,62,48.63860876430596,383000.0,295535.0,23.4,8750,0.55,
75,75,57,32.283261821762586,363000.0,320037.5,23.2,8750,0.55,
75,75,75,100.0,471000.0,161242.0,25.6,10500,0.65,
75,75,72,86.86087380057108,452000.0,199242.0,25.1,10500,0.65,
75,75,67,66.74944445162711,421000.0,261242.0,24.3,10500,0.65,
75,75,62,48.63860876430596,395000.0,319709.0,23.6,10500,0.55,
75,75,57,32.283261821762586,383000.0,337797.5,23.4,10500,0.55,
75,75,75,100.0,479000.0,163949.0,25.8,12250,0.65,
75,75,72,86.86087380057108,460000.0,206160.5,25.3,12250,0.65,
75,75,67,66.74944445162711,430000.0,277160.5,24.5,12250,0.65,
75,75,62,48.63860876430596,403000.0,339583.5,23.8,12250,0.65,
75,75,57,32.283261821762586,399000.0,351653.75,23.7,12250,0.55,
85,85,75,63.568780189914186,428000.0,198150.0,27.8,7000,0.65,
85,85,72,54.099349355922776,412000.0,225150.0,27.3,7000,0.65,
85,85,67,39.60494643278111,384000.0,270172.0,26.9,7000,0.55,
85,85,62,26.552380890460263,354000.0,310172.0,26.7,7000,0.55,
85,85,57,14.765004447947758,326000.0,348194.0,27.0,7000,0.45,
85,85,75,63.568780189914186,444000.0,214187.5,28.2,8750,0.65,
85,85,72,54.099349355922776,426000.0,247187.5,27.7,8750,0.65,
85,85,67,39.60494643278111,399000.0,301465.0,27.1,8750,0.55,
85,85,62,26.552380890460263,372000.0,352465.0,26.8,8750,0.55,
85,85,57,14.765004447947758,352000.0,393518.75,26.7,8750,0.55,
85,85,75,63.568780189914186,455000.0,230758.0,28.5,10500,0.65,
85,85,72,54.099349355922776,437000.0,268758.0,28.0,10500,0.65,
85,85,67,39.60494643278111,410000.0,331758.0,27.3,10500,0.65,
85,85,62,26.552380890460263,384000.0,394824.0,26.9,10500,0.55,
85,85,57,14.765004447947758,374000.0,418047.5,26.8,10500,0.55,
85,85,75,63.568780189914186,463000.0,248839.5,28.8,12250,0.65,
85,85,72,54.099349355922776,444000.0,291839.5,28.2,12250,0.65,
85,85,67,39.60494643278111,417000.0,363839.5,27.5,12250,0.65,
85,85,62,26.552380890460263,393000.0,435205.0,27.0,12250,0.55,
85,85,57,14.765004447947758,389000.0,434998.75,26.9,12250,0.55,
95,95,75,40.209106438197686,417000.0,285500.0,31.3,7000,0.65,
95,95,72,33.29467908659773,400000.0,312500.0,31.1,7000,0.55,
95,95,67,22.71109726696713,371000.0,353345.0,30.8,7000,0.55,
95,95,62,13.18032210459836,341000.0,393345.0,31.3,7000,0.45,
95,95,57,4.57336784234737,312000.0,424035.0,32.9,7000,0.45,
95,95,75,40.209106438197686,432000.0,323375.0,31.6,8750,0.65,
95,95,72,33.29467908659773,415000.0,356375.0,31.2,8750,0.65,
95,95,67,22.71109726696713,387000.0,407931.25,30.9,8750,0.55,
95,95,62,13.18032210459836,358000.0,456931.25,30.8,8750,0.55,
95,95,57,4.57336784234737,341000.0,462275.0,31.2,8750,0.45,
95,95,75,40.209106438197686,441000.0,359517.5,31.9,10500,0.65,
95,95,72,33.29467908659773,424000.0,398517.5,31.4,10500,0.65,
95,95,67,22.71109726696713,397000.0,458785.0,31.0,10500,0.55,
95,95,62,13.18032210459836,370000.0,516052.5,30.8,10500,0.55,
95,95,57,4.57336784234737,362000.0,491937.5,30.7,10500,0.55,
95,95,75,40.209106438197686,447000.0,395082.5,32.1,12250,0.65,
95,95,72,33.29467908659773,431000.0,439082.5,31.6,12250,0.65,
95,95,67,22.71109726696713,405000.0,511082.5,31.0,12250,0.65,
95,95,62,13.18032210459836,380000.0,568018.75,30.8,12250,0.55,
95,95,57,4.57336784234737,378000.0,513423.75,30.8,12250,0.55,
105,105,75,25.134478960440198,403000.0,357500.0,35.5,7000,0.65,
105,105,72,20.023188783915575,385000.0,383500.0,35.4,7000,0.55,
105,105,67,12.199582426318207,356000.0,422575.0,36.0,7000,0.55,
105,105,62,5.154232900618418,325000.0,461575.0,37.7,7000,0.45,
105,105,57,-1.208208778700214,308000.0,477400.0,39.3,7000,0.45,
105,105,75,25.134478960440198,417000.0,414625.0,35.7,8750,0.65,
105,105,72,20.023188783915575,400000.0,445218.75,35.5,8750,0.55,
105,105,67,12.199582426318207,372000.0,496218.75,35.5,8750,0.55,
105,105,62,5.154232900618418,343000.0,542812.5,36.5,8750,0.45,
105,105,57,-1.208208778700214,328000.0,522906.25,37.4,8750,0.45,
105,105,75,25.134478960440198,427000.0,469862.5,35.9,10500,0.65,
105,105,72,20.023188783915575,410000.0,507862.5,35.5,10500,0.65,
105,105,67,12.199582426318207,381000.0,565975.0,35.3,10500,0.55,
105,105,62,5.154232900618418,355000.0,620087.5,35.8,10500,0.55,
105,105,57,-1.208208778700214,349000.0,556900.0,36.1,10500,0.45,
105,105,75,25.134478960440198,433000.0,523137.50000000006,36.0,12250,0.65,
105,105,72,20.023188783915575,417000.0,566137.5,35.6,12250,0.65,
105,105,67,12.199582426318207,389000.0,637137.5,35.3,12250,0.55,
105,105,62,5.154232900618418,365000.0,678293.75,35.5,12250,0.55,
105,105,57,-1.208208778700214,365000.0,583968.75,35.5,12250,0.55,
115,115,75,15.364783472634224,380000.0,425500.0,39.4,7000,0.55,
115,115,72,11.542354609318652,364000.0,451500.0,39.7,7000,0.55,
115,115,67,5.6915463547121385,337000.0,490805.0,40.9,7000,0.45,
115,115,75,15.364783472634224,391000.0,501875.0,39.5,8750,0.55,
115,115,72,11.542354609318652,376000.0,531506.25,39.5,8750,0.55,
115,115,67,5.6915463547121385,351000.0,583506.25,40.1,8750,0.55,
115,115,75,15.364783472634224,398000.0,574207.5,39.5,10500,0.55,
115,115,72,11.542354609318652,384000.0,613207.5,39.4,10500,0.55,
115,115,67,5.6915463547121385,360000.0,670165.0,39.8,10500,0.55,
115,115,62,0.4227499355871669,335000.0,718080.0,40.9,10500,0.45,
115,115,57,-4.335340463562447,332000.0,610932.5,41.1,10500,0.45,
115,115,75,15.364783472634224,403000.0,649908.75,39.6,12250,0.65,
115,115,72,11.542354609318652,389000.0,689192.5,39.4,12250,0.55,
115,115,67,5.6915463547121385,366000.0,760192.5,39.6,12250,0.55,
115,115,62,0.4227499355871669,347000.0,762030.0,40.2,12250,0.45,
115,115,57,-4.335340463562447,347000.0,634691.25,40.2,12250,0.45,
75,75,75,100.0,485000.0,164612.0,26.0,14000,0.65,
75,75,72,86.86087380057108,466000.0,213612.0,25.5,14000,0.65,
75,75,67,66.74944445162711,436000.0,292568.0,24.7,14000,0.65,
75,75,62,48.63860876430596,412000.0,344304.0,24.0,14000,0.65,
75,75,57,32.283261821762586,411000.0,362280.0,24.0,14000,0.65,
75,75,75,100.0,490000.0,164764.0,26.1,15750,0.65,
75,75,72,86.86087380057108,471000.0,219764.0,25.6,15750,0.65,
75,75,67,66.74944445162711,442000.0,305464.5,24.8,15750,0.65,
75,75,62,48.63860876430596,422000.0,350731.25,24.3,15750,0.65,
75,75,57,32.283261821762586,422000.0,372387.5,24.3,15750,0.65,
75,75,72,86.86087380057108,475000.0,224405.0,25.7,17500,0.65,
75,75,67,66.74944445162711,446000.0,317850.0,24.9,17500,0.65,
75,75,62,48.63860876430596,432000.0,358587.5,24.5,17500,0.65,
75,75,57,32.283261821762586,432000.0,380725.0,24.5,17500,0.65,
85,85,75,63.568780189914186,469000.0,264388.0,29.0,14000,0.65,
85,85,72,54.099349355922776,451000.0,313388.0,28.4,14000,0.65,
85,85,67,39.60494643278111,422000.0,395432.0,27.6,14000,0.65,
85,85,62,26.552380890460263,402000.0,469970.0,27.1,14000,0.65,
85,85,57,14.765004447947758,401000.0,448180.0,27.1,14000,0.65,
85,85,72,54.099349355922776,455000.0,336236.0,28.6,15750,0.65,
85,85,67,39.60494643278111,426000.0,426535.5,27.7,15750,0.65,
85,85,62,26.552380890460263,411000.0,480536.25,27.3,15750,0.65,
85,85,57,14.765004447947758,411000.0,459746.25,27.3,15750,0.65,
85,85,72,54.099349355922776,459000.0,360595.0,28.7,17500,0.65,
85,85,67,39.60494643278111,431000.0,457150.0,27.8,17500,0.65,
85,85,62,26.552380890460263,419000.0,489525.0,27.5,17500,0.65,
85,85,57,14.765004447947758,419000.0,468350.0,27.5,17500,0.65,
95,95,72,33.29467908659773,436000.0,482380.0,31.7,14000,0.65,
95,95,67,22.71109726696713,410000.0,560070.0,31.1,14000,0.65,
95,95,62,13.18032210459836,391000.0,591970.0,30.9,14000,0.55,
95,95,57,4.57336784234737,390000.0,530910.0,30.9,14000,0.55,
95,95,72,33.29467908659773,439000.0,522078.75,31.8,15750,0.65,
95,95,67,22.71109726696713,414000.0,607480.0,31.2,15750,0.65,
95,95,62,13.18032210459836,401000.0,606301.25,31.0,15750,0.65,
95,95,57,4.57336784234737,400000.0,542931.25,31.0,15750,0.55,
95,95,72,33.29467908659773,443000.0,561200.0,31.9,17500,0.65,
95,95,67,22.71109726696713,418000.0,650425.0,31.3,17500,0.65,
95,95,62,13.18032210459836,409000.0,619787.5,31.1,17500,0.65,
95,95,57,4.57336784234737,408000.0,555262.5,31.1,17500,0.65,
105,105,72,20.023188783915575,421000.0,624450.0,35.7,14000,0.65,
105,105,67,12.199582426318207,394000.0,703450.0,35.3,14000,0.55,
105,105,62,5.154232900618418,377000.0,700400.0,35.3,14000,0.55,
105,105,57,-1.208208778700214,377000.0,600300.0,35.3,14000,0.55,
105,105,72,20.023188783915575,425000.0,685131.25,35.7,15750,0.65,
105,105,67,12.199582426318207,399000.0,767800.0,35.3,15750,0.55,
105,105,62,5.154232900618418,387000.0,716175.0,35.2,15750,0.55,
105,105,57,-1.208208778700214,386000.0,615556.25,35.2,15750,0.55,
105,105,72,20.023188783915575,428000.0,741000.0,35.8,17500,0.65,
105,105,67,12.199582426318207,403000.0,825375.0,35.3,17500,0.65,
105,105,62,5.154232900618418,395000.0,731875.0,35.3,17500,0.55,
105,105,57,-1.208208778700214,395000.0,630812.5,35.3,17500,0.55,
115,115,72,11.542354609318652,393000.0,770220.0,39.4,14000,0.55,
115,115,67,5.6915463547121385,371000.0,843830.0,39.4,14000,0.55,
115,115,62,0.4227499355871669,358000.0,783810.0,39.7,14000,0.55,
115,115,57,-4.335340463562447,358000.0,654450.0,39.7,14000,0.55,
115,115,72,11.542354609318652,396000.0,844183.75,39.5,15750,0.55,
115,115,67,5.6915463547121385,375000.0,918056.2499999999,39.4,15750,0.55,
115,115,62,0.4227499355871669,367000.0,803590.0,39.5,15750,0.55,
115,115,57,-4.335340463562447,367000.0,676251.25,39.5,15750,0.55,
115,115,72,11.542354609318652,399000.0,916800.0,39.5,17500,0.55,
115,115,67,5.6915463547121385,378000.0,988587.5,39.3,17500,0.55,
115,115,62,0.4227499355871669,374000.0,818675.0,39.4,17500,0.55,
115,115,57,-4.335340463562447,374000.0,683925.0,39.4,17500,0.55,
75,75,75,100.0,517000.0,178400.0,25.9,8000,0.75,
75,75,72,86.86087380057108,495000.0,207400.0,25.5,8000,0.65,
75,75,67,66.74944445162711,459000.0,249392.0,25.0,8000,0.65,
75,75,62,48.63860876430596,423000.0,297728.0,24.7,8000,0.65,
75,75,57,32.283261821762586,388000.0,337560.0,24.3,8000,0.55,
75,75,75,100.0,542000.0,181500.0,26.3,10000,0.75,
75,75,72,86.86087380057108,518000.0,203900.0,25.9,10000,0.75,
75,75,67,66.74944445162711,482000.0,269740.0,25.4,10000,0.65,
75,75,62,48.63860876430596,445000.0,328200.0,25.0,10000,0.65,
75,75,57,32.283261821762586,415000.0,360550.0,24.5,10000,0.65,
75,75,75,100.0,558000.0,172380.0,26.6,12000,0.75,
75,75,72,86.86087380057108,533000.0,214584.0,26.2,12000,0.75,
75,75,67,66.74944445162711,498000.0,289088.0,25.6,12000,0.65,
75,75,62,48.63860876430596,461000.0,356088.0,25.2,12000,0.65,
75,75,57,32.283261821762586,439000.0,386680.0,24.8,12000,0.65,
75,75,75,100.0,570000.0,171030.0,26.8,14000,0.75,
75,75,72,86.86087380057108,546000.0,222348.0,26.4,14000,0.75,
75,75,67,66.74944445162711,509000.0,305392.0,25.8,14000,0.75,
75,75,62,48.63860876430596,473000.0,376348.0,25.3,14000,0.65,
75,75,57,32.283261821762586,460000.0,405890.0,25.1,14000,0.65,
85,85,75,63.568780189914186,503000.0,226600.0,29.2,8000,0.75,
85,85,72,54.099349355922776,481000.0,267960.0,28.8,8000,0.65,
85,85,67,39.60494643278111,446000.0,312608.0,28.5,8000,0.65,
85,85,62,26.552380890460263,410000.0,356104.0,28.0,8000,0.65,
85,85,57,14.765004447947758,376000.0,397440.0,27.7,8000,0.55,
85,85,75,63.568780189914186,525000.0,244500.0,29.6,10000,0.75,
85,85,72,54.099349355922776,504000.0,295640.0,29.3,10000,0.75,
85,85,67,39.60494643278111,467000.0,350260.0,28.8,10000,0.65,
85,85,62,26.552380890460263,431000.0,404800.0,28.4,10000,0.65,
85,85,57,14.765004447947758,405000.0,442800.0,27.9,10000,0.65,
85,85,75,63.568780189914186,541000.0,278940.0,29.9,12000,0.75,
85,85,72,54.099349355922776,519000.0,320416.0,29.5,12000,0.75,
85,85,67,39.60494643278111,483000.0,386912.0,29.0,12000,0.65,
85,85,62,26.552380890460263,447000.0,451912.0,28.6,12000,0.65,
85,85,57,14.765004447947758,427000.0,477340.0,28.3,12000,0.65,
85,85,75,63.568780189914186,552000.0,301740.0,30.1,14000,0.75,
85,85,72,54.099349355922776,531000.0,346652.0,29.7,14000,0.75,
85,85,67,39.60494643278111,494000.0,424608.0,29.2,14000,0.65,
85,85,62,26.552380890460263,458000.0,498652.0,28.7,14000,0.65,
85,85,57,14.765004447947758,448000.0,500570.0,28.5,14000,0.65,
95,95,75,40.209106438197686,489000.0,325000.0,33.0,8000,0.65,
95,95,72,33.29467908659773,467000.0,342800.0,32.6,8000,0.65,
95,95,67,22.71109726696713,431000.0,397400.0,32.3,8000,0.65,
95,95,62,13.18032210459836,395000.0,443720.0,32.0,8000,0.55,
95,95,57,4.57336784234737,363000.0,480080.0,31.7,8000,0.55,
95,95,75,40.209106438197686,510000.0,353500.0,33.4,10000,0.75,
95,95,72,33.29467908659773,488000.0,393800.0,33.1,10000,0.65,
95,95,67,22.71109726696713,452000.0,457750.0,32.6,10000,0.65,
95,95,62,13.18032210459836,416000.0,512750.0,32.3,10000,0.65,
95,95,57,4.57336784234737,390000.0,530250.0,31.8,10000,0.55,
95,95,75,40.209106438197686,525000.0,393220.0,33.7,12000,0.75,
95,95,72,33.29467908659773,503000.0,442160.0,33.4,12000,0.75,
95,95,67,22.71109726696713,466000.0,514120.0,32.9,12000,0.65,
95,95,62,13.18032210459836,429000.0,578120.0,32.5,12000,0.65,
95,95,57,4.57336784234737,414000.0,562500.0,32.1,12000,0.65,
95,95,75,40.209106438197686,536000.0,435900.0,33.9,14000,0.75,
95,95,72,33.29467908659773,514000.0,488520.00000000006,33.5,14000,0.75,
95,95,67,22.71109726696713,477000.0,569830.0,33.0,14000,0.65,
95,95,62,13.18032210459836,442000.0,635210.0,32.6,14000,0.65,
95,95,57,4.57336784234737,434000.0,588770.0,32.4,14000,0.65,
105,105,75,25.134478960440198,473000.0,407000.0,37.2,8000,0.65,
105,105,72,20.023188783915575,451000.0,420400.0,36.8,8000,0.65,
105,105,67,12.199582426318207,414000.0,473000.0,36.8,8000,0.65,
105,105,62,5.154232900618418,381000.0,524400.0,36.2,8000,0.55,
105,105,57,-1.208208778700214,350000.0,550600.0,36.5,8000,0.45,
105,105,75,25.134478960440198,492000.0,433750.0,37.6,10000,0.65,
105,105,72,20.023188783915575,470000.0,489000.0,37.4,10000,0.65,
105,105,67,12.199582426318207,434000.0,554250.0,37.0,10000,0.65,
105,105,62,5.154232900618418,399000.0,609250.0,37.0,10000,0.55,
105,105,57,-1.208208778700214,378000.0,603500.0,36.6,10000,0.55,
105,105,75,25.134478960440198,506000.0,508000.00000000006,37.9,12000,0.75,
105,105,72,20.023188783915575,484000.0,559900.0,37.6,12000,0.65,
105,105,67,12.199582426318207,447000.0,631200.0,37.2,12000,0.65,
105,105,62,5.154232900618418,412000.0,690900.0,37.1,12000,0.65,
105,105,57,-1.208208778700214,401000.0,641900.0,36.7,12000,0.65,
105,105,75,25.134478960440198,516000.0,571350.0,38.1,14000,0.75,
105,105,72,20.023188783915575,493000.0,623200.0,37.8,14000,0.65,
105,105,67,12.199582426318207,457000.0,705050.0,37.4,14000,0.65,
105,105,62,5.154232900618418,423000.0,760500.0,37.0,14000,0.65,
105,105,57,-1.208208778700214,419000.0,669250.0,36.8,14000,0.65,
115,115,75,15.364783472634224,453000.0,488000.0,42.0,8000,0.65,
115,115,72,11.542354609318652,432000.0,497440.0,41.4,8000,0.65,
115,115,67,5.6915463547121385,397000.0,549600.0,42.2,8000,0.55,
115,115,62,0.4227499355871669,364000.0,600760.0,42.1,8000,0.55,
115,115,57,-4.335340463562447,337000.0,606120.0,41.8,8000,0.45,
115,115,75,15.364783472634224,471000.0,531800.0,42.5,10000,0.65,
115,115,72,11.542354609318652,450000.0,586050.0,42.4,10000,0.65,
115,115,67,5.6915463547121385,415000.0,651750.0,42.4,10000,0.65,
115,115,62,0.4227499355871669,381000.0,705750.0,42.5,10000,0.55,
115,115,57,-4.335340463562447,364000.0,668150.0,42.2,10000,0.55,
115,115,75,15.364783472634224,483000.0,624420.0,42.6,12000,0.65,
115,115,72,11.542354609318652,462000.0,674660.0,42.6,12000,0.65,
115,115,67,5.6915463547121385,427000.0,747280.0,42.5,12000,0.65,
115,115,62,0.4227499355871669,394000.0,804660.0,42.5,12000,0.55,
115,115,57,-4.335340463562447,386000.0,709400.0,42.2,12000,0.55,
115,115,75,15.364783472634224,492000.0,709880.0000000001,42.8,14000,0.65,
115,115,72,11.542354609318652,472000.0,763270.0,42.8,14000,0.65,
115,115,67,5.6915463547121385,436000.0,845660.0,42.7,14000,0.65,
115,115,62,0.4227499355871669,405000.0,881710.0,42.3,14000,0.65,
115,115,57,-4.335340463562447,403000.0,742570.0,42.2,14000,0.65,
120,120,75,11.852226665705931,442000.0,529000.0,44.6,8000,0.65,
120,120,72,8.532960137163395,422000.0,534360.0,44.8,8000,0.65,
120,120,67,3.452318299504574,389000.0,596440.0,44.1,8000,0.55,
120,120,62,-1.1229243603514203,354000.0,634920.0,45.8,8000,0.55,
120,120,57,-5.254687374504087,330000.0,636760.0,45.1,8000,0.45,
120,120,75,11.852226665705931,460000.0,580600.0,45.2,10000,0.65,
120,120,72,8.532960137163395,440000.0,634200.0,45.3,10000,0.65,
120,120,67,3.452318299504574,405000.0,699000.0,45.3,10000,0.65,
120,120,62,-1.1229243603514203,372000.0,758400.0,45.2,10000,0.55,
120,120,57,-5.254687374504087,356000.0,694800.0,45.2,10000,0.55,
120,120,75,11.852226665705931,473000.0,680480.0,45.5,12000,0.65,
120,120,72,8.532960137163395,451000.0,732040.0,45.4,12000,0.65,
120,120,67,3.452318299504574,417000.0,805320.0,45.4,12000,0.65,
120,120,62,-1.1229243603514203,384000.0,860040.0,45.4,12000,0.55,
120,120,57,-5.254687374504087,378000.0,737040.0,45.2,12000,0.55,
120,120,75,11.852226665705931,481000.0,777720.0000000001,45.6,14000,0.65,
120,120,72,8.532960137163395,460000.0,830879.9999999999,45.6,14000,0.65,
120,120,67,3.452318299504574,425000.0,914040.0,45.6,14000,0.65,
120,120,62,-1.1229243603514203,395000.0,937080.0000000001,45.2,14000,0.55,
120,120,57,-5.254687374504087,395000.0,770760.0,45.2,14000,0.55,
75,75,75,100.0,579000.0,170440.0,26.9,16000,0.75,
75,75,72,86.86087380057108,555000.0,227776.0,26.5,16000,0.75,
75,75,67,66.74944445162711,519000.0,322448.0,25.9,16000,0.75,
75,75,62,48.63860876430596,483000.0,392320.0,25.4,16000,0.65,
75,75,57,32.283261821762586,477000.0,420440.0,25.3,16000,0.65,
75,75,75,100.0,587000.0,171610.0,27.1,18000,0.75,
75,75,72,86.86087380057108,563000.0,234248.0,26.6,18000,0.75,
75,75,67,66.74944445162711,526000.0,335876.0,26.1,18000,0.75,
75,75,62,48.63860876430596,491000.0,407570.0,25.5,18000,0.65,
75,75,57,32.283261821762586,491000.0,433310.0,25.5,18000,0.65,
75,75,75,100.0,593000.0,171900.0,27.2,20000,0.75,
75,75,72,86.86087380057108,569000.0,236800.0,26.7,20000,0.75,
75,75,67,66.74944445162711,532000.0,347720.0,26.1,20000,0.75,
75,75,62,48.63860876430596,504000.0,415100.0,25.7,20000,0.75,
75,75,57,32.283261821762586,503000.0,443300.0,25.7,20000,0.75,
85,85,75,63.568780189914186,560000.0,321560.0,30.2,16000,0.75,
85,85,72,54.099349355922776,539000.0,374224.0,29.9,16000,0.75,
85,85,67,39.60494643278111,503000.0,459552.0,29.3,16000,0.75,
85,85,62,26.552380890460263,468000.0,537800.0,28.8,16000,0.65,
85,85,57,14.765004447947758,464000.0,518800.0,28.7,16000,0.65,
85,85,75,63.568780189914186,568000.0,340390.0,30.4,18000,0.75,
85,85,72,54.099349355922776,546000.0,399752.0,30.0,18000,0.75,
85,85,67,39.60494643278111,510000.0,497752.0,29.4,18000,0.75,
85,85,62,26.552380890460263,479000.0,556460.0,28.9,18000,0.65,
85,85,57,14.765004447947758,478000.0,534700.0,28.9,18000,0.65,
85,85,75,63.568780189914186,574000.0,360100.0,30.5,20000,0.75,
85,85,72,54.099349355922776,552000.0,425280.0,30.1,20000,0.75,
85,85,67,39.60494643278111,515000.0,532280.0,29.5,20000,0.75,
85,85,62,26.552380890460263,491000.0,567700.0,29.1,20000,0.65,
85,85,57,14.765004447947758,489000.0,546500.0,29.1,20000,0.65,
95,95,75,40.209106438197686,543000.0,478240.0,34.0,16000,0.75,
95,95,72,33.29467908659773,522000.0,534880.0,33.7,16000,0.75,
95,95,67,22.71109726696713,485000.0,622880.0,33.2,16000,0.65,
95,95,62,13.18032210459836,451000.0,678680.0,32.6,16000,0.65,
95,95,57,4.57336784234737,450000.0,611040.0,32.6,16000,0.65,
95,95,75,40.209106438197686,551000.0,515300.0,34.1,18000,0.75,
95,95,72,33.29467908659773,528000.0,578270.0,33.8,18000,0.75,
95,95,67,22.71109726696713,492000.0,678240.0,33.3,18000,0.65,
95,95,62,13.18032210459836,465000.0,689660.0,32.8,18000,0.65,
95,95,57,4.57336784234737,463000.0,629320.0,32.8,18000,0.65,
95,95,75,40.209106438197686,556000.0,551700.0,34.2,20000,0.75,
95,95,72,33.29467908659773,534000.0,624300.0,33.9,20000,0.75,
95,95,67,22.71109726696713,497000.0,727300.0,33.4,20000,0.65,
95,95,62,13.18032210459836,477000.0,699300.0,32.9,20000,0.65,
95,95,57,4.57336784234737,475000.0,646600.0,32.9,20000,0.65,
105,105,75,25.134478960440198,523000.0,632400.0,38.2,16000,0.75,
105,105,72,20.023188783915575,501000.0,689800.0,38.0,16000,0.75,
105,105,67,12.199582426318207,464000.0,782200.0,37.5,16000,0.65,
105,105,62,5.154232900618418,435000.0,801600.0,36.9,16000,0.65,
105,105,57,-1.208208778700214,434000.0,693600.0000000001,37.0,16000,0.65,
105,105,75,25.134478960440198,529000.0,686500.0,38.4,18000,0.75,
105,105,72,20.023188783915575,507000.0,751450.0,38.1,18000,0.75,
105,105,67,12.199582426318207,471000.0,852400.0,37.6,18000,0.65,
105,105,62,5.154232900618418,450000.0,811250.0,37.0,18000,0.65,
105,105,57,-1.208208778700214,447000.0,714300.0,37.1,18000,0.65,
105,105,75,25.134478960440198,534000.0,746000.0,38.5,20000,0.75,
105,105,72,20.023188783915575,512000.0,817500.0,38.2,20000,0.75,
105,105,67,12.199582426318207,475000.0,915000.0,37.7,20000,0.65,
105,105,62,5.154232900618418,459000.0,839000.0,37.2,20000,0.65,
105,105,57,-1.208208778700214,458000.0,733000.0,37.3,20000,0.65,
115,115,75,15.364783472634224,500000.0,784560.0000000001,43.1,16000,0.65,
115,115,72,11.542354609318652,479000.0,844720.0000000001,42.9,16000,0.65,
115,115,67,5.6915463547121385,443000.0,937880.0,42.7,16000,0.65,
115,115,62,0.4227499355871669,420000.0,898640.0,42.0,16000,0.65,
115,115,57,-4.335340463562447,417000.0,768120.0,42.2,16000,0.65,
115,115,75,15.364783472634224,505000.0,857700.0000000001,43.2,18000,0.75,
115,115,72,11.542354609318652,484000.0,924630.0000000001,43.0,18000,0.65,
115,115,67,5.6915463547121385,449000.0,1019630.0000000001,42.8,18000,0.65,
115,115,62,0.4227499355871669,434000.0,912170.0,42.3,18000,0.65,
115,115,57,-4.335340463562447,429000.0,789360.0,42.3,18000,0.65,
115,115,75,15.364783472634224,510000.0,937000.0000000001,43.3,20000,0.75,
115,115,72,11.542354609318652,489000.0,1009700.0000000001,43.1,20000,0.65,
115,115,67,5.6915463547121385,453000.0,1104000.0,42.8,20000,0.65,
115,115,62,0.4227499355871669,440000.0,963600.0,42.4,20000,0.65,
115,115,57,-4.335340463562447,439000.0,808600.0,42.4,20000,0.65,
120,120,75,11.852226665705931,488000.0,860640.0000000001,45.9,16000,0.65,
120,120,72,8.532960137163395,467000.0,921680.0000000002,45.7,16000,0.65,
120,120,67,3.452318299504574,432000.0,1015719.9999999999,45.5,16000,0.65,
120,120,62,-1.1229243603514203,412000.0,946080.0,44.4,16000,0.65,
120,120,57,-5.254687374504087,408000.0,795200.0,45.2,16000,0.65,
120,120,75,11.852226665705931,493000.0,942800.0,46.0,18000,0.65,
120,120,72,8.532960137163395,473000.0,1010720.0000000001,45.8,18000,0.65,
120,120,67,3.452318299504574,437000.0,1104720.0,45.7,18000,0.65,
120,120,62,-1.1229243603514203,425000.0,955640.0,45.2,18000,0.65,
120,120,57,-5.254687374504087,420000.0,823920.0,45.2,18000,0.65,
120,120,75,11.852226665705931,497000.0,1032000.0,46.1,20000,0.65,
120,120,72,8.532960137163395,477000.0,1106800.0,45.9,20000,0.65,
120,120,67,3.452318299504574,442000.0,1198000.0,45.6,20000,0.65,
120,120,62,-1.1229243603514203,430000.0,1019600.0,45.2,20000,0.65,
120,120,57,-5.254687374504087,430000.0,843600.0,45.2,20000,0.65,
75,75,75,100.0,636000.0,220500.0,31.3,10000,0.75,
75,75,72,86.86087380057108,602000.0,242280.0,30.7,10000,0.75,
75,75,67,66.74944445162711,545000.0,296740.0,29.9,10000,0.75,
75,75,62,48.63860876430596,495000.0,350660.0,29.2,10000,0.65,
75,75,57,32.283261821762586,450000.0,396200.0,28.5,10000,0.65,
75,75,75,100.0,669000.0,227875.0,31.8,12500,0.75,
75,75,72,86.86087380057108,633000.0,252625.0,31.2,12500,0.75,
75,75,67,66.74944445162711,575000.0,324925.0,30.3,12500,0.75,
75,75,62,48.63860876430596,525000.0,390750.0,29.6,12500,0.75,
75,75,57,32.283261821762586,489000.0,424750.0,29.0,12500,0.65,
75,75,75,100.0,692000.0,221950.0,32.2,15000,0.75,
75,75,72,86.86087380057108,658000.0,266540.0,31.6,15000,0.75,
75,75,67,66.74944445162711,602000.0,353110.0,30.8,15000,0.75,
75,75,62,48.63860876430596,550000.0,428110.0,30.1,15000,0.75,
75,75,57,32.283261821762586,523000.0,460075.0,29.6,15000,0.75,
85,85,75,63.568780189914186,611000.0,271500.0,34.6,10000,0.75,
85,85,72,54.099349355922776,574000.0,315250.0,33.9,10000,0.75,
85,85,67,39.60494643278111,524000.0,365260.0,33.3,10000,0.75,
85,85,62,26.552380890460263,476000.0,411340.0,32.8,10000,0.65,
85,85,57,14.765004447947758,432000.0,456260.0,32.2,10000,0.65,
85,85,75,63.568780189914186,639000.0,296125.0,35.0,12500,0.75,
85,85,72,54.099349355922776,605000.0,352550.0,34.5,12500,0.75,
85,85,67,39.60494643278111,553000.0,409250.0,33.8,12500,0.75,
85,85,62,26.552380890460263,504000.0,469250.0,33.2,12500,0.75,
85,85,57,14.765004447947758,471000.0,506562.5,32.6,12500,0.65,
85,85,75,63.568780189914186,662000.0,335525.0,35.4,15000,0.75,
85,85,72,54.099349355922776,628000.0,381270.0,34.9,15000,0.75,
85,85,67,39.60494643278111,576000.0,451890.0,34.2,15000,0.75,
85,85,62,26.552380890460263,525000.0,520890.0,33.6,15000,0.75,
85,85,57,14.765004447947758,503000.0,542275.0,33.1,15000,0.75,
95,95,75,40.209106438197686,584000.0,392000.0,38.4,10000,0.75,
95,95,72,33.29467908659773,553000.0,404550.0,38.0,10000,0.75,
95,95,67,22.71109726696713,502000.0,471750.0,37.5,10000,0.75,
95,95,62,13.18032210459836,454000.0,523400.0,37.4,10000,0.65,
95,95,57,4.57336784234737,411000.0,561450.0,36.8,10000,0.65,
95,95,75,40.209106438197686,613000.0,435750.0,38.9,12500,0.75,
95,95,72,33.29467908659773,581000.0,476750.0,38.5,12500,0.75,
95,95,67,22.71109726696713,530000.0,549937.5,38.1,12500,0.75,
95,95,62,13.18032210459836,480000.0,611937.5,37.9,12500,0.65,
95,95,57,4.57336784234737,450000.0,619125.0,37.2,12500,0.65,
95,95,75,40.209106438197686,633000.0,478325.0,39.3,15000,0.75,
95,95,72,33.29467908659773,601000.0,538700.0,38.9,15000,0.75,
95,95,67,22.71109726696713,549000.0,622650.0,38.5,15000,0.75,
95,95,62,13.18032210459836,499000.0,695650.0,38.1,15000,0.65,
95,95,57,4.57336784234737,482000.0,660200.0,37.6,15000,0.65,
105,105,75,25.134478960440198,559000.0,488000.00000000006,43.0,10000,0.75,
105,105,72,20.023188783915575,527000.0,495500.0,42.9,10000,0.75,
105,105,67,12.199582426318207,477000.0,562250.0,42.9,10000,0.65,
105,105,62,5.154232900618418,429000.0,615000.0,43.5,10000,0.65,
105,105,57,-1.208208778700214,393000.0,631750.0,42.4,10000,0.55,
105,105,75,25.134478960440198,585000.0,508000.00000000006,43.8,12500,0.75,
105,105,72,20.023188783915575,553000.0,590250.0,43.5,12500,0.75,
105,105,67,12.199582426318207,502000.0,665562.5,43.5,12500,0.75,
105,105,62,5.154232900618418,453000.0,727562.5,43.8,12500,0.65,
105,105,57,-1.208208778700214,429000.0,700562.5,43.0,12500,0.65,
105,105,75,25.134478960440198,603000.0,612000.0,44.1,15000,0.75,
105,105,72,20.023188783915575,572000.0,680625.0,43.9,15000,0.75,
105,105,67,12.199582426318207,519000.0,762750.0,43.9,15000,0.75,
105,105,62,5.154232900618418,471000.0,830625.0,43.7,15000,0.65,
105,105,57,-1.208208778700214,459000.0,747750.0,43.2,15000,0.65,
115,115,75,15.364783472634224,529000.0,586000.0,49.0,10000,0.75,
115,115,72,11.542354609318652,498000.0,584350.0,49.3,10000,0.65,
115,115,67,5.6915463547121385,449000.0,655600.0,50.0,10000,0.65,
115,115,62,0.4227499355871669,402000.0,704600.0,51.1,10000,0.65,
115,115,57,-4.335340463562447,368000.0,701950.0,50.1,10000,0.55,
115,115,75,15.364783472634224,554000.0,628062.5,49.8,12500,0.75,
115,115,72,11.542354609318652,523000.0,706562.5,49.9,12500,0.75,
115,115,67,5.6915463547121385,472000.0,781187.5,50.6,12500,0.65,
115,115,62,0.4227499355871669,425000.0,842187.5,51.2,12500,0.65,
115,115,57,-4.335340463562447,406000.0,771750.0,50.4,12500,0.65,
115,115,75,15.364783472634224,572000.0,748975.0,50.2,15000,0.75,
115,115,72,11.542354609318652,540000.0,820075.0,50.3,15000,0.75,
115,115,67,5.6915463547121385,489000.0,908624.9999999999,51.0,15000,0.65,
115,115,62,0.4227499355871669,442000.0,959300.0000000001,50.8,15000,0.65,
115,115,57,-4.335340463562447,435000.0,821925.0,50.4,15000,0.65,
120,120,75,11.852226665705931,514000.0,634000.0,52.5,10000,0.75,
120,120,72,8.532960137163395,484000.0,631800.0000000001,53.0,10000,0.65,
120,120,67,3.452318299504574,435000.0,700400.0,54.3,10000,0.65,
120,120,62,-1.1229243603514203,386000.0,748400.0,55.3,10000,0.55,
120,120,57,-5.254687374504087,357000.0,731000.0,54.6,10000,0.55,
120,120,75,11.852226665705931,538000.0,690500.0,53.3,12500,0.75,
120,120,72,8.532960137163395,507000.0,763500.0,53.7,12500,0.75,
120,120,67,3.452318299504574,457000.0,838500.0,54.7,12500,0.65,
120,120,62,-1.1229243603514203,409000.0,898500.0,55.5,12500,0.65,
120,120,57,-5.254687374504087,393000.0,800000.0,54.2,12500,0.55,
120,120,75,11.852226665705931,555000.0,822000.0,53.8,15000,0.75,
120,120,72,8.532960137163395,524000.0,888799.9999999999,54.1,15000,0.75,
120,120,67,3.452318299504574,472000.0,978000.0,55.3,15000,0.65,
120,120,62,-1.1229243603514203,427000.0,1025200.0000000001,54.7,15000,0.65,
120,120,57,-5.254687374504087,421000.0,850000.0,54.1,15000,0.65,
75,75,75,100.0,709000.0,221962.5,32.4,17500,0.75,
75,75,72,86.86087380057108,674000.0,280185.0,31.9,17500,0.75,
75,75,67,66.74944445162711,618000.0,377295.0,31.0,17500,0.75,
75,75,62,48.63860876430596,566000.0,456185.0,30.3,17500,0.75,
75,75,57,32.283261821762586,550000.0,484287.5,30.0,17500,0.75,
75,75,75,100.0,740000.0,230000.0,32.6,20000,0.75,
75,75,72,86.86087380057108,685000.0,290640.0,32.1,20000,0.75,
75,75,67,66.74944445162711,629000.0,396560.0,31.2,20000,0.75,
75,75,62,48.63860876430596,577000.0,474000.0,30.4,20000,0.75,
75,75,57,32.283261821762586,573000.0,504500.0,30.3,20000,0.75,
85,85,75,63.568780189914186,678000.0,360000.0,35.7,17500,0.75,
85,85,72,54.099349355922776,645000.0,408815.0,35.3,17500,0.75,
85,85,67,39.60494643278111,591000.0,488705.0,34.4,17500,0.75,
85,85,62,26.552380890460263,540000.0,571370.0,33.7,17500,0.75,
85,85,57,14.765004447947758,529000.0,562787.5,33.5,17500,0.75,
85,85,75,63.568780189914186,691000.0,381100.0,35.9,20000,0.75,
85,85,72,54.099349355922776,656000.0,433360.0,35.4,20000,0.75,
85,85,67,39.60494643278111,600000.0,524440.0,34.6,20000,0.75,
85,85,62,26.552380890460263,552000.0,596700.0,33.8,20000,0.75,
85,85,57,14.765004447947758,550000.0,576300.0,33.8,20000,0.75,
95,95,75,40.209106438197686,648000.0,534987.5,39.6,17500,0.75,
95,95,72,33.29467908659773,616000.0,599650.0,39.2,17500,0.75,
95,95,67,22.71109726696713,563000.0,696425.0,38.8,17500,0.75,
95,95,62,13.18032210459836,512000.0,760875.0,37.9,17500,0.75,
95,95,57,4.57336784234737,506000.0,693687.5,37.9,17500,0.75,
95,95,75,40.209106438197686,658000.0,589000.0,39.8,20000,0.75,
95,95,72,33.29467908659773,625000.0,658600.0,39.3,20000,0.75,
95,95,67,22.71109726696713,572000.0,763900.0,38.9,20000,0.75,
95,95,62,13.18032210459836,530000.0,792600.0,38.0,20000,0.75,
95,95,57,4.57336784234737,527000.0,721700.0,38.1,20000,0.75,
105,105,75,25.134478960440198,617000.0,697125.0,44.4,17500,0.75,
105,105,72,20.023188783915575,585000.0,767562.5,44.2,17500,0.75,
105,105,67,12.199582426318207,532000.0,861375.0,44.3,17500,0.75,
105,105,62,5.154232900618418,487000.0,904500.0,43.2,17500,0.65,
105,105,57,-1.208208778700214,483000.0,786187.5,43.4,17500,0.65,
105,105,75,25.134478960440198,628000.0,774000.0,44.6,20000,0.75,
105,105,72,20.023188783915575,595000.0,847000.0,44.4,20000,0.75,
105,105,67,12.199582426318207,542000.0,953500.0,44.5,20000,0.75,
105,105,62,5.154232900618418,506000.0,939000.0,43.3,20000,0.75,
105,105,57,-1.208208778700214,503000.0,816500.0,43.5,20000,0.75,
115,115,75,15.364783472634224,584000.0,856375.0000000001,50.6,17500,0.75,
115,115,72,11.542354609318652,553000.0,931587.5,50.7,17500,0.75,
115,115,67,5.6915463547121385,500000.0,1027325.0,51.4,17500,0.65,
115,115,62,0.4227499355871669,463000.0,1010212.5,50.1,17500,0.65,
115,115,57,-4.335340463562447,458000.0,862250.0,50.4,17500,0.65,
115,115,75,15.364783472634224,594000.0,965700.0000000001,50.8,20000,0.75,
115,115,72,11.542354609318652,562000.0,1043100.0,50.9,20000,0.75,
115,115,67,5.6915463547121385,508000.0,1141100.0,51.7,20000,0.75,
115,115,62,0.4227499355871669,476000.0,1076600.0,50.4,20000,0.65,
115,115,57,-4.335340463562447,474000.0,889800.0,50.2,20000,0.65,
120,120,75,11.852226665705931,567000.0,943700.0000000001,54.1,17500,0.75,
120,120,72,8.532960137163395,535000.0,1013099.9999999999,54.4,17500,0.75,
120,120,67,3.452318299504574,482000.0,1108800.0,55.3,17500,0.65,
120,120,62,-1.1229243603514203,447000.0,1071400.0,53.6,17500,0.65,
120,120,57,-5.254687374504087,444000.0,898300.0,54.3,17500,0.65,
120,120,75,11.852226665705931,577000.0,1057800.0,54.3,20000,0.75,
120,120,72,8.532960137163395,545000.0,1137400.0,54.7,20000,0.75,
120,120,67,3.452318299504574,492000.0,1235400.0,56.0,20000,0.65,
120,120,62,-1.1229243603514203,465000.0,1119000.0,53.8,20000,0.65,
120,120,57,-5.254687374504087,462000.0,928400.0,54.2,20000,0.65,
75,75,75,100.0,738000.0,251600.0,40.0,12000,0.75,
75,75,72,86.86087380057108,705000.0,292600.0,39.2,12000,0.75,
75,75,67,66.74944445162711,653000.0,347080.0,38.1,12000,0.75,
75,75,62,48.63860876430596,603000.0,418584.0,37.1,12000,0.75,
75,75,57,32.283261821762586,554000.0,477584.0,36.3,12000,0.75,
75,75,75,100.0,773000.0,253250.0,40.7,15000,0.75,
75,75,72,86.86087380057108,736000.0,291475.0,39.9,15000,0.75,
75,75,67,66.74944445162711,684000.0,373350.0,38.7,15000,0.75,
75,75,62,48.63860876430596,633000.0,458540.0,37.7,15000,0.75,
75,75,57,32.283261821762586,592000.0,511775.0,36.9,15000,0.75,
75,75,75,100.0,796000.0,248490.0,41.2,18000,0.75,
75,75,72,86.86087380057108,759000.0,300590.0,40.4,18000,0.75,
75,75,67,66.74944445162711,706000.0,398610.0,39.2,18000,0.75,
75,75,62,48.63860876430596,655000.0,493620.0,38.2,18000,0.75,
75,75,57,32.283261821762586,622000.0,548470.0,37.5,18000,0.75,
85,85,75,63.568780189914186,716000.0,325400.0,44.4,12000,0.75,
85,85,72,54.099349355922776,686000.0,384600.0,43.7,12000,0.75,
85,85,67,39.60494643278111,635000.0,456920.0,42.7,12000,0.75,
85,85,62,26.552380890460263,585000.0,518664.0,41.7,12000,0.75,
85,85,57,14.765004447947758,537000.0,579168.0,40.9,12000,0.75,
85,85,75,63.568780189914186,748000.0,349750.0,45.1,15000,0.75,
85,85,72,54.099349355922776,715000.0,423350.0,44.4,15000,0.75,
85,85,67,39.60494643278111,664000.0,512650.0,43.3,15000,0.75,
85,85,62,26.552380890460263,615000.0,592460.0,42.3,15000,0.75,
85,85,57,14.765004447947758,579000.0,625750.0,41.5,15000,0.75,
85,85,75,63.568780189914186,768000.0,393480.0,45.6,18000,0.75,
85,85,72,54.099349355922776,737000.0,464400.0,44.9,18000,0.75,
85,85,67,39.60494643278111,685000.0,565390.0,43.7,18000,0.75,
85,85,62,26.552380890460263,635000.0,660380.0,42.7,18000,0.75,
85,85,57,14.765004447947758,607000.0,678550.0,42.1,18000,0.75,
95,95,75,40.209106438197686,695000.0,474000.0,49.5,12000,0.75,
95,95,72,33.29467908659773,666000.0,480380.0,48.8,12000,0.75,
95,95,67,22.71109726696713,615000.0,569180.0,47.8,12000,0.75,
95,95,62,13.18032210459836,566000.0,640140.0,46.9,12000,0.75,
95,95,57,4.57336784234737,519000.0,688200.0,46.1,12000,0.75,
95,95,75,40.209106438197686,725000.0,539500.0,50.2,15000,0.75,
95,95,72,33.29467908659773,694000.0,561325.0,49.5,15000,0.75,
95,95,67,22.71109726696713,643000.0,655225.0,48.4,15000,0.75,
95,95,62,13.18032210459836,593000.0,736225.0,47.5,15000,0.75,
95,95,57,4.57336784234737,557000.0,755000.0,46.8,15000,0.75,
95,95,75,40.209106438197686,745000.0,551540.0,50.7,18000,0.75,
95,95,72,33.29467908659773,713000.0,631360.0,50.0,18000,0.75,
95,95,67,22.71109726696713,662000.0,736300.0,48.8,18000,0.75,
95,95,62,13.18032210459836,613000.0,828300.0,47.9,18000,0.75,
95,95,57,4.57336784234737,590000.0,800870.0,47.4,18000,0.75,
105,105,75,25.134478960440198,673000.0,594000.0,55.3,12000,0.75,
105,105,72,20.023188783915575,643000.0,591500.0,54.6,12000,0.75,
105,105,67,12.199582426318207,593000.0,680300.0,53.7,12000,0.75,
105,105,62,5.154232900618418,545000.0,752900.0,52.8,12000,0.75,
105,105,57,-1.208208778700214,502000.0,780100.0,51.8,12000,0.75,
105,105,75,25.134478960440198,699000.0,596500.0,55.9,15000,0.75,
105,105,72,20.023188783915575,669000.0,700000.0,55.3,15000,0.75,
105,105,67,12.199582426318207,619000.0,795375.0,54.2,15000,0.75,
105,105,62,5.154232900618418,570000.0,879500.0,53.3,15000,0.75,
105,105,57,-1.208208778700214,539000.0,860750.0,52.6,15000,0.75,
105,105,75,25.134478960440198,718000.0,715800.0,56.4,18000,0.75,
105,105,72,20.023188783915575,687000.0,796600.0,55.7,18000,0.75,
105,105,67,12.199582426318207,638000.0,905500.0,54.7,18000,0.75,
105,105,62,5.154232900618418,587000.0,989550.0,53.7,18000,0.75,
105,105,57,-1.208208778700214,570000.0,911550.0,53.3,18000,0.75,
115,115,75,15.364783472634224,647000.0,717000.0,61.7,12000,0.75,
115,115,72,11.542354609318652,617000.0,702940.0,61.1,12000,0.75,
115,115,67,5.6915463547121385,567000.0,794040.0000000001,60.3,12000,0.75,
115,115,62,0.4227499355871669,521000.0,863660.0,60.0,12000,0.75,
115,115,57,-4.335340463562447,484000.0,857460.0,59.2,12000,0.65,
115,115,75,15.364783472634224,670000.0,747550.0,62.3,15000,0.75,
115,115,72,11.542354609318652,641000.0,840975.0,61.7,15000,0.75,
115,115,67,5.6915463547121385,592000.0,935525.0,60.9,15000,0.75,
115,115,62,0.4227499355871669,544000.0,1019300.0000000001,60.4,15000,0.75,
115,115,57,-4.335340463562447,519000.0,952125.0,59.9,15000,0.75,
115,115,75,15.364783472634224,687000.0,885980.0,62.8,18000,0.75,
115,115,72,11.542354609318652,657000.0,966770.0,62.2,18000,0.75,
115,115,67,5.6915463547121385,609000.0,1071700.0,61.3,18000,0.75,
115,115,62,0.4227499355871669,561000.0,1152770.0,60.6,18000,0.75,
115,115,57,-4.335340463562447,549000.0,1006380.0,60.2,18000,0.75,
120,120,75,11.852226665705931,632000.0,779000.0,65.2,12000,0.75,
120,120,72,8.532960137163395,603000.0,760640.0,64.8,12000,0.75,
120,120,67,3.452318299504574,554000.0,849760.0000000001,64.3,12000,0.75,
120,120,62,-1.1229243603514203,508000.0,919040.0,64.1,12000,0.75,
120,120,57,-5.254687374504087,471000.0,899240.0,63.3,12000,0.65,
120,120,75,11.852226665705931,654000.0,816800.0,65.8,15000,0.75,
120,120,72,8.532960137163395,626000.0,916000.0,65.5,15000,0.75,
120,120,67,3.452318299504574,578000.0,1004600.0000000001,64.9,15000,0.75,
120,120,62,-1.1229243603514203,531000.0,1082600.0,64.5,15000,0.75,
120,120,57,-5.254687374504087,509000.0,990800.0,64.0,15000,0.75,
120,120,75,11.852226665705931,670000.0,974040.0,66.4,18000,0.75,
120,120,72,8.532960137163395,641000.0,1049880.0,65.8,18000,0.75,
120,120,67,3.452318299504574,594000.0,1155800.0,65.2,18000,0.75,
120,120,62,-1.1229243603514203,547000.0,1224960.0,64.7,18000,0.75,
120,120,57,-5.254687374504087,538000.0,1052800.0,64.4,18000,0.75,
75,75,75,100.0,813000.0,246130.0,41.6,21000,0.75,
75,75,72,86.86087380057108,776000.0,309355.0,40.7,21000,0.75,
75,75,67,66.74944445162711,722000.0,421045.0,39.5,21000,0.75,
75,75,62,48.63860876430596,671000.0,526200.0,38.5,21000,0.75,
75,75,57,32.283261821762586,651000.0,574455.0,38.1,21000,0.75,
75,75,75,100.0,826000.0,245080.0,41.9,24000,0.75,
75,75,72,86.86087380057108,789000.0,319440.0,41.0,24000,0.75,
75,75,67,66.74944445162711,735000.0,444800.0,39.8,24000,0.75,
75,75,62,48.63860876430596,683000.0,555080.0,38.7,24000,0.75,
75,75,57,32.283261821762586,674000.0,594440.0,38.5,24000,0.75,
75,75,75,100.0,837000.0,245340.0,42.2,27000,0.75,
75,75,72,86.86087380057108,800000.0,327370.0,41.3,27000,0.75,
75,75,67,66.74944445162711,745000.0,465885.0,40.1,27000,0.75,
75,75,62,48.63860876430596,695000.0,572765.0,39.0,27000,0.75,
75,75,57,32.283261821762586,693000.0,610920.0,38.9,27000,0.75,
85,85,75,63.568780189914186,784000.0,427180.0,46.0,21000,0.75,
85,85,72,54.099349355922776,752000.0,500645.0,45.2,21000,0.75,
85,85,67,39.60494643278111,700000.0,616955.0,44.1,21000,0.75,
85,85,62,26.552380890460263,650000.0,716645.0,43.0,21000,0.75,
85,85,57,14.765004447947758,634000.0,708235.0,42.7,21000,0.75,
85,85,75,63.568780189914186,796000.0,457240.0,46.3,24000,0.75,
85,85,72,54.099349355922776,764000.0,535560.0,45.5,24000,0.75,
85,85,67,39.60494643278111,713000.0,667200.0,44.3,24000,0.75,
85,85,62,26.552380890460263,662000.0,755280.0,43.2,24000,0.75,
85,85,57,14.765004447947758,656000.0,732920.0,43.1,24000,0.75,
85,85,75,63.568780189914186,806000.0,486145.0,46.5,27000,0.75,
85,85,72,54.099349355922776,774000.0,572630.0,45.8,27000,0.75,
85,85,67,39.60494643278111,723000.0,715115.0,44.6,27000,0.75,
85,85,62,26.552380890460263,678000.0,775295.0,43.6,27000,0.75,
85,85,57,14.765004447947758,675000.0,754110.0,43.5,27000,0.75,
95,95,75,40.209106438197686,759000.0,617525.0,51.1,21000,0.75,
95,95,72,33.29467908659773,728000.0,694455.0,50.4,21000,0.75,
95,95,67,22.71109726696713,678000.0,815385.0,49.2,21000,0.75,
95,95,62,13.18032210459836,627000.0,901990.0,48.2,21000,0.75,
95,95,57,4.57336784234737,616000.0,837760.0,47.9,21000,0.75,
95,95,75,40.209106438197686,770000.0,674600.0,51.4,24000,0.75,
95,95,72,33.29467908659773,739000.0,759520.0,50.6,24000,0.75,
95,95,67,22.71109726696713,689000.0,891480.0,49.5,24000,0.75,
95,95,62,13.18032210459836,640000.0,946800.0,48.4,24000,0.75,
95,95,57,4.57336784234737,638000.0,867680.0,48.3,24000,0.75,
95,95,75,40.209106438197686,780000.0,731675.0,51.6,27000,0.75,
95,95,72,33.29467908659773,748000.0,820130.0,50.9,27000,0.75,
95,95,67,22.71109726696713,698000.0,964585.0,49.7,27000,0.75,
95,95,62,13.18032210459836,659000.0,969215.0,48.8,27000,0.75,
95,95,57,4.57336784234737,656000.0,892115.0,48.7,27000,0.75,
105,105,75,25.134478960440198,731000.0,811650.0,56.8,21000,0.75,
105,105,72,20.023188783915575,701000.0,892200.0,56.1,21000,0.75,
105,105,67,12.199582426318207,651000.0,1010975.0,55.0,21000,0.75,
105,105,62,5.154232900618418,602000.0,1079875.0,54.0,21000,0.75,
105,105,57,-1.208208778700214,596000.0,948275.0,53.8,21000,0.75,
105,105,75,25.134478960440198,742000.0,897600.0,57.1,24000,0.75,
105,105,72,20.023188783915575,711000.0,980200.0,56.4,24000,0.75,
105,105,67,12.199582426318207,662000.0,1113800.0,55.3,24000,0.75,
105,105,62,5.154232900618418,620000.0,1116200.0,54.2,24000,0.75,
105,105,57,-1.208208778700214,616000.0,985600.0,54.2,24000,0.75,
105,105,75,25.134478960440198,750000.0,982550.0,57.3,27000,0.75,
105,105,72,20.023188783915575,720000.0,1066550.0,56.6,27000,0.75,
105,105,67,12.199582426318207,670000.0,1211975.0,55.5,27000,0.75,
105,105,62,5.154232900618418,637000.0,1141750.0,54.6,27000,0.75,
105,105,57,-1.208208778700214,634000.0,1012675.0,54.6,27000,0.75,
115,115,75,15.364783472634224,699000.0,1008395.0000000001,63.2,21000,0.75,
115,115,72,11.542354609318652,670000.0,1084480.0,62.5,21000,0.75,
115,115,67,5.6915463547121385,622000.0,1204565.0,61.5,21000,0.75,
115,115,62,0.4227499355871669,576000.0,1239055.0,60.6,21000,0.75,
115,115,57,-4.335340463562447,573000.0,1050015.0,60.6,21000,0.75,
115,115,75,15.364783472634224,709000.0,1123880.0,63.5,24000,0.75,
115,115,72,11.542354609318652,679000.0,1199880.0,62.7,24000,0.75,
115,115,67,5.6915463547121385,631000.0,1334120.0,61.8,24000,0.75,
115,115,62,0.4227499355871669,596000.0,1266760.0,60.8,24000,0.75,
115,115,57,-4.335340463562447,592000.0,1081720.0,60.8,24000,0.75,
115,115,75,15.364783472634224,716000.0,1227970.0,63.6,27000,0.75,
115,115,72,11.542354609318652,687000.0,1311970.0,62.9,27000,0.75,
115,115,67,5.6915463547121385,639000.0,1459365.0,62.0,27000,0.75,
115,115,62,0.4227499355871669,612000.0,1292465.0,61.1,27000,0.75,
115,115,57,-4.335340463562447,609000.0,1118355.0,61.1,27000,0.75,
120,120,75,11.852226665705931,682000.0,1103880.0,66.7,21000,0.75,
120,120,72,8.532960137163395,653000.0,1181120.0,66.1,21000,0.75,
120,120,67,3.452318299504574,607000.0,1302360.0,65.4,21000,0.75,
120,120,62,-1.1229243603514203,564000.0,1303440.0,64.4,21000,0.75,
120,120,57,-5.254687374504087,561000.0,1096920.0,64.6,21000,0.75,
120,120,75,11.852226665705931,691000.0,1233720.0,67.0,24000,0.75,
120,120,72,8.532960137163395,662000.0,1308720.0,66.3,24000,0.75,
120,120,67,3.452318299504574,616000.0,1444280.0,65.7,24000,0.75,
120,120,62,-1.1229243603514203,584000.0,1330320.0,64.7,24000,0.75,
120,120,57,-5.254687374504087,580000.0,1129120.0,64.8,24000,0.75,
120,120,75,11.852226665705931,698000.0,1362560.0,67.1,27000,0.75,
120,120,72,8.532960137163395,670000.0,1445560.0,66.5,27000,0.75,
120,120,67,3.452318299504574,623000.0,1582560.0,65.8,27000,0.75,
120,120,62,-1.1229243603514203,600000.0,1356200.0,65.0,27000,0.75,
120,120,57,-5.254687374504087,595000.0,1165240.0,65.4,27000,0.75,
