,OADB,IDB,IWB,RH,MBH,Sensible MBH,kW,airflow,SFP,OFP,,ESP,BHP,FME,S2T,,
0,65,70,59,52.72,91600,55876,5.25,2625,545.9553073,,DRC090,0.25,0.655,0.895,0.61,55.88,91.6
1,65,70,59,52.72,92800,62176,5.28,3000,829.3519553,,,0.25,0.995,0.895,0.67,62.18,92.8
2,65,70,59,52.72,94200,65940,5.31,3375,1091.910615,,,0.25,1.31,0.895,0.7,65.94,94.2
3,65,75,59,38.63,91600,67784,5.24,2625,545.9553073,,,0.25,0.655,0.895,0.74,67.78,91.6
4,65,75,59,38.63,92800,74240,5.27,3000,829.3519553,,,0.25,0.995,0.895,0.8,74.24,92.8
5,65,75,59,38.63,94300,78269,5.3,3375,1091.910615,,,0.25,1.31,0.895,0.83,78.27,94.3
6,65,70,63,68.69,92900,49237,5.24,2625,545.9553073,,,0.25,0.655,0.895,0.53,49.24,92.9
7,65,70,63,68.69,94100,55519,5.27,3000,829.3519553,,,0.25,0.995,0.895,0.59,55.52,94.1
8,65,70,63,68.69,95500,60165,5.3,3375,1091.910615,,,0.25,1.31,0.895,0.63,60.17,95.5
9,65,75,63,52.11,92900,61314,5.24,2625,545.9553073,,,0.25,0.655,0.895,0.66,61.31,92.9
10,65,75,63,52.11,94100,67752,5.27,3000,829.3519553,,,0.25,0.995,0.895,0.72,67.75,94.1
11,65,75,63,52.11,95600,71700,5.3,3375,1091.910615,,,0.25,1.31,0.895,0.75,71.7,95.6
12,65,70,67,86.02,95600,38240,5.23,2625,545.9553073,,,0.25,0.655,0.895,0.4,38.24,95.6
13,65,70,67,86.02,96800,44528,5.26,3000,829.3519553,,,0.25,0.995,0.895,0.46,44.53,96.8
14,65,70,67,86.02,98200,48118,5.29,3375,1091.910615,,,0.25,1.31,0.895,0.49,48.12,98.2
15,65,75,67,66.75,95600,49712,5.23,2625,545.9553073,,,0.25,0.655,0.895,0.52,49.71,95.6
16,65,75,67,66.75,96800,56144,5.26,3000,829.3519553,,,0.25,0.995,0.895,0.58,56.14,96.8
17,65,75,67,66.75,98300,60946,5.29,3375,1091.910615,,,0.25,1.31,0.895,0.62,60.95,98.3
18,65,70,71,104.86,0,0,,2625,0,,,,,0.895,,,
19,65,70,71,104.86,0,0,,3000,0,,,,,0.895,,,
20,65,70,71,104.86,0,0,,3375,0,,,,,0.895,,,
21,65,75,71,82.67,99800,39920,5.3,2625,545.9553073,,,0.25,0.655,0.895,0.4,39.92,99.8
22,65,75,71,82.67,101000,40400,5.3,3000,829.3519553,,,0.25,0.995,0.895,0.4,40.4,101
23,65,75,71,82.67,102500,51250,5.3,3375,1091.910615,,,0.25,1.31,0.895,0.5,51.25,102.5
24,75,70,59,52.72,90700,55327,5.86,2625,545.9553073,,,0.25,0.655,0.895,0.61,55.33,90.7
25,75,70,59,52.72,91900,61573,5.9,3000,829.3519553,,,0.25,0.995,0.895,0.67,61.57,91.9
26,75,70,59,52.72,93400,66314,5.92,3375,1091.910615,,,0.25,1.31,0.895,0.71,66.31,93.4
27,75,75,59,38.63,90800,90800,5.86,2625,545.9553073,,,0.25,0.655,0.895,1,90.8,90.8
28,75,75,59,38.63,92000,92000,5.89,3000,829.3519553,,,0.25,0.995,0.895,1,92,92
29,75,75,59,38.63,93400,93400,5.92,3375,1091.910615,,,0.25,1.31,0.895,1,93.4,93.4
30,75,70,63,68.69,92000,49680,5.86,2625,545.9553073,,,0.25,0.655,0.895,0.54,49.68,92
31,75,70,63,68.69,93200,55920,5.89,3000,829.3519553,,,0.25,0.995,0.895,0.6,55.92,93.2
32,75,70,63,68.69,94700,59661,5.92,3375,1091.910615,,,0.25,1.31,0.895,0.63,59.66,94.7
33,75,75,63,52.11,92100,61707,5.86,2625,545.9553073,,,0.25,0.655,0.895,0.67,61.71,92.1
34,75,75,63,52.11,93300,68109,5.89,3000,829.3519553,,,0.25,0.995,0.895,0.73,68.11,93.3
35,75,75,63,52.11,94700,71972,5.91,3375,1091.910615,,,0.25,1.31,0.895,0.76,71.97,94.7
36,75,70,67,86.02,94800,37920,5.85,2625,545.9553073,,,0.25,0.655,0.895,0.4,37.92,94.8
37,75,70,67,86.02,96000,44160,5.88,3000,829.3519553,,,0.25,0.995,0.895,0.46,44.16,96
38,75,70,67,86.02,97400,48700,5.91,3375,1091.910615,,,0.25,1.31,0.895,0.5,48.7,97.4
39,75,75,67,66.75,94800,50244,5.84,2625,545.9553073,,,0.25,0.655,0.895,0.53,50.24,94.8
40,75,75,67,66.75,96000,56640,5.88,3000,829.3519553,,,0.25,0.995,0.895,0.59,56.64,96
41,75,75,67,66.75,97500,60450,5.9,3375,1091.910615,,,0.25,1.31,0.895,0.62,60.45,97.5
42,75,70,71,104.86,0,0,,2625,,,,,,0.895,,,
43,75,70,71,104.86,0,0,,3000,,,,,,0.895,,,
44,75,70,71,104.86,0,0,,3375,,,,,,0.895,,,
45,75,75,71,82.67,99000,39600,5.9,2625,545.9553073,,,0.25,0.655,0.895,0.4,39.6,99
46,75,75,71,82.67,100200,40080,5.9,3000,829.3519553,,,0.25,0.995,0.895,0.4,40.08,100.2
47,75,75,71,82.67,101700,50850,6,3375,1091.910615,,,0.25,1.31,0.895,0.5,50.85,101.7
48,85,70,59,52.72,88400,56576,6.55,2625,545.9553073,,,0.25,0.655,0.895,0.64,56.58,88.4
49,85,70,59,52.72,89600,62720,6.58,3000,829.3519553,,,0.25,0.995,0.895,0.7,62.72,89.6
50,85,70,59,52.72,91000,91000,6.61,3375,1091.910615,,,0.25,1.31,0.895,1,91,91
51,85,75,59,38.63,88400,88400,6.55,2625,545.9553073,,,0.25,0.655,0.895,1,88.4,88.4
52,85,75,59,38.63,89600,89600,6.58,3000,829.3519553,,,0.25,0.995,0.895,1,89.6,89.6
53,85,75,59,38.63,91100,91100,6.61,3375,1091.910615,,,0.25,1.31,0.895,1,91.1,91.1
54,85,70,63,68.69,89600,50176,6.55,2625,545.9553073,,,0.25,0.655,0.895,0.56,50.18,89.6
55,85,70,63,68.69,90900,56358,6.58,3000,829.3519553,,,0.25,0.995,0.895,0.62,56.36,90.9
56,85,70,63,68.69,92300,60918,6.61,3375,1091.910615,,,0.25,1.31,0.895,0.66,60.92,92.3
57,85,75,63,52.11,89700,61893,6.54,2625,545.9553073,,,0.25,0.655,0.895,0.69,61.89,89.7
58,85,75,63,52.11,90900,68175,6.58,3000,829.3519553,,,0.25,0.995,0.895,0.75,68.18,90.9
59,85,75,63,52.11,92300,72917,6.6,3375,1091.910615,,,0.25,1.31,0.895,0.79,72.92,92.3
60,85,70,67,86.02,92400,39732,6.54,2625,545.9553073,,,0.25,0.655,0.895,0.43,39.73,92.4
61,85,70,67,86.02,93600,45864,6.57,3000,829.3519553,,,0.25,0.995,0.895,0.49,45.86,93.6
62,85,70,67,86.02,95000,49400,6.6,3375,1091.910615,,,0.25,1.31,0.895,0.52,49.4,95
63,85,75,67,66.75,92400,51744,6.53,2625,545.9553073,,,0.25,0.655,0.895,0.56,51.74,92.4
64,85,75,67,66.75,93600,58032,6.57,3000,829.3519553,,,0.25,0.995,0.895,0.62,58.03,93.6
65,85,75,67,66.75,95100,61815,6.59,3375,1091.910615,,,0.25,1.31,0.895,0.65,61.82,95.1
66,85,70,71,104.86,0,0,,2625,,,,,,0.895,,,
67,85,70,71,104.86,0,0,,3000,,,,,,0.895,,,
68,85,70,71,104.86,0,0,,3375,,,,,,0.895,,,
69,85,75,71,82.67,96600,38640,6.6,2625,545.9553073,,,0.25,0.655,0.895,0.4,38.64,96.6
70,85,75,71,82.67,97800,48900,6.6,3000,829.3519553,,,0.25,0.995,0.895,0.5,48.9,97.8
71,85,75,71,82.67,99300,49650,6.6,3375,1091.910615,,,0.25,1.31,0.895,0.5,49.65,99.3
72,95,70,59,52.72,84200,84200,7.3,2625,545.9553073,,,0.25,0.655,0.895,1,84.2,84.2
73,95,70,59,52.72,85400,85400,7.33,3000,829.3519553,,,0.25,0.995,0.895,1,85.4,85.4
74,95,70,59,52.72,86900,86900,7.36,3375,1091.910615,,,0.25,1.31,0.895,1,86.9,86.9
75,95,75,59,38.63,84300,84300,7.29,2625,545.9553073,,,0.25,0.655,0.895,1,84.3,84.3
76,95,75,59,38.63,85500,85500,7.33,3000,829.3519553,,,0.25,0.995,0.895,1,85.5,85.5
77,95,75,59,38.63,86900,86900,7.35,3375,1091.910615,,,0.25,1.31,0.895,1,86.9,86.9
78,95,70,63,68.69,85500,49590,7.29,2625,545.9553073,,,0.25,0.655,0.895,0.58,49.59,85.5
79,95,70,63,68.69,86700,55488,7.33,3000,829.3519553,,,0.25,0.995,0.895,0.64,55.49,86.7
80,95,70,63,68.69,88200,59976,7.35,3375,1091.910615,,,0.25,1.31,0.895,0.68,59.98,88.2
81,95,75,63,52.11,85600,60776,7.29,2625,545.9553073,,,0.25,0.655,0.895,0.71,60.78,85.6
82,95,75,63,52.11,86800,66836,7.32,3000,829.3519553,,,0.25,0.995,0.895,0.77,66.84,86.8
83,95,75,63,52.11,88200,71442,7.35,3375,1091.910615,,,0.25,1.31,0.895,0.81,71.44,88.2
84,95,70,67,86.02,88300,39735,7.28,2625,545.9553073,,,0.25,0.655,0.895,0.45,39.74,88.3
85,95,70,67,86.02,89500,45645,7.31,3000,829.3519553,,,0.25,0.995,0.895,0.51,45.65,89.5
86,95,70,67,86.02,90900,49086,7.34,3375,1091.910615,,,0.25,1.31,0.895,0.54,49.09,90.9
87,95,75,67,66.75,88300,51214,7.28,2625,545.9553073,,,0.25,0.655,0.895,0.58,51.21,88.3
88,95,75,67,66.75,89500,57280,7.31,3000,829.3519553,,,0.25,0.995,0.895,0.64,57.28,89.5
89,95,75,67,66.75,91000,60970,7.34,3375,1091.910615,,,0.25,1.31,0.895,0.67,60.97,91
90,95,70,71,104.86,0,0,,2625,,,,,,0.895,,,
91,95,70,71,104.86,0,0,,3000,,,,,,0.895,,,
92,95,70,71,104.86,0,0,,3375,,,,,,0.895,,,
93,95,75,71,82.67,92500,37000,7.3,2625,545.9553073,,,0.25,0.655,0.895,0.4,37,92.5
94,95,75,71,82.67,93700,46850,7.4,3000,829.3519553,,,0.25,0.995,0.895,0.5,46.85,93.7
95,95,75,71,82.67,95100,47550,7.4,3375,1091.910615,,,0.25,1.31,0.895,0.5,47.55,95.1
96,105,70,59,52.72,79200,79200,8.13,2625,545.9553073,,,0.25,0.655,0.895,1,79.2,79.2
97,105,70,59,52.72,80400,80400,8.16,3000,829.3519553,,,0.25,0.995,0.895,1,80.4,80.4
98,105,70,59,52.72,81900,81900,8.19,3375,1091.910615,,,0.25,1.31,0.895,1,81.9,81.9
99,105,75,59,38.63,79300,79300,8.13,2625,545.9553073,,,0.25,0.655,0.895,1,79.3,79.3
100,105,75,59,38.63,80500,80500,8.16,3000,829.3519553,,,0.25,0.995,0.895,1,80.5,80.5
101,105,75,59,38.63,81900,81900,8.19,3375,1091.910615,,,0.25,1.31,0.895,1,81.9,81.9
102,105,70,63,68.69,80500,48300,8.13,2625,545.9553073,,,0.25,0.655,0.895,0.6,48.3,80.5
103,105,70,63,68.69,81700,53922,8.16,3000,829.3519553,,,0.25,0.995,0.895,0.66,53.92,81.7
104,105,70,63,68.69,83200,58240,8.18,3375,1091.910615,,,0.25,1.31,0.895,0.7,58.24,83.2
105,105,75,63,52.11,80600,58838,8.12,2625,545.9553073,,,0.25,0.655,0.895,0.73,58.84,80.6
106,105,75,63,52.11,81800,81800,8.15,3000,829.3519553,,,0.25,0.995,0.895,1,81.8,81.8
107,105,75,63,52.11,83200,83200,8.18,3375,1091.910615,,,0.25,1.31,0.895,1,83.2,83.2
108,105,70,67,86.02,83200,39104,8.12,2625,545.9553073,,,0.25,0.655,0.895,0.47,39.1,83.2
109,105,70,67,86.02,84400,44732,8.15,3000,829.3519553,,,0.25,0.995,0.895,0.53,44.73,84.4
110,105,70,67,86.02,85900,48104,8.17,3375,1091.910615,,,0.25,1.31,0.895,0.56,48.1,85.9
111,105,75,67,66.75,83300,49980,8.11,2625,545.9553073,,,0.25,0.655,0.895,0.6,49.98,83.3
112,105,75,67,66.75,84500,55770,8.14,3000,829.3519553,,,0.25,0.995,0.895,0.66,55.77,84.5
113,105,75,67,66.75,85900,59271,8.17,3375,1091.910615,,,0.25,1.31,0.895,0.69,59.27,85.9
114,105,70,71,104.86,0,0,,2625,,,,,,0.895,,,
115,105,70,71,104.86,0,0,,3000,,,,,,0.895,,,
116,105,70,71,104.86,0,0,,3375,,,,,,0.895,,,
117,105,75,71,82.67,87500,43750,8.2,2625,545.9553073,,,0.25,0.655,0.895,0.5,43.75,87.5
118,105,75,71,82.67,88700,44350,8.2,3000,829.3519553,,,0.25,0.995,0.895,0.5,44.35,88.7
119,105,75,71,82.67,90100,45050,8.2,3375,1091.910615,,,0.25,1.31,0.895,0.5,45.05,90.1
120,115,70,59,52.72,74600,74600,9.11,2625,545.9553073,,,0.25,0.655,0.895,1,74.6,74.6
121,115,70,59,52.72,75800,75800,9.14,3000,829.3519553,,,0.25,0.995,0.895,1,75.8,75.8
122,115,70,59,52.72,77300,77300,9.17,3375,1091.910615,,,0.25,1.31,0.895,1,77.3,77.3
123,115,75,59,38.63,74700,74700,9.1,2625,545.9553073,,,0.25,0.655,0.895,1,74.7,74.7
124,115,75,59,38.63,75900,75900,9.14,3000,829.3519553,,,0.25,0.995,0.895,1,75.9,75.9
125,115,75,59,38.63,77300,77300,9.16,3375,1091.910615,,,0.25,1.31,0.895,1,77.3,77.3
126,115,70,63,68.69,75900,50094,9.1,2625,545.9553073,,,0.25,0.655,0.895,0.66,50.09,75.9
127,115,70,63,68.69,77100,55512,9.13,3000,829.3519553,,,0.25,0.995,0.895,0.72,55.51,77.1
128,115,70,63,68.69,78600,78600,9.16,3375,1091.910615,,,0.25,1.31,0.895,1,78.6,78.6
129,115,75,63,52.11,76000,76000,9.1,2625,545.9553073,,,0.25,0.655,0.895,1,76,76
130,115,75,63,52.11,77200,77200,9.13,3000,829.3519553,,,0.25,0.995,0.895,1,77.2,77.2
131,115,75,63,52.11,78600,78600,9.16,3375,1091.910615,,,0.25,1.31,0.895,1,78.6,78.6
132,115,70,67,86.02,78700,40924,9.09,2625,545.9553073,,,0.25,0.655,0.895,0.52,40.92,78.7
133,115,70,67,86.02,79900,46342,9.12,3000,829.3519553,,,0.25,0.995,0.895,0.58,46.34,79.9
134,115,70,67,86.02,81300,49593,9.15,3375,1091.910615,,,0.25,1.31,0.895,0.61,49.59,81.3
135,115,75,67,66.75,78700,51155,9.09,2625,545.9553073,,,0.25,0.655,0.895,0.65,51.16,78.7
136,115,75,67,66.75,79900,56729,9.12,3000,829.3519553,,,0.25,0.995,0.895,0.71,56.73,79.9
137,115,75,67,66.75,81400,60236,9.15,3375,1091.910615,,,0.25,1.31,0.895,0.74,60.24,81.4
138,115,70,71,104.86,0,0,,2625,,,,,,0.895,,,
139,115,70,71,104.86,0,0,,3000,,,,,,0.895,,,
140,115,70,71,104.86,0,0,,3375,,,,,,0.895,,,
141,115,75,71,82.67,82900,41450,9.1,2625,545.9553073,,,0.25,0.655,0.895,0.5,41.45,82.9
142,115,75,71,82.67,84100,50460,9.2,3000,829.3519553,,,0.25,0.995,0.895,0.6,50.46,84.1
143,115,75,71,82.67,85500,51300,9.2,3375,1091.910615,,,0.25,1.31,0.895,0.6,51.3,85.5
0,65,80,59,27.74,92100,92100,5.25,2625,545.9553073,,,0.25,0.655,0.895,1,92.1,92.1
1,65,80,59,27.74,93300,93300,5.28,3000,829.3519553,,,0.25,0.995,0.895,1,93.3,93.3
2,65,80,59,27.74,94700,94700,5.31,3375,1091.910615,,,0.25,1.31,0.895,1,94.7,94.7
3,65,85,59,19.34,93600,93600,5.26,2625,545.9553073,,,0.25,0.655,0.895,1,93.6,93.6
4,65,85,59,19.34,94800,94800,5.29,3000,829.3519553,,,0.25,0.995,0.895,1,94.8,94.8
5,65,85,59,19.34,96300,96300,5.32,3375,1091.910615,,,0.25,1.31,0.895,1,96.3,96.3
6,65,80,63,39.17,93400,73786,5.24,2625,545.9553073,,,0.25,0.655,0.895,0.79,73.79,93.4
7,65,80,63,39.17,94600,80410,5.27,3000,829.3519553,,,0.25,0.995,0.895,0.85,80.41,94.6
8,65,80,63,39.17,96000,84480,5.3,3375,1091.910615,,,0.25,1.31,0.895,0.88,84.48,96
9,65,85,63,29.06,94900,84461,5.25,2625,545.9553073,,,0.25,0.655,0.895,0.89,84.46,94.9
10,65,85,63,29.06,96100,91295,5.29,3000,829.3519553,,,0.25,0.995,0.895,0.95,91.29,96.1
11,65,85,63,29.06,97600,95648,5.31,3375,1091.910615,,,0.25,1.31,0.895,0.98,95.65,97.6
12,65,80,67,51.57,96100,62465,5.23,2625,545.9553073,,,0.25,0.655,0.895,0.65,62.46,96.1
13,65,80,67,51.57,97300,69083,5.26,3000,829.3519553,,,0.25,0.995,0.895,0.71,69.08,97.3
14,65,80,67,51.57,98800,73112,5.29,3375,1091.910615,,,0.25,1.31,0.895,0.74,73.11,98.8
15,65,85,67,39.6,97700,73275,5.24,2625,545.9553073,,,0.25,0.655,0.895,0.75,73.28,97.7
16,65,85,67,39.6,98900,80109,5.27,3000,829.3519553,,,0.25,0.995,0.895,0.81,80.11,98.9
17,65,85,67,39.6,100300,85255,5.3,3375,1091.910615,,,0.25,1.31,0.895,0.85,85.26,100.3
18,65,80,71,65.06,100300,50150,5.3,2625,545.9553073,,,0.25,0.655,0.895,0.5,50.15,100.3
19,65,80,71,65.06,101500,60900,5.3,3000,829.3519553,,,0.25,0.995,0.895,0.6,60.9,101.5
20,65,80,71,65.06,102900,61740,5.3,3375,1091.910615,,,0.25,1.31,0.895,0.6,61.74,102.9
21,65,85,71,51.08,101800,61080,5.3,2625,545.9553073,,,0.25,0.655,0.895,0.6,61.08,101.8
22,65,85,71,51.08,103000,72100,5.3,3000,829.3519553,,,0.25,0.995,0.895,0.7,72.1,103
23,65,85,71,51.08,104500,73150,5.3,3375,1091.910615,,,0.25,1.31,0.895,0.7,73.15,104.5
24,75,80,59,27.74,91300,91300,5.86,2625,545.9553073,,,0.25,0.655,0.895,1,91.3,91.3
25,75,80,59,27.74,92500,92500,5.9,3000,829.3519553,,,0.25,0.995,0.895,1,92.5,92.5
26,75,80,59,27.74,93900,93900,5.92,3375,1091.910615,,,0.25,1.31,0.895,1,93.9,93.9
27,75,85,59,19.34,92800,92800,5.87,2625,545.9553073,,,0.25,0.655,0.895,1,92.8,92.8
28,75,85,59,19.34,94000,94000,5.91,3000,829.3519553,,,0.25,0.995,0.895,1,94,94
29,75,85,59,19.34,95500,95500,5.93,3375,1091.910615,,,0.25,1.31,0.895,1,95.5,95.5
30,75,80,63,39.17,92600,73154,5.86,2625,545.9553073,,,0.25,0.655,0.895,0.79,73.15,92.6
31,75,80,63,39.17,93800,79730,5.89,3000,829.3519553,,,0.25,0.995,0.895,0.85,79.73,93.8
32,75,80,63,39.17,95200,84728,5.92,3375,1091.910615,,,0.25,1.31,0.895,0.89,84.73,95.2
33,75,85,63,29.06,94100,94100,5.87,2625,545.9553073,,,0.25,0.655,0.895,1,94.1,94.1
34,75,85,63,29.06,95300,95300,5.9,3000,829.3519553,,,0.25,0.995,0.895,1,95.3,95.3
35,75,85,63,29.06,96800,96800,5.93,3375,1091.910615,,,0.25,1.31,0.895,1,96.8,96.8
36,75,80,67,51.57,95300,62898,5.85,2625,545.9553073,,,0.25,0.655,0.895,0.66,62.9,95.3
37,75,80,67,51.57,96500,69480,5.88,3000,829.3519553,,,0.25,0.995,0.895,0.72,69.48,96.5
38,75,80,67,51.57,97900,73425,5.91,3375,1091.910615,,,0.25,1.31,0.895,0.75,73.43,97.9
39,75,85,67,39.6,96800,73568,5.86,2625,545.9553073,,,0.25,0.655,0.895,0.76,73.57,96.8
40,75,85,67,39.6,98000,80360,5.89,3000,829.3519553,,,0.25,0.995,0.895,0.82,80.36,98
41,75,85,67,39.6,99500,84575,5.92,3375,1091.910615,,,0.25,1.31,0.895,0.85,84.58,99.5
42,75,80,71,65.06,99500,49750,5.9,2625,545.9553073,,,0.25,0.655,0.895,0.5,49.75,99.5
43,75,80,71,65.06,100700,60420,5.9,3000,829.3519553,,,0.25,0.995,0.895,0.6,60.42,100.7
44,75,80,71,65.06,102100,61260,6,3375,1091.910615,,,0.25,1.31,0.895,0.6,61.26,102.1
45,75,85,71,51.08,101000,60600,5.9,2625,545.9553073,,,0.25,0.655,0.895,0.6,60.6,101
46,75,85,71,51.08,102200,71540,5.9,3000,829.3519553,,,0.25,0.995,0.895,0.7,71.54,102.2
47,75,85,71,51.08,103700,72590,6,3375,1091.910615,,,0.25,1.31,0.895,0.7,72.59,103.7
48,85,80,59,27.74,88900,88900,6.55,2625,545.9553073,,,0.25,0.655,0.895,1,88.9,88.9
49,85,80,59,27.74,90100,90100,6.58,3000,829.3519553,,,0.25,0.995,0.895,1,90.1,90.1
50,85,80,59,27.74,91500,91500,6.61,3375,1091.910615,,,0.25,1.31,0.895,1,91.5,91.5
51,85,85,59,19.34,90400,90400,6.56,2625,545.9553073,,,0.25,0.655,0.895,1,90.4,90.4
52,85,85,59,19.34,91600,91600,6.6,3000,829.3519553,,,0.25,0.995,0.895,1,91.6,91.6
53,85,85,59,19.34,93100,93100,6.62,3375,1091.910615,,,0.25,1.31,0.895,1,93.1,93.1
54,85,80,63,39.17,90200,73964,6.55,2625,545.9553073,,,0.25,0.655,0.895,0.82,73.96,90.2
55,85,80,63,39.17,91400,80432,6.58,3000,829.3519553,,,0.25,0.995,0.895,0.88,80.43,91.4
56,85,80,63,39.17,92800,92800,6.61,3375,1091.910615,,,0.25,1.31,0.895,1,92.8,92.8
57,85,85,63,29.06,91700,91700,6.56,2625,545.9553073,,,0.25,0.655,0.895,1,91.7,91.7
58,85,85,63,29.06,92900,92900,6.59,3000,829.3519553,,,0.25,0.995,0.895,1,92.9,92.9
59,85,85,63,29.06,94400,94400,6.62,3375,1091.910615,,,0.25,1.31,0.895,1,94.4,94.4
60,85,80,67,51.57,92900,63172,6.54,2625,545.9553073,,,0.25,0.655,0.895,0.68,63.17,92.9
61,85,80,67,51.57,94100,69634,6.57,3000,829.3519553,,,0.25,0.995,0.895,0.74,69.63,94.1
62,85,80,67,51.57,95600,74568,6.6,3375,1091.910615,,,0.25,1.31,0.895,0.78,74.57,95.6
63,85,85,67,39.6,94500,73710,6.55,2625,545.9553073,,,0.25,0.655,0.895,0.78,73.71,94.5
64,85,85,67,39.6,95700,80388,6.58,3000,829.3519553,,,0.25,0.995,0.895,0.84,80.39,95.7
65,85,85,67,39.6,97100,85448,6.61,3375,1091.910615,,,0.25,1.31,0.895,0.88,85.45,97.1
66,85,80,71,65.06,97100,48550,6.6,2625,545.9553073,,,0.25,0.655,0.895,0.5,48.55,97.1
67,85,80,71,65.06,98300,58980,6.6,3000,829.3519553,,,0.25,0.995,0.895,0.6,58.98,98.3
68,85,80,71,65.06,99700,59820,6.6,3375,1091.910615,,,0.25,1.31,0.895,0.6,59.82,99.7
69,85,85,71,51.08,98600,59160,6.6,2625,545.9553073,,,0.25,0.655,0.895,0.6,59.16,98.6
70,85,85,71,51.08,99800,69860,6.6,3000,829.3519553,,,0.25,0.995,0.895,0.7,69.86,99.8
71,85,85,71,51.08,101300,70910,6.7,3375,1091.910615,,,0.25,1.31,0.895,0.7,70.91,101.3
72,95,80,59,27.74,84800,84800,7.3,2625,545.9553073,,,0.25,0.655,0.895,1,84.8,84.8
73,95,80,59,27.74,86000,86000,7.33,3000,829.3519553,,,0.25,0.995,0.895,1,86,86
74,95,80,59,27.74,87400,87400,7.36,3375,1091.910615,,,0.25,1.31,0.895,1,87.4,87.4
75,95,85,59,19.34,86300,86300,7.31,2625,545.9553073,,,0.25,0.655,0.895,1,86.3,86.3
76,95,85,59,19.34,87500,87500,7.34,3000,829.3519553,,,0.25,0.995,0.895,1,87.5,87.5
77,95,85,59,19.34,89000,89000,7.37,3375,1091.910615,,,0.25,1.31,0.895,1,89,89
78,95,80,63,39.17,86100,86100,7.29,2625,545.9553073,,,0.25,0.655,0.895,1,86.1,86.1
79,95,80,63,39.17,87300,87300,7.32,3000,829.3519553,,,0.25,0.995,0.895,1,87.3,87.3
80,95,80,63,39.17,88700,88700,7.35,3375,1091.910615,,,0.25,1.31,0.895,1,88.7,88.7
81,95,85,63,29.06,87600,87600,7.3,2625,545.9553073,,,0.25,0.655,0.895,1,87.6,87.6
82,95,85,63,29.06,88800,88800,7.34,3000,829.3519553,,,0.25,0.995,0.895,1,88.8,88.8
83,95,85,63,29.06,90300,90300,7.36,3375,1091.910615,,,0.25,1.31,0.895,1,90.3,90.3
84,95,80,67,51.57,88800,62160,7.28,2625,545.9553073,,,0.25,0.655,0.895,0.7,62.16,88.8
85,95,80,67,51.57,90000,68400,7.31,3000,829.3519553,,,0.25,0.995,0.895,0.76,68.4,90
86,95,80,67,51.57,91400,73120,7.34,3375,1091.910615,,,0.25,1.31,0.895,0.8,73.12,91.4
87,95,85,67,39.6,90300,72240,7.29,2625,545.9553073,,,0.25,0.655,0.895,0.8,72.24,90.3
88,95,85,67,39.6,91500,78690,7.33,3000,829.3519553,,,0.25,0.995,0.895,0.86,78.69,91.5
89,95,85,67,39.6,93000,83700,7.35,3375,1091.910615,,,0.25,1.31,0.895,0.9,83.7,93
90,95,80,71,65.06,93000,55800,7.3,2625,545.9553073,,,0.25,0.655,0.895,0.6,55.8,93
91,95,80,71,65.06,94200,56520,7.4,3000,829.3519553,,,0.25,0.995,0.895,0.6,56.52,94.2
92,95,80,71,65.06,95600,66920,7.4,3375,1091.910615,,,0.25,1.31,0.895,0.7,66.92,95.6
93,95,85,71,51.08,94500,66150,7.3,2625,545.9553073,,,0.25,0.655,0.895,0.7,66.15,94.5
94,95,85,71,51.08,95700,66990,7.4,3000,829.3519553,,,0.25,0.995,0.895,0.7,66.99,95.7
95,95,85,71,51.08,97200,77760,7.4,3375,1091.910615,,,0.25,1.31,0.895,0.8,77.76,97.2
96,105,80,59,27.74,79700,79700,8.13,2625,545.9553073,,,0.25,0.655,0.895,1,79.7,79.7
97,105,80,59,27.74,80900,80900,8.16,3000,829.3519553,,,0.25,0.995,0.895,1,80.9,80.9
98,105,80,59,27.74,82400,82400,8.19,3375,1091.910615,,,0.25,1.31,0.895,1,82.4,82.4
99,105,85,59,19.34,81300,81300,8.14,2625,545.9553073,,,0.25,0.655,0.895,1,81.3,81.3
100,105,85,59,19.34,82500,82500,8.17,3000,829.3519553,,,0.25,0.995,0.895,1,82.5,82.5
101,105,85,59,19.34,83900,83900,8.2,3375,1091.910615,,,0.25,1.31,0.895,1,83.9,83.9
102,105,80,63,39.17,81000,81000,8.12,2625,545.9553073,,,0.25,0.655,0.895,1,81,81
103,105,80,63,39.17,82200,82200,8.16,3000,829.3519553,,,0.25,0.995,0.895,1,82.2,82.2
104,105,80,63,39.17,83700,83700,8.18,3375,1091.910615,,,0.25,1.31,0.895,1,83.7,83.7
105,105,85,63,29.06,82600,82600,8.14,2625,545.9553073,,,0.25,0.655,0.895,1,82.6,82.6
106,105,85,63,29.06,83800,83800,8.17,3000,829.3519553,,,0.25,0.995,0.895,1,83.8,83.8
107,105,85,63,29.06,85200,85200,8.2,3375,1091.910615,,,0.25,1.31,0.895,1,85.2,85.2
108,105,80,67,51.57,83800,60336,8.11,2625,545.9553073,,,0.25,0.655,0.895,0.72,60.34,83.8
109,105,80,67,51.57,85000,66300,8.15,3000,829.3519553,,,0.25,0.995,0.895,0.78,66.3,85
110,105,80,67,51.57,86400,70848,8.17,3375,1091.910615,,,0.25,1.31,0.895,0.82,70.85,86.4
111,105,85,67,39.6,85300,85300,8.13,2625,545.9553073,,,0.25,0.655,0.895,1,85.3,85.3
112,105,85,67,39.6,86500,86500,8.16,3000,829.3519553,,,0.25,0.995,0.895,1,86.5,86.5
113,105,85,67,39.6,88000,88000,8.19,3375,1091.910615,,,0.25,1.31,0.895,1,88,88
114,105,80,71,65.06,87900,52740,8.2,2625,545.9553073,,,0.25,0.655,0.895,0.6,52.74,87.9
115,105,80,71,65.06,89200,53520,8.2,3000,829.3519553,,,0.25,0.995,0.895,0.6,53.52,89.2
116,105,80,71,65.06,90600,63420,8.2,3375,1091.910615,,,0.25,1.31,0.895,0.7,63.42,90.6
117,105,85,71,51.08,89500,62650,8.2,2625,545.9553073,,,0.25,0.655,0.895,0.7,62.65,89.5
118,105,85,71,51.08,90700,63490,8.2,3000,829.3519553,,,0.25,0.995,0.895,0.7,63.49,90.7
119,105,85,71,51.08,92100,73680,8.2,3375,1091.910615,,,0.25,1.31,0.895,0.8,73.68,92.1
120,115,80,59,27.74,75200,75200,9.11,2625,545.9553073,,,0.25,0.655,0.895,1,75.2,75.2
121,115,80,59,27.74,76400,76400,9.14,3000,829.3519553,,,0.25,0.995,0.895,1,76.4,76.4
122,115,80,59,27.74,77800,77800,9.17,3375,1091.910615,,,0.25,1.31,0.895,1,77.8,77.8
123,115,85,59,19.34,76700,76700,9.12,2625,545.9553073,,,0.25,0.655,0.895,1,76.7,76.7
124,115,85,59,19.34,77900,77900,9.15,3000,829.3519553,,,0.25,0.995,0.895,1,77.9,77.9
125,115,85,59,19.34,79300,79300,9.18,3375,1091.910615,,,0.25,1.31,0.895,1,79.3,79.3
126,115,80,63,39.17,76400,76400,9.1,2625,545.9553073,,,0.25,0.655,0.895,1,76.4,76.4
127,115,80,63,39.17,77600,77600,9.13,3000,829.3519553,,,0.25,0.995,0.895,1,77.6,77.6
128,115,80,63,39.17,79100,79100,9.16,3375,1091.910615,,,0.25,1.31,0.895,1,79.1,79.1
129,115,85,63,29.06,78000,78000,9.11,2625,545.9553073,,,0.25,0.655,0.895,1,78,78
130,115,85,63,29.06,79200,79200,9.15,3000,829.3519553,,,0.25,0.995,0.895,1,79.2,79.2
131,115,85,63,29.06,80600,80600,9.17,3375,1091.910615,,,0.25,1.31,0.895,1,80.6,80.6
132,115,80,67,51.57,79200,60984,9.09,2625,545.9553073,,,0.25,0.655,0.895,0.77,60.98,79.2
133,115,80,67,51.57,80400,66732,9.12,3000,829.3519553,,,0.25,0.995,0.895,0.83,66.73,80.4
134,115,80,67,51.57,81800,81800,9.15,3375,1091.910615,,,0.25,1.31,0.895,1,81.8,81.8
135,115,85,67,39.6,80700,80700,9.1,2625,545.9553073,,,0.25,0.655,0.895,1,80.7,80.7
136,115,85,67,39.6,81900,81900,9.14,3000,829.3519553,,,0.25,0.995,0.895,1,81.9,81.9
137,115,85,67,39.6,83400,83400,9.16,3375,1091.910615,,,0.25,1.31,0.895,1,83.4,83.4
138,115,80,71,65.06,83400,50040,9.1,2625,545.9553073,,,0.25,0.655,0.895,0.6,50.04,83.4
139,115,80,71,65.06,84600,59220,9.2,3000,829.3519553,,,0.25,0.995,0.895,0.7,59.22,84.6
140,115,80,71,65.06,86000,60200,9.2,3375,1091.910615,,,0.25,1.31,0.895,0.7,60.2,86
141,115,85,71,51.08,84900,59430,9.2,2625,545.9553073,,,0.25,0.655,0.895,0.7,59.43,84.9
142,115,85,71,51.08,86100,68880,9.2,3000,829.3519553,,,0.25,0.995,0.895,0.8,68.88,86.1
143,115,85,71,51.08,87500,70000,9.2,3375,1091.910615,,,0.25,1.31,0.895,0.8,70,87.5
0,65,70,59,52.72,105100,68315,6.06,3100,706.4078212,,DRC102,0.25,0.8475,0.895,0.65,68.32,105.1
1,65,70,59,52.72,106400,72352,6.09,3400,866.8603352,,,0.3,1.04,0.895,0.68,72.35,106.4
2,65,70,59,52.72,108500,74865,6.12,3825,1162.759777,,,0.3,1.395,0.895,0.69,74.87,108.5
3,65,75,59,38.63,105200,82056,6.06,3100,706.4078212,,,0.25,0.8475,0.895,0.78,82.06,105.2
4,65,75,59,38.63,106400,85120,6.08,3400,866.8603352,,,0.3,1.04,0.895,0.8,85.12,106.4
5,65,75,59,38.63,108500,88970,6.11,3825,1162.759777,,,0.3,1.395,0.895,0.82,88.97,108.5
6,65,70,63,68.69,106600,61828,6.06,3100,720.9944134,,,0.3,0.865,0.895,0.58,61.83,106.6
7,65,70,63,68.69,107800,64680,6.08,3400,866.8603352,,,0.3,1.04,0.895,0.6,64.68,107.8
8,65,70,63,68.69,109900,68138,6.11,3825,1162.759777,,,0.3,1.395,0.895,0.62,68.14,109.9
9,65,75,63,52.11,106700,74690,6.05,3100,720.9944134,,,0.3,0.865,0.895,0.7,74.69,106.7
10,65,75,63,52.11,107900,78767,6.08,3400,866.8603352,,,0.3,1.04,0.895,0.73,78.77,107.9
11,65,75,63,52.11,110000,82500,6.11,3825,1162.759777,,,0.3,1.395,0.895,0.75,82.5,110
12,65,70,67,86.02,109700,48268,6.05,3100,720.9944134,,,0.3,0.865,0.895,0.44,48.27,109.7
13,65,70,67,86.02,110900,52123,6.07,3400,866.8603352,,,0.3,1.04,0.895,0.47,52.12,110.9
14,65,70,67,86.02,113000,55370,6.1,3825,1162.759777,,,0.3,1.395,0.895,0.49,55.37,113
15,65,75,67,66.75,109800,62586,6.04,3100,720.9944134,,,0.3,0.865,0.895,0.57,62.59,109.8
16,65,75,67,66.75,111000,66600,6.06,3400,866.8603352,,,0.3,1.04,0.895,0.6,66.6,111
17,65,75,67,66.75,113100,68991,6.09,3825,1162.7598,,,0.3,1.395,0.895,0.61,68.99,113.1
18,65,70,71,104.86,0,0,,3100,0,,,,,0.895,,,
19,65,70,71,104.86,0,0,,3400,0,,,,,0.895,,,
20,65,70,71,104.86,0,0,,3825,0,,,,,0.895,,,
21,65,75,71,82.67,114500,45800,6.1,3100,720.9944,,,0.3,0.865,0.895,0.4,45.8,114.5
22,65,75,71,82.67,115700,57850,6.1,3400,866.8603,,,0.3,1.04,0.895,0.5,57.85,115.7
23,65,75,71,82.67,117800,58900,6.1,3825,1162.7598,,,0.3,1.395,0.895,0.5,58.9,117.8
24,75,70,59,52.72,104200,68772,6.76,3100,706.4078,,,0.25,0.8475,0.895,0.66,68.77,104.2
25,75,70,59,52.72,105400,71672,6.78,3400,850.1899,,,0.25,1.02,0.895,0.68,71.67,105.4
26,75,70,59,52.72,107500,75250,6.81,3825,1162.7598,,,0.3,1.395,0.895,0.7,75.25,107.5
27,75,75,59,38.63,104300,104300,6.75,3100,706.4078,,,0.25,0.8475,0.895,1,104.3,104.3
28,75,75,59,38.63,105500,105500,6.78,3400,850.1899,,,0.25,1.02,0.895,1,105.5,105.5
29,75,75,59,38.63,107600,107600,6.81,3825,1162.7598,,,0.3,1.395,0.895,1,107.6,107.6
30,75,70,63,68.69,105700,61306,6.75,3100,720.9944,,,0.3,0.865,0.895,0.58,61.31,105.7
31,75,70,63,68.69,106900,65209,6.78,3400,866.8603,,,0.3,1.04,0.895,0.61,65.21,106.9
32,75,70,63,68.69,109000,68670,6.81,3825,1162.7598,,,0.3,1.395,0.895,0.63,68.67,109
33,75,75,63,52.11,105700,75047,6.75,3100,720.9944,,,0.3,0.865,0.895,0.71,75.05,105.7
34,75,75,63,52.11,107000,79180,6.77,3400,866.8603,,,0.3,1.04,0.895,0.74,79.18,107
35,75,75,63,52.11,109100,81825,6.8,3825,1162.7598,,,0.3,1.395,0.895,0.75,81.82,109.1
36,75,70,67,86.02,108800,48960,6.74,3100,720.9944,,,0.3,0.865,0.895,0.45,48.96,108.8
37,75,70,67,86.02,110000,52800,6.76,3400,866.8603,,,0.3,1.04,0.895,0.48,52.8,110
38,75,70,67,86.02,112100,54929,6.79,3825,1162.7598,,,0.3,1.395,0.895,0.49,54.93,112.1
39,75,75,67,66.75,108800,63104,6.74,3100,720.9944,,,0.3,0.865,0.895,0.58,63.1,108.8
40,75,75,67,66.75,110100,66060,6.76,3400,866.8603,,,0.3,1.04,0.895,0.6,66.06,110.1
41,75,75,67,66.75,112200,69564,6.79,3825,1162.7598,,,0.3,1.395,0.895,0.62,69.56,112.2
42,75,70,71,104.86,0,0,,3100,0,,,,,0.895,,,
43,75,70,71,104.86,0,0,,3400,0,,,,,0.895,,,
44,75,70,71,104.86,0,0,,3825,0,,,,,0.895,,,
45,75,75,71,82.67,113600,45440,6.8,3100,720.9944,,,0.3,0.865,0.895,0.4,45.44,113.6
46,75,75,71,82.67,114800,57400,6.8,3400,866.8603,,,0.3,1.04,0.895,0.5,57.4,114.8
47,75,75,71,82.67,116900,58450,6.8,3825,1162.7598,,,0.3,1.395,0.895,0.5,58.45,116.9
48,85,70,59,52.72,101500,69020,7.53,3100,706.4078,,,0.25,0.8475,0.895,0.68,69.02,101.5
49,85,70,59,52.72,102700,72917,7.56,3400,850.1899,,,0.25,1.02,0.895,0.71,72.92,102.7
50,85,70,59,52.72,104800,104800,7.59,3825,1148.1732,,,0.25,1.3775,0.895,1,104.8,104.8
51,85,75,59,38.63,101600,101600,7.53,3100,706.4078,,,0.25,0.8475,0.895,1,101.6,101.6
52,85,75,59,38.63,102800,102800,7.55,3400,850.1899,,,0.25,1.02,0.895,1,102.8,102.8
53,85,75,59,38.63,104900,104900,7.58,3825,1148.1732,,,0.25,1.3775,0.895,1,104.9,104.9
54,85,70,63,68.69,103000,62830,7.53,3100,706.4078,,,0.25,0.8475,0.895,0.61,62.83,103
55,85,70,63,68.69,104200,65646,7.55,3400,850.1899,,,0.25,1.02,0.895,0.63,65.65,104.2
56,85,70,63,68.69,106300,69095,7.58,3825,1162.7598,,,0.3,1.395,0.895,0.65,69.1,106.3
57,85,75,63,52.11,103000,75190,7.52,3100,706.4078,,,0.25,0.8475,0.895,0.73,75.19,103
58,85,75,63,52.11,104300,79268,7.55,3400,850.1899,,,0.25,1.02,0.895,0.76,79.27,104.3
59,85,75,63,52.11,106400,82992,7.58,3825,1162.7598,,,0.3,1.395,0.895,0.78,82.99,106.4
60,85,70,67,86.02,106100,49867,7.52,3100,720.9944,,,0.3,0.865,0.895,0.47,49.87,106.1
61,85,70,67,86.02,107300,53650,7.54,3400,866.8603,,,0.3,1.04,0.895,0.5,53.65,107.3
62,85,70,67,86.02,109400,56888,7.57,3825,1162.7598,,,0.3,1.395,0.895,0.52,56.89,109.4
63,85,75,67,66.75,106100,63660,7.51,3100,720.9944,,,0.3,0.865,0.895,0.6,63.66,106.1
64,85,75,67,66.75,107400,67662,7.54,3400,866.8603,,,0.3,1.04,0.895,0.63,67.66,107.4
65,85,75,67,66.75,109500,70080,7.57,3825,1162.7598,,,0.3,1.395,0.895,0.64,70.08,109.5
66,85,70,71,104.86,0,0,,3100,0,,,,,0.895,,,
67,85,70,71,104.86,0,0,,3400,0,,,,,0.895,,,
68,85,70,71,104.86,0,0,,3825,0,,,,,0.895,,,
69,85,75,71,82.67,110900,55450,7.6,3100,720.9944,,,0.3,0.865,0.895,0.5,55.45,110.9
70,85,75,71,82.67,112100,56050,7.6,3400,866.8603,,,0.3,1.04,0.895,0.5,56.05,112.1
71,85,75,71,82.67,114200,57100,7.6,3825,1162.7598,,,0.3,1.395,0.895,0.5,57.1,114.2
72,95,70,59,52.72,96800,96800,8.37,3100,706.4078,,,0.25,0.8475,0.895,1,96.8,96.8
73,95,70,59,52.72,98100,98100,8.4,3400,850.1899,,,0.25,1.02,0.895,1,98.1,98.1
74,95,70,59,52.72,100200,100200,8.43,3825,1148.1732,,,0.25,1.3775,0.895,1,100.2,100.2
75,95,75,59,38.63,96900,96900,8.37,3100,706.4078,,,0.25,0.8475,0.895,1,96.9,96.9
76,95,75,59,38.63,98100,98100,8.39,3400,850.1899,,,0.25,1.02,0.895,1,98.1,98.1
77,95,75,59,38.63,100200,100200,8.42,3825,1148.1732,,,0.25,1.3775,0.895,1,100.2,100.2
78,95,70,63,68.69,98300,61929,8.37,3100,706.4078,,,0.25,0.8475,0.895,0.63,61.93,98.3
79,95,70,63,68.69,99500,64675,8.39,3400,850.1899,,,0.25,1.02,0.895,0.65,64.68,99.5
80,95,70,63,68.69,101600,68072,8.42,3825,1148.1732,,,0.25,1.3775,0.895,0.67,68.07,101.6
81,95,75,63,52.11,98400,73800,8.36,3100,706.4078,,,0.25,0.8475,0.895,0.75,73.8,98.4
82,95,75,63,52.11,99600,77688,8.39,3400,850.1899,,,0.25,1.02,0.895,0.78,77.69,99.6
83,95,75,63,52.11,101700,81360,8.42,3825,1148.1732,,,0.25,1.3775,0.895,0.8,81.36,101.7
84,95,70,67,86.02,101400,49686,8.36,3100,706.4078,,,0.25,0.8475,0.895,0.49,49.69,101.4
85,95,70,67,86.02,102600,53352,8.38,3400,850.1899,,,0.25,1.02,0.895,0.52,53.35,102.6
86,95,70,67,86.02,104700,56538,8.41,3825,1148.1732,,,0.25,1.3775,0.895,0.54,56.54,104.7
87,95,75,67,66.75,101500,62930,8.35,3100,706.4078,,,0.25,0.8475,0.895,0.62,62.93,101.5
88,95,75,67,66.75,102700,66755,8.38,3400,850.1899,,,0.25,1.02,0.895,0.65,66.76,102.7
89,95,75,67,66.75,104800,69168,8.41,3825,1148.1732,,,0.25,1.3775,0.895,0.66,69.17,104.8
90,95,70,71,104.86,0,0,,3100,0,,,,,0.895,,,
91,95,70,71,104.86,0,0,,3400,0,,,,,0.895,,,
92,95,70,71,104.86,0,0,,3825,0,,,,,0.895,,,
93,95,75,71,82.67,106200,53100,8.4,3100,720.9944,,,0.3,0.865,0.895,0.5,53.1,106.2
94,95,75,71,82.67,107400,53700,8.4,3400,866.8603,,,0.3,1.04,0.895,0.5,53.7,107.4
95,95,75,71,82.67,109500,54750,8.5,3825,1162.7598,,,0.3,1.395,0.895,0.5,54.75,109.5
96,105,70,59,52.72,91100,91100,9.31,3100,706.4078,,,0.25,0.8475,0.895,1,91.1,91.1
97,105,70,59,52.72,92400,92400,9.34,3400,850.1899,,,0.25,1.02,0.895,1,92.4,92.4
98,105,70,59,52.72,94500,94500,9.37,3825,1148.1732,,,0.25,1.3775,0.895,1,94.5,94.5
99,105,75,59,38.63,91200,91200,9.31,3100,706.4078,,,0.25,0.8475,0.895,1,91.2,91.2
100,105,75,59,38.63,92400,92400,9.33,3400,850.1899,,,0.25,1.02,0.895,1,92.4,92.4
101,105,75,59,38.63,94500,94500,9.36,3825,1148.1732,,,0.25,1.3775,0.895,1,94.5,94.5
102,105,70,63,68.69,92600,60190,9.31,3100,706.4078,,,0.25,0.8475,0.895,0.65,60.19,92.6
103,105,70,63,68.69,93800,62846,9.33,3400,850.1899,,,0.25,1.02,0.895,0.67,62.85,93.8
104,105,70,63,68.69,95900,66171,9.36,3825,1148.1732,,,0.25,1.3775,0.895,0.69,66.17,95.9
105,105,75,63,52.11,92700,71379,9.3,3100,706.4078,,,0.25,0.8475,0.895,0.77,71.38,92.7
106,105,75,63,52.11,93900,75120,9.33,3400,850.1899,,,0.25,1.02,0.895,0.8,75.12,93.9
107,105,75,63,52.11,96000,96000,9.36,3825,1148.1732,,,0.25,1.3775,0.895,1,96,96
108,105,70,67,86.02,95700,48807,9.29,3100,706.4078,,,0.25,0.8475,0.895,0.51,48.81,95.7
109,105,70,67,86.02,96900,52326,9.32,3400,850.1899,,,0.25,1.02,0.895,0.54,52.33,96.9
110,105,70,67,86.02,99000,55440,9.35,3825,1148.1732,,,0.25,1.3775,0.895,0.56,55.44,99
111,105,75,67,66.75,95800,61312,9.29,3100,706.4078,,,0.25,0.8475,0.895,0.64,61.31,95.8
112,105,75,67,66.75,97000,64990,9.31,3400,850.1899,,,0.25,1.02,0.895,0.67,64.99,97
113,105,75,67,66.75,99100,67388,9.34,3825,1148.1732,,,0.25,1.3775,0.895,0.68,67.39,99.1
114,105,70,71,104.86,0,0,,3100,0,,,,,0.895,,,
115,105,70,71,104.86,0,0,,3400,0,,,,,0.895,,,
116,105,70,71,104.86,0,0,,3825,0,,,,,0.895,,,
117,105,75,71,82.67,100500,50250,9.3,3100,706.4078,,,0.25,0.8475,0.895,0.5,50.25,100.5
118,105,75,71,82.67,101700,50850,9.4,3400,850.1899,,,0.25,1.02,0.895,0.5,50.85,101.7
119,105,75,71,82.67,103800,51900,9.4,3825,1148.1732,,,0.25,1.3775,0.895,0.5,51.9,103.8
120,115,70,59,52.72,85900,85900,10.41,3100,706.4078,,,0.25,0.8475,0.895,1,85.9,85.9
121,115,70,59,52.72,87200,87200,10.44,3400,850.1899,,,0.25,1.02,0.895,1,87.2,87.2
122,115,70,59,52.72,89300,89300,10.47,3825,1148.1732,,,0.25,1.3775,0.895,1,89.3,89.3
123,115,75,59,38.63,86000,86000,10.41,3100,706.4078,,,0.25,0.8475,0.895,1,86,86
124,115,75,59,38.63,87200,87200,10.43,3400,850.1899,,,0.25,1.02,0.895,1,87.2,87.2
125,115,75,59,38.63,89300,89300,10.46,3825,1148.1732,,,0.25,1.3775,0.895,1,89.3,89.3
126,115,70,63,68.69,87400,61180,10.41,3100,706.4078,,,0.25,0.8475,0.895,0.7,61.18,87.4
127,115,70,63,68.69,88600,63792,10.43,3400,850.1899,,,0.25,1.02,0.895,0.72,63.79,88.6
128,115,70,63,68.69,90700,90700,10.46,3825,1148.1732,,,0.25,1.3775,0.895,1,90.7,90.7
129,115,75,63,52.11,87500,87500,10.4,3100,706.4078,,,0.25,0.8475,0.895,1,87.5,87.5
130,115,75,63,52.11,88700,88700,10.43,3400,850.1899,,,0.25,1.02,0.895,1,88.7,88.7
131,115,75,63,52.11,90800,90800,10.46,3825,1148.1732,,,0.25,1.3775,0.895,1,90.8,90.8
132,115,70,67,86.02,90500,50680,10.4,3100,706.4078,,,0.25,0.8475,0.895,0.56,50.68,90.5
133,115,70,67,86.02,91700,54103,10.42,3400,850.1899,,,0.25,1.02,0.895,0.59,54.1,91.7
134,115,70,67,86.02,93800,57218,10.45,3825,1148.1732,,,0.25,1.3775,0.895,0.61,57.22,93.8
135,115,75,67,66.75,90600,62514,10.39,3100,706.4078,,,0.25,0.8475,0.895,0.69,62.51,90.6
136,115,75,67,66.75,91800,66096,10.41,3400,850.1899,,,0.25,1.02,0.895,0.72,66.1,91.8
137,115,75,67,66.75,93900,68547,10.44,3825,1148.1732,,,0.25,1.3775,0.895,0.73,68.55,93.9
138,115,70,71,104.86,0,0,,3100,0,,,,,0.895,,,
139,115,70,71,104.86,0,0,,3400,0,,,,,0.895,,,
140,115,70,71,104.86,0,0,,3825,0,,,,,0.895,,,
141,115,75,71,82.67,95300,57180,10.4,3100,706.4078,,,0.25,0.8475,0.895,0.6,57.18,95.3
142,115,75,71,82.67,96500,57900,10.5,3400,850.1899,,,0.25,1.02,0.895,0.6,57.9,96.5
143,115,75,71,82.67,98600,59160,10.5,3825,1148.1732,,,0.25,1.3775,0.895,0.6,59.16,98.6
0,65,80,59,27.74,105700,105700,6.06,3100,720.9944,,,0.3,0.865,0.895,1,105.7,105.7
1,65,80,59,27.74,107000,107000,6.09,3400,866.8603,,,0.3,1.04,0.895,1,107,107
2,65,80,59,27.74,109100,109100,6.12,3825,1162.7598,,,0.3,1.395,0.895,1,109.1,109.1
3,65,85,59,19.34,107500,107500,6.08,3100,720.9944,,,0.3,0.865,0.895,1,107.5,107.5
4,65,85,59,19.34,108700,108700,6.1,3400,866.8603,,,0.3,1.04,0.895,1,108.7,108.7
5,65,85,59,19.34,110800,110800,6.13,3825,1162.7598,,,0.3,1.395,0.895,1,110.8,110.8
6,65,80,63,39.17,107200,87904,6.06,3100,720.9944,,,0.3,0.865,0.895,0.82,87.9,107.2
7,65,80,63,39.17,108400,92140,6.08,3400,866.8603,,,0.3,1.04,0.895,0.85,92.14,108.4
8,65,80,63,39.17,110500,96135,6.11,3825,1162.7598,,,0.3,1.395,0.895,0.87,96.14,110.5
9,65,85,63,29.06,108900,100188,6.07,3100,720.9944,,,0.3,0.865,0.895,0.92,100.19,108.9
10,65,85,63,29.06,110200,104690,6.09,3400,866.8603,,,0.3,1.04,0.895,0.95,104.69,110.2
11,65,85,63,29.06,112300,108931,6.12,3825,1162.7598,,,0.3,1.395,0.895,0.97,108.93,112.3
12,65,80,67,51.57,110300,76107,6.04,3100,720.9944,,,0.3,0.865,0.895,0.69,76.11,110.3
13,65,80,67,51.57,111500,80280,6.07,3400,866.8603,,,0.3,1.04,0.895,0.72,80.28,111.5
14,65,80,67,51.57,113600,84064,6.1,3825,1162.7598,,,0.3,1.395,0.895,0.74,84.06,113.6
15,65,85,67,39.6,112000,88480,6.06,3100,720.9944,,,0.3,0.865,0.895,0.79,88.48,112
16,65,85,67,39.6,113300,92906,6.08,3400,866.8603,,,0.3,1.04,0.895,0.82,92.91,113.3
17,65,85,67,39.6,115400,95782,6.11,3825,1162.7598,,,0.3,1.395,0.895,0.83,95.78,115.4
18,65,80,71,65.06,115000,69000,6.1,3100,720.9944,,,0.3,0.865,0.895,0.6,69,115
19,65,80,71,65.06,116300,69780,6.1,3400,866.8603,,,0.3,1.04,0.895,0.6,69.78,116.3
20,65,80,71,65.06,118400,71040,6.2,3825,1162.7598,,,0.3,1.395,0.895,0.6,71.04,118.4
21,65,85,71,51.08,116800,81760,6.1,3100,720.9944,,,0.3,0.865,0.895,0.7,81.76,116.8
22,65,85,71,51.08,118000,82600,6.1,3400,866.8603,,,0.3,1.04,0.895,0.7,82.6,118
23,65,85,71,51.08,120100,84070,6.2,3825,1162.7598,,,0.3,1.395,0.895,0.7,84.07,120.1
24,75,80,59,27.74,104800,104800,6.76,3100,706.4078,,,0.25,0.8475,0.895,1,104.8,104.8
25,75,80,59,27.74,106000,106000,6.78,3400,866.8603,,,0.3,1.04,0.895,1,106,106
26,75,80,59,27.74,108100,108100,6.81,3825,1162.7598,,,0.3,1.395,0.895,1,108.1,108.1
27,75,85,59,19.34,106600,106600,6.77,3100,720.9944,,,0.3,0.865,0.895,1,106.6,106.6
28,75,85,59,19.34,107800,107800,6.79,3400,866.8603,,,0.3,1.04,0.895,1,107.8,107.8
29,75,85,59,19.34,109900,109900,6.82,3825,1162.7598,,,0.3,1.395,0.895,1,109.9,109.9
30,75,80,63,39.17,106300,88229,6.75,3100,720.9944,,,0.3,0.865,0.895,0.83,88.23,106.3
31,75,80,63,39.17,107500,92450,6.78,3400,866.8603,,,0.3,1.04,0.895,0.86,92.45,107.5
32,75,80,63,39.17,109600,95352,6.81,3825,1162.7598,,,0.3,1.395,0.895,0.87,95.35,109.6
33,75,85,63,29.06,108000,108000,6.76,3100,720.9944,,,0.3,0.865,0.895,1,108,108
34,75,85,63,29.06,109300,109300,6.79,3400,866.8603,,,0.3,1.04,0.895,1,109.3,109.3
35,75,85,63,29.06,111300,111300,6.82,3825,1162.7598,,,0.3,1.395,0.895,1,111.3,111.3
36,75,80,67,51.57,109400,76580,6.74,3100,720.9944,,,0.3,0.865,0.895,0.7,76.58,109.4
37,75,80,67,51.57,110600,80738,6.76,3400,866.8603,,,0.3,1.04,0.895,0.73,80.74,110.6
38,75,80,67,51.57,112700,83398,6.79,3825,1162.7598,,,0.3,1.395,0.895,0.74,83.4,112.7
39,75,85,67,39.6,111100,88880,6.75,3100,720.9944,,,0.3,0.865,0.895,0.8,88.88,111.1
40,75,85,67,39.6,112400,92168,6.78,3400,866.8603,,,0.3,1.04,0.895,0.82,92.17,112.4
41,75,85,67,39.6,114400,96096,6.81,3825,1162.7598,,,0.3,1.395,0.895,0.84,96.1,114.4
42,75,80,71,65.06,114100,68460,6.8,3100,720.9944,,,0.3,0.865,0.895,0.6,68.46,114.1
43,75,80,71,65.06,115300,69180,6.8,3400,866.8603,,,0.3,1.04,0.895,0.6,69.18,115.3
44,75,80,71,65.06,117400,70440,6.8,3825,1162.7598,,,0.3,1.395,0.895,0.6,70.44,117.4
45,75,85,71,51.08,115900,81130,6.8,3100,720.9944,,,0.3,0.865,0.895,0.7,81.13,115.9
46,75,85,71,51.08,117100,81970,6.8,3400,866.8603,,,0.3,1.04,0.895,0.7,81.97,117.1
47,75,85,71,51.08,119200,83440,6.9,3825,1162.7598,,,0.3,1.395,0.895,0.7,83.44,119.2
48,85,80,59,27.74,102100,102100,7.53,3100,706.4078,,,0.25,0.8475,0.895,1,102.1,102.1
49,85,80,59,27.74,103300,103300,7.56,3400,850.1899,,,0.25,1.02,0.895,1,103.3,103.3
50,85,80,59,27.74,105400,105400,7.59,3825,1148.1732,,,0.25,1.3775,0.895,1,105.4,105.4
51,85,85,59,19.34,103800,103800,7.55,3100,706.4078,,,0.25,0.8475,0.895,1,103.8,103.8
52,85,85,59,19.34,105100,105100,7.57,3400,850.1899,,,0.25,1.02,0.895,1,105.1,105.1
53,85,85,59,19.34,107200,107200,7.6,3825,1162.7598,,,0.3,1.395,0.895,1,107.2,107.2
54,85,80,63,39.17,103600,88060,7.53,3100,706.4078,,,0.25,0.8475,0.895,0.85,88.06,103.6
55,85,80,63,39.17,104800,92224,7.55,3400,850.1899,,,0.25,1.02,0.895,0.88,92.22,104.8
56,85,80,63,39.17,106900,106900,7.58,3825,1162.7598,,,0.3,1.395,0.895,1,106.9,106.9
57,85,85,63,29.06,105300,105300,7.54,3100,706.4078,,,0.25,0.8475,0.895,1,105.3,105.3
58,85,85,63,29.06,106600,106600,7.56,3400,866.8603,,,0.3,1.04,0.895,1,106.6,106.6
59,85,85,63,29.06,108600,108600,7.59,3825,1162.7598,,,0.3,1.395,0.895,1,108.6,108.6
60,85,80,67,51.57,106700,76824,7.52,3100,720.9944,,,0.3,0.865,0.895,0.72,76.82,106.7
61,85,80,67,51.57,107900,80925,7.54,3400,866.8603,,,0.3,1.04,0.895,0.75,80.93,107.9
62,85,80,67,51.57,110000,84700,7.57,3825,1162.7598,,,0.3,1.395,0.895,0.77,84.7,110
63,85,85,67,39.6,108400,88888,7.53,3100,720.9944,,,0.3,0.865,0.895,0.82,88.89,108.4
64,85,85,67,39.6,109700,93245,7.55,3400,866.8603,,,0.3,1.04,0.895,0.85,93.25,109.7
65,85,85,67,39.6,111700,96062,7.58,3825,1162.7598,,,0.3,1.395,0.895,0.86,96.06,111.7
66,85,80,71,65.06,111400,66840,7.6,3100,720.9944,,,0.3,0.865,0.895,0.6,66.84,111.4
67,85,80,71,65.06,112600,67560,7.6,3400,866.8603,,,0.3,1.04,0.895,0.6,67.56,112.6
68,85,80,71,65.06,114700,68820,7.6,3825,1162.7598,,,0.3,1.395,0.895,0.6,68.82,114.7
69,85,85,71,51.08,113100,79170,7.6,3100,720.9944,,,0.3,0.865,0.895,0.7,79.17,113.1
70,85,85,71,51.08,114400,80080,7.6,3400,866.8603,,,0.3,1.04,0.895,0.7,80.08,114.4
71,85,85,71,51.08,116500,81550,7.6,3825,1162.7598,,,0.3,1.395,0.895,0.7,81.55,116.5
72,95,80,59,27.74,97400,97400,8.37,3100,706.4078,,,0.25,0.8475,0.895,1,97.4,97.4
73,95,80,59,27.74,98700,98700,8.4,3400,850.1899,,,0.25,1.02,0.895,1,98.7,98.7
74,95,80,59,27.74,100800,100800,8.43,3825,1148.1732,,,0.25,1.3775,0.895,1,100.8,100.8
75,95,85,59,19.34,99200,99200,8.39,3100,706.4078,,,0.25,0.8475,0.895,1,99.2,99.2
76,95,85,59,19.34,100400,100400,8.41,3400,850.1899,,,0.25,1.02,0.895,1,100.4,100.4
77,95,85,59,19.34,102500,102500,8.44,3825,1148.1732,,,0.25,1.3775,0.895,1,102.5,102.5
78,95,80,63,39.17,98900,98900,8.37,3100,706.4078,,,0.25,0.8475,0.895,1,98.9,98.9
79,95,80,63,39.17,100100,100100,8.39,3400,850.1899,,,0.25,1.02,0.895,1,100.1,100.1
80,95,80,63,39.17,102200,102200,8.42,3825,1148.1732,,,0.25,1.3775,0.895,1,102.2,102.2
81,95,85,63,29.06,100600,100600,8.38,3100,706.4078,,,0.25,0.8475,0.895,1,100.6,100.6
82,95,85,63,29.06,101900,101900,8.4,3400,850.1899,,,0.25,1.02,0.895,1,101.9,101.9
83,95,85,63,29.06,104000,104000,8.43,3825,1148.1732,,,0.25,1.3775,0.895,1,104,104
84,95,80,67,51.57,102000,75480,8.36,3100,706.4078,,,0.25,0.8475,0.895,0.74,75.48,102
85,95,80,67,51.57,103200,79464,8.38,3400,850.1899,,,0.25,1.02,0.895,0.77,79.46,103.2
86,95,80,67,51.57,105300,83187,8.41,3825,1148.1732,,,0.25,1.3775,0.895,0.79,83.19,105.3
87,95,85,67,39.6,103700,87108,8.37,3100,706.4078,,,0.25,0.8475,0.895,0.84,87.11,103.7
88,95,85,67,39.6,105000,91350,8.39,3400,850.1899,,,0.25,1.02,0.895,0.87,91.35,105
89,95,85,67,39.6,107100,94248,8.42,3825,1162.7598,,,0.3,1.395,0.895,0.88,94.25,107.1
90,95,80,71,65.06,106700,64020,8.4,3100,706.4078,,,0.3,0.8475,0.895,0.6,64.02,106.7
91,95,80,71,65.06,108000,64800,8.4,3400,850.1899,,,0.3,1.02,0.895,0.6,64.8,108
92,95,80,71,65.06,110100,66060,8.5,3825,1162.7598,,,0.3,1.395,0.895,0.6,66.06,110.1
93,95,85,71,51.08,108500,75950,8.4,3100,706.4078,,,0.3,0.8475,0.895,0.7,75.95,108.5
94,95,85,71,51.08,109700,76790,8.4,3400,850.1899,,,0.3,1.02,0.895,0.7,76.79,109.7
95,95,85,71,51.08,111800,78260,8.5,3825,1162.7598,,,0.3,1.395,0.895,0.7,78.26,111.8
96,105,80,59,27.74,91700,91700,9.31,3100,706.4078,,,0.25,0.8475,0.895,1,91.7,91.7
97,105,80,59,27.74,93000,93000,9.33,3400,850.1899,,,0.25,1.02,0.895,1,93,93
98,105,80,59,27.74,95100,95100,9.36,3825,1148.1732,,,0.25,1.3775,0.895,1,95.1,95.1
99,105,85,59,19.34,93500,93500,9.32,3100,706.4078,,,0.25,0.8475,0.895,1,93.5,93.5
100,105,85,59,19.34,94700,94700,9.35,3400,850.1899,,,0.25,1.02,0.895,1,94.7,94.7
101,105,85,59,19.34,96800,96800,9.38,3825,1148.1732,,,0.25,1.3775,0.895,1,96.8,96.8
102,105,80,63,39.17,93200,93200,9.31,3100,706.4078,,,0.25,0.8475,0.895,1,93.2,93.2
103,105,80,63,39.17,94400,94400,9.33,3400,850.1899,,,0.25,1.02,0.895,1,94.4,94.4
104,105,80,63,39.17,96500,96500,9.36,3825,1148.1732,,,0.25,1.3775,0.895,1,96.5,96.5
105,105,85,63,29.06,95000,95000,9.32,3100,706.4078,,,0.25,0.8475,0.895,1,95,95
106,105,85,63,29.06,96200,96200,9.34,3400,850.1899,,,0.25,1.02,0.895,1,96.2,96.2
107,105,85,63,29.06,98300,98300,9.37,3825,1148.1732,,,0.25,1.3775,0.895,1,98.3,98.3
108,105,80,67,51.57,96300,73188,9.29,3100,706.4078,,,0.25,0.8475,0.895,0.76,73.19,96.3
109,105,80,67,51.57,97500,77025,9.32,3400,850.1899,,,0.25,1.02,0.895,0.79,77.03,97.5
110,105,80,67,51.57,99600,80676,9.35,3825,1148.1732,,,0.25,1.3775,0.895,0.81,80.68,99.6
111,105,85,67,39.6,98100,84366,9.31,3100,706.4078,,,0.25,0.8475,0.895,0.86,84.37,98.1
112,105,85,67,39.6,99300,99300,9.33,3400,850.1899,,,0.25,1.02,0.895,1,99.3,99.3
113,105,85,67,39.6,101400,101400,9.36,3825,1148.1732,,,0.25,1.3775,0.895,1,101.4,101.4
114,105,80,71,65.06,101000,60600,9.3,3100,706.4078,,,0.25,0.8475,0.895,0.6,60.6,101
115,105,80,71,65.06,102300,71610,9.4,3400,850.1899,,,0.25,1.02,0.895,0.7,71.61,102.3
116,105,80,71,65.06,104400,73080,9.4,3825,1148.1732,,,0.25,1.3775,0.895,0.7,73.08,104.4
117,105,85,71,51.08,102800,71960,9.4,3100,706.4078,,,0.25,0.8475,0.895,0.7,71.96,102.8
118,105,85,71,51.08,104000,72800,9.4,3400,850.1899,,,0.25,1.02,0.895,0.7,72.8,104
119,105,85,71,51.08,106100,84880,9.4,3825,1162.7598,,,0.3,1.395,0.895,0.8,84.88,106.1
120,115,80,59,27.74,86500,86500,10.41,3100,706.4078,,,0.25,0.8475,0.895,1,86.5,86.5
121,115,80,59,27.74,87800,87800,10.44,3400,850.1899,,,0.25,1.02,0.895,1,87.8,87.8
122,115,80,59,27.74,89900,89900,10.47,3825,1148.1732,,,0.25,1.3775,0.895,1,89.9,89.9
123,115,85,59,19.34,88300,88300,10.43,3100,706.4078,,,0.25,0.8475,0.895,1,88.3,88.3
124,115,85,59,19.34,89500,89500,10.45,3400,850.1899,,,0.25,1.02,0.895,1,89.5,89.5
125,115,85,59,19.34,91600,91600,10.48,3825,1148.1732,,,0.25,1.3775,0.895,1,91.6,91.6
126,115,80,63,39.17,88000,88000,10.41,3100,706.4078,,,0.25,0.8475,0.895,1,88,88
127,115,80,63,39.17,89200,89200,10.43,3400,850.1899,,,0.25,1.02,0.895,1,89.2,89.2
128,115,80,63,39.17,91300,91300,10.46,3825,1148.1732,,,0.25,1.3775,0.895,1,91.3,91.3
129,115,85,63,29.06,89700,89700,10.42,3100,706.4078,,,0.25,0.8475,0.895,1,89.7,89.7
130,115,85,63,29.06,91000,91000,10.44,3400,850.1899,,,0.25,1.02,0.895,1,91,91
131,115,85,63,29.06,93100,93100,10.47,3825,1148.1732,,,0.25,1.3775,0.895,1,93.1,93.1
132,115,80,67,51.57,91100,73791,10.39,3100,706.4078,,,0.25,0.8475,0.895,0.81,73.79,91.1
133,115,80,67,51.57,92300,77532,10.42,3400,850.1899,,,0.25,1.02,0.895,0.84,77.53,92.3
134,115,80,67,51.57,94400,94400,10.45,3825,1148.1732,,,0.25,1.3775,0.895,1,94.4,94.4
135,115,85,67,39.6,92800,92800,10.41,3100,706.4078,,,0.25,0.8475,0.895,1,92.8,92.8
136,115,85,67,39.6,94100,94100,10.43,3400,850.1899,,,0.25,1.02,0.895,1,94.1,94.1
137,115,85,67,39.6,96200,96200,10.46,3825,1148.1732,,,0.25,1.3775,0.895,1,96.2,96.2
138,115,80,71,65.06,95800,67060,10.4,3100,706.4078,,,0.25,0.8475,0.895,0.7,67.06,95.8
139,115,80,71,65.06,97100,67970,10.5,3400,850.1899,,,0.25,1.02,0.895,0.7,67.97,97.1
140,115,80,71,65.06,99200,69440,10.5,3825,1148.1732,,,0.25,1.3775,0.895,0.7,69.44,99.2
141,115,85,71,51.08,97600,78080,10.5,3100,706.4078,,,0.25,0.8475,0.895,0.8,78.08,97.6
142,115,85,71,51.08,98800,79040,10.5,3400,850.1899,,,0.25,1.02,0.895,0.8,79.04,98.8
143,115,85,71,51.08,100900,80720,10.5,3825,1148.1732,,,0.25,1.3775,0.895,0.8,80.72,100.9
0,65,70,59,52.72,118500,74655,6.8,3550,841.8547,,DRC120,0.3,1.01,0.895,0.63,74.66,118.5
1,65,70,59,52.72,120400,79464,6.84,4000,1200.2682,,,0.3,1.44,0.895,0.66,79.46,120.4
2,65,70,59,52.72,122900,82343,6.87,4500,1341.9665,,,0.3,1.61,0.895,0.67,82.34,122.9
3,65,75,59,38.63,118600,88950,6.8,3550,841.8547,,,0.3,1.01,0.895,0.75,88.95,118.6
4,65,75,59,38.63,120500,93990,6.83,4000,1200.2682,,,0.3,1.44,0.895,0.78,93.99,120.5
5,65,75,59,38.63,123000,97170,6.87,4500,1341.9665,,,0.3,1.61,0.895,0.79,97.17,123
6,65,70,63,68.69,120200,67312,6.79,3550,841.8547,,,0.3,1.01,0.895,0.56,67.31,120.2
7,65,70,63,68.69,122100,72039,6.83,4000,1200.2682,,,0.3,1.44,0.895,0.59,72.04,122.1
8,65,70,63,68.69,124600,74760,6.87,4500,1341.9665,,,0.3,1.61,0.895,0.6,74.76,124.6
9,65,75,63,52.11,120300,81804,6.79,3550,841.8547,,,0.3,1.01,0.895,0.68,81.8,120.3
10,65,75,63,52.11,122100,86691,6.83,4000,1200.2682,,,0.3,1.44,0.895,0.71,86.69,122.1
11,65,75,63,52.11,124700,89784,6.86,4500,1341.9665,,,0.3,1.61,0.895,0.72,89.78,124.7
12,65,70,67,86.02,123700,53191,6.78,3550,841.8547,,,0.3,1.01,0.895,0.43,53.19,123.7
13,65,70,67,86.02,125600,57776,6.82,4000,1200.2682,,,0.3,1.44,0.895,0.46,57.78,125.6
14,65,70,67,86.02,128100,60207,6.85,4500,1341.9665,,,0.3,1.61,0.895,0.47,60.21,128.1
15,65,75,67,66.75,123800,68090,6.78,3550,841.8547,,,0.3,1.01,0.895,0.55,68.09,123.8
16,65,75,67,66.75,125600,72848,6.81,4000,1200.2682,,,0.3,1.44,0.895,0.58,72.85,125.6
17,65,75,67,66.75,128200,75638,6.85,4500,1341.9665,,,0.3,1.61,0.895,0.59,75.64,128.2
18,65,70,71,104.86,0,0,,3550,0,,,,,0.895,,,
19,65,70,71,104.86,0,0,,4000,0,,,,,0.895,,,
20,65,70,71,104.86,0,0,,4500,0,,,,,0.895,,,
21,65,75,71,82.67,129100,51640,6.8,3550,841.8547,,,0.3,1.01,0.895,0.4,51.64,129.1
22,65,75,71,82.67,131000,52400,6.9,4000,1200.2682,,,0.3,1.44,0.895,0.4,52.4,131
23,65,75,71,82.67,133500,66750,6.9,4500,1341.9665,,,0.3,1.61,0.895,0.5,66.75,133.5
24,75,70,59,52.72,117500,74025,7.62,3550,841.8547,,,0.3,1.01,0.895,0.63,74.03,117.5
25,75,70,59,52.72,119400,79998,7.66,4000,1200.2682,,,0.3,1.44,0.895,0.67,80,119.4
26,75,70,59,52.72,121900,82892,7.69,4500,1341.9665,,,0.3,1.61,0.895,0.68,82.89,121.9
27,75,75,59,38.63,117600,89376,7.61,3550,841.8547,,,0.3,1.01,0.895,0.76,89.38,117.6
28,75,75,59,38.63,119400,94326,7.65,4000,1200.2682,,,0.3,1.44,0.895,0.79,94.33,119.4
29,75,75,59,38.63,122000,122000,7.69,4500,1341.9665,,,0.3,1.61,0.895,1,122,122
30,75,70,63,68.69,119100,66696,7.61,3550,841.8547,,,0.3,1.01,0.895,0.56,66.7,119.1
31,75,70,63,68.69,121000,72600,7.65,4000,1200.2682,,,0.3,1.44,0.895,0.6,72.6,121
32,75,70,63,68.69,123600,75396,7.68,4500,1341.9665,,,0.3,1.61,0.895,0.61,75.4,123.6
33,75,75,63,52.11,119200,81056,7.61,3550,841.8547,,,0.3,1.01,0.895,0.68,81.06,119.2
34,75,75,63,52.11,121100,87192,7.64,4000,1200.2682,,,0.3,1.44,0.895,0.72,87.19,121.1
35,75,75,63,52.11,123600,90228,7.68,4500,1341.9665,,,0.3,1.61,0.895,0.73,90.23,123.6
36,75,70,67,86.02,122600,52718,7.6,3550,841.8547,,,0.3,1.01,0.895,0.43,52.72,122.6
37,75,70,67,86.02,124500,58515,7.64,4000,1200.2682,,,0.3,1.44,0.895,0.47,58.51,124.5
38,75,70,67,86.02,127000,60960,7.67,4500,1341.9665,,,0.3,1.61,0.895,0.48,60.96,127
39,75,75,67,66.75,122700,68712,7.59,3550,841.8547,,,0.3,1.01,0.895,0.56,68.71,122.7
40,75,75,67,66.75,124600,73514,7.63,4000,1200.2682,,,0.3,1.44,0.895,0.59,73.51,124.6
41,75,75,67,66.75,127100,76260,7.67,4500,1341.9665,,,0.3,1.61,0.895,0.6,76.26,127.1
42,75,70,71,104.86,0,0,,3550,0,,,,,0.895,,,
43,75,70,71,104.86,0,0,,4000,0,,,,,0.895,,,
44,75,70,71,104.86,0,0,,4500,0,,,,,0.895,,,
45,75,75,71,82.67,128000,51200,7.7,3550,841.8547,,,0.3,1.01,0.895,0.4,51.2,128
46,75,75,71,82.67,129900,64950,7.7,4000,1200.2682,,,0.3,1.44,0.895,0.5,64.95,129.9
47,75,75,71,82.67,132500,66250,7.7,4500,1341.9665,,,0.3,1.61,0.895,0.5,66.25,132.5
48,85,70,59,52.72,114400,75504,8.53,3550,841.8547,,,0.3,1.01,0.895,0.66,75.5,114.4
49,85,70,59,52.72,116300,80247,8.57,4000,1200.2682,,,0.3,1.44,0.895,0.69,80.25,116.3
50,85,70,59,52.72,118800,83160,8.6,4500,1341.9665,,,0.3,1.61,0.895,0.7,83.16,118.8
51,85,75,59,38.63,114500,114500,8.53,3550,841.8547,,,0.3,1.01,0.895,1,114.5,114.5
52,85,75,59,38.63,116400,116400,8.56,4000,1200.2682,,,0.3,1.44,0.895,1,116.4,116.4
53,85,75,59,38.63,118900,118900,8.6,4500,1341.9665,,,0.3,1.61,0.895,1,118.9,118.9
54,85,70,63,68.69,116100,68499,8.53,3550,841.8547,,,0.3,1.01,0.895,0.59,68.5,116.1
55,85,70,63,68.69,118000,73160,8.56,4000,1200.2682,,,0.3,1.44,0.895,0.62,73.16,118
56,85,70,63,68.69,120500,75915,8.6,4500,1341.9665,,,0.3,1.61,0.895,0.63,75.92,120.5
57,85,75,63,52.11,116200,82502,8.52,3550,841.8547,,,0.3,1.01,0.895,0.71,82.5,116.2
58,85,75,63,52.11,118000,87320,8.56,4000,1200.2682,,,0.3,1.44,0.895,0.74,87.32,118
59,85,75,63,52.11,120600,90450,8.59,4500,1341.9665,,,0.3,1.61,0.895,0.75,90.45,120.6
60,85,70,67,86.02,119600,55016,8.51,3550,841.8547,,,0.3,1.01,0.895,0.46,55.02,119.6
61,85,70,67,86.02,121500,59535,8.55,4000,1200.2682,,,0.3,1.44,0.895,0.49,59.54,121.5
62,85,70,67,86.02,124000,62000,8.58,4500,1341.9665,,,0.3,1.61,0.895,0.5,62,124
63,85,75,67,66.75,119600,69368,8.51,3550,841.8547,,,0.3,1.01,0.895,0.58,69.37,119.6
64,85,75,67,66.75,121500,74115,8.54,4000,1200.2682,,,0.3,1.44,0.895,0.61,74.12,121.5
65,85,75,67,66.75,124100,76942,8.58,4500,1341.9665,,,0.3,1.61,0.895,0.62,76.94,124.1
66,85,70,71,104.86,0,0,,3550,0,,,,,0.895,,,
67,85,70,71,104.86,0,0,,4000,0,,,,,0.895,,,
68,85,70,71,104.86,0,0,,4500,0,,,,,0.895,,,
69,85,75,71,82.67,125000,50000,8.6,3550,841.8547,,,0.3,1.01,0.895,0.4,50,125
70,85,75,71,82.67,126900,63450,8.6,4000,1200.2682,,,0.3,1.44,0.895,0.5,63.45,126.9
71,85,75,71,82.67,129400,64700,8.6,4500,1341.9665,,,0.3,1.61,0.895,0.5,64.7,129.4
72,95,70,59,52.72,109200,74256,9.52,3550,841.8547,,,0.3,1.01,0.895,0.68,74.26,109.2
73,95,70,59,52.72,111100,111100,9.56,4000,1200.2682,,,0.3,1.44,0.895,1,111.1,111.1
74,95,70,59,52.72,113600,113600,9.59,4500,1341.9665,,,0.3,1.61,0.895,1,113.6,113.6
75,95,75,59,38.63,109200,109200,9.52,3550,841.8547,,,0.3,1.01,0.895,1,109.2,109.2
76,95,75,59,38.63,111100,111100,9.55,4000,1200.2682,,,0.3,1.44,0.895,1,111.1,111.1
77,95,75,59,38.63,113700,113700,9.59,4500,1341.9665,,,0.3,1.61,0.895,1,113.7,113.7
78,95,70,63,68.69,110800,66480,9.52,3550,841.8547,,,0.3,1.01,0.895,0.6,66.48,110.8
79,95,70,63,68.69,112700,72128,9.55,4000,1200.2682,,,0.3,1.44,0.895,0.64,72.13,112.7
80,95,70,63,68.69,115200,74880,9.59,4500,1341.9665,,,0.3,1.61,0.895,0.65,74.88,115.2
81,95,75,63,52.11,110900,80957,9.51,3550,841.8547,,,0.3,1.01,0.895,0.73,80.96,110.9
82,95,75,63,52.11,112800,85728,9.55,4000,1200.2682,,,0.3,1.44,0.895,0.76,85.73,112.8
83,95,75,63,52.11,115300,88781,9.58,4500,1341.9665,,,0.3,1.61,0.895,0.77,88.78,115.3
84,95,70,67,86.02,114300,54864,9.5,3550,841.8547,,,0.3,1.01,0.895,0.48,54.86,114.3
85,95,70,67,86.02,116200,59262,9.54,4000,1200.2682,,,0.3,1.44,0.895,0.51,59.26,116.2
86,95,70,67,86.02,118700,61724,9.57,4500,1341.9665,,,0.3,1.61,0.895,0.52,61.72,118.7
87,95,75,67,66.75,114400,68640,9.5,3550,841.8547,,,0.3,1.01,0.895,0.6,68.64,114.4
88,95,75,67,66.75,116300,73269,9.53,4000,1200.2682,,,0.3,1.44,0.895,0.63,73.27,116.3
89,95,75,67,66.75,118800,76032,9.57,4500,1341.9665,,,0.3,1.61,0.895,0.64,76.03,118.8
90,95,70,71,104.86,0,0,,3550,0,,,,,0.895,,,
91,95,70,71,104.86,0,0,,4000,0,,,,,0.895,,,
92,95,70,71,104.86,0,0,,4500,0,,,,,0.895,,,
93,95,75,71,82.67,119700,59850,9.6,3550,841.8547,,,0.3,1.01,0.895,0.5,59.85,119.7
94,95,75,71,82.67,121600,60800,9.6,4000,1200.2682,,,0.3,1.44,0.895,0.5,60.8,121.6
95,95,75,71,82.67,124100,62050,9.6,4500,1341.9665,,,0.3,1.61,0.895,0.5,62.05,124.1
96,105,70,59,52.72,102800,102800,10.63,3550,825.1844,,,0.25,0.99,0.895,1,102.8,102.8
97,105,70,59,52.72,104600,104600,10.66,4000,1179.4302,,,0.25,1.415,0.895,1,104.6,104.6
98,105,70,59,52.72,107200,107200,10.7,4500,1321.1285,,,0.3,1.585,0.895,1,107.2,107.2
99,105,75,59,38.63,102800,102800,10.62,3550,825.1844,,,0.25,0.99,0.895,1,102.8,102.8
100,105,75,59,38.63,104700,104700,10.66,4000,1179.4302,,,0.25,1.415,0.895,1,104.7,104.7
101,105,75,59,38.63,107200,107200,10.69,4500,1321.1285,,,0.3,1.585,0.895,1,107.2,107.2
102,105,70,63,68.69,104400,65772,10.62,3550,825.1844,,,0.25,0.99,0.895,0.63,65.77,104.4
103,105,70,63,68.69,106300,70158,10.66,4000,1200.2682,,,0.3,1.44,0.895,0.66,70.16,106.3
104,105,70,63,68.69,108800,72896,10.69,4500,1341.9665,,,0.3,1.61,0.895,0.67,72.9,108.8
105,105,75,63,52.11,104500,78375,10.61,3550,825.1844,,,0.25,0.99,0.895,0.75,78.38,104.5
106,105,75,63,52.11,106300,82914,10.65,4000,1200.2682,,,0.3,1.44,0.895,0.78,82.91,106.3
107,105,75,63,52.11,108900,86031,10.69,4500,1341.9665,,,0.3,1.61,0.895,0.79,86.03,108.9
108,105,70,67,86.02,107900,53950,10.61,3550,841.8547,,,0.3,1.01,0.895,0.5,53.95,107.9
109,105,70,67,86.02,109800,58194,10.64,4000,1200.2682,,,0.3,1.44,0.895,0.53,58.19,109.8
110,105,70,67,86.02,112300,60642,10.68,4500,1341.9665,,,0.3,1.61,0.895,0.54,60.64,112.3
111,105,75,67,66.75,108000,66960,10.6,3550,841.8547,,,0.3,1.01,0.895,0.62,66.96,108
112,105,75,67,66.75,109800,71370,10.64,4000,1200.2682,,,0.3,1.44,0.895,0.65,71.37,109.8
113,105,75,67,66.75,112400,74184,10.67,4500,1341.9665,,,0.3,1.61,0.895,0.66,74.18,112.4
114,105,70,71,104.86,0,0,,3550,0,,,,,0.895,,,
115,105,70,71,104.86,0,0,,4000,0,,,,,0.895,,,
116,105,70,71,104.86,0,0,,4500,0,,,,,0.895,,,
117,105,75,71,82.67,113300,56650,10.7,3550,841.8547,,,0.3,1.01,0.895,0.5,56.65,113.3
118,105,75,71,82.67,115200,57600,10.7,4000,1200.2682,,,0.3,1.44,0.895,0.5,57.6,115.2
119,105,75,71,82.67,117700,58850,10.7,4500,1341.9665,,,0.3,1.61,0.895,0.5,58.85,117.7
120,115,70,59,52.72,96900,96900,11.92,3550,825.1844,,,0.25,0.99,0.895,1,96.9,96.9
121,115,70,59,52.72,98800,98800,11.96,4000,1179.4302,,,0.25,1.415,0.895,1,98.8,98.8
122,115,70,59,52.72,101300,101300,11.99,4500,1321.1285,,,0.25,1.585,0.895,1,101.3,101.3
123,115,75,59,38.63,97000,97000,11.92,3550,825.1844,,,0.25,0.99,0.895,1,97,97
124,115,75,59,38.63,98800,98800,11.95,4000,1179.4302,,,0.25,1.415,0.895,1,98.8,98.8
125,115,75,59,38.63,101400,101400,11.99,4500,1321.1285,,,0.25,1.585,0.895,1,101.4,101.4
126,115,70,63,68.69,98500,65995,11.92,3550,825.1844,,,0.25,0.99,0.895,0.67,66,98.5
127,115,70,63,68.69,100400,71284,11.95,4000,1179.4302,,,0.25,1.415,0.895,0.71,71.28,100.4
128,115,70,63,68.69,103000,74160,11.99,4500,1321.1285,,,0.25,1.585,0.895,0.72,74.16,103
129,115,75,63,52.11,98600,98600,11.91,3550,825.1844,,,0.25,0.99,0.895,1,98.6,98.6
130,115,75,63,52.11,100500,100500,11.95,4000,1179.4302,,,0.25,1.415,0.895,1,100.5,100.5
131,115,75,63,52.11,103000,103000,11.98,4500,1321.1285,,,0.25,1.585,0.895,1,103,103
132,115,70,67,86.02,102000,56100,11.9,3550,825.1844,,,0.25,0.99,0.895,0.55,56.1,102
133,115,70,67,86.02,103900,60262,11.94,4000,1179.4302,,,0.25,1.415,0.895,0.58,60.26,103.9
134,115,70,67,86.02,106400,62776,11.97,4500,1341.9665,,,0.3,1.61,0.895,0.59,62.78,106.4
135,115,75,67,66.75,102100,68407,11.9,3550,825.1844,,,0.25,0.99,0.895,0.67,68.41,102.1
136,115,75,67,66.75,104000,72800,11.93,4000,1179.4302,,,0.25,1.415,0.895,0.7,72.8,104
137,115,75,67,66.75,106500,75615,11.97,4500,1341.9665,,,0.3,1.61,0.895,0.71,75.62,106.5
138,115,70,71,104.86,0,0,,3550,0,,,,,0.895,,,
139,115,70,71,104.86,0,0,,4000,0,,,,,0.895,,,
140,115,70,71,104.86,0,0,,4500,0,,,,,0.895,,,
141,115,75,71,82.67,107400,53700,12,3550,841.8547,,,0.3,1.01,0.895,0.5,53.7,107.4
142,115,75,71,82.67,109300,65580,12,4000,1200.2682,,,0.3,1.44,0.895,0.6,65.58,109.3
143,115,75,71,82.67,111900,67140,12,4500,1341.9665,,,0.3,1.61,0.895,0.6,67.14,111.9
0,65,80,59,27.74,119200,119200,6.8,3550,841.8547,,,0.3,1.01,0.895,1,119.2,119.2
1,65,80,59,27.74,121100,121100,6.84,4000,1200.2682,,,0.3,1.44,0.895,1,121.1,121.1
2,65,80,59,27.74,123600,123600,6.87,4500,1341.9665,,,0.3,1.61,0.895,1,123.6,123.6
3,65,85,59,19.34,121200,121200,6.82,3550,841.8547,,,0.3,1.01,0.895,1,121.2,121.2
4,65,85,59,19.34,123100,123100,6.85,4000,1200.2682,,,0.3,1.44,0.895,1,123.1,123.1
5,65,85,59,19.34,125600,125600,6.89,4500,1341.9665,,,0.3,1.61,0.895,1,125.6,125.6
6,65,80,63,39.17,120900,96720,6.79,3550,841.8547,,,0.3,1.01,0.895,0.8,96.72,120.9
7,65,80,63,39.17,122700,101841,6.83,4000,1200.2682,,,0.3,1.44,0.895,0.83,101.84,122.7
8,65,80,63,39.17,125300,105252,6.87,4500,1341.9665,,,0.3,1.61,0.895,0.84,105.25,125.3
9,65,85,63,29.06,122800,109292,6.81,3550,841.8547,,,0.3,1.01,0.895,0.89,109.29,122.8
10,65,85,63,29.06,124700,115971,6.85,4000,1200.2682,,,0.3,1.44,0.895,0.93,115.97,124.7
11,65,85,63,29.06,127200,119568,6.88,4500,1341.9665,,,0.3,1.61,0.895,0.94,119.57,127.2
12,65,80,67,51.57,124400,83348,6.78,3550,841.8547,,,0.3,1.01,0.895,0.67,83.35,124.4
13,65,80,67,51.57,126200,88340,6.82,4000,1200.2682,,,0.3,1.44,0.895,0.7,88.34,126.2
14,65,80,67,51.57,128800,91448,6.85,4500,1341.9665,,,0.3,1.61,0.895,0.71,91.45,128.8
15,65,85,67,39.6,126300,95988,6.8,3550,841.8547,,,0.3,1.01,0.895,0.76,95.99,126.3
16,65,85,67,39.6,128200,102560,6.83,4000,1200.2682,,,0.3,1.44,0.895,0.8,102.56,128.2
17,65,85,67,39.6,130700,105867,6.87,4500,1341.9665,,,0.3,1.61,0.895,0.81,105.87,130.7
18,65,80,71,65.06,129700,64850,6.8,3550,841.8547,,,0.3,1.01,0.895,0.5,64.85,129.7
19,65,80,71,65.06,131600,78960,6.9,4000,1200.2682,,,0.3,1.44,0.895,0.6,78.96,131.6
20,65,80,71,65.06,134100,80460,6.9,4500,1341.9665,,,0.3,1.61,0.895,0.6,80.46,134.1
21,65,85,71,51.08,131700,79020,6.9,3550,841.8547,,,0.3,1.01,0.895,0.6,79.02,131.7
22,65,85,71,51.08,133500,93450,6.9,4000,1200.2682,,,0.3,1.44,0.895,0.7,93.45,133.5
23,65,85,71,51.08,136100,95270,6.9,4500,1362.8045,,,0.35,1.635,0.895,0.7,95.27,136.1
24,75,80,59,27.74,118200,118200,7.62,3550,841.8547,,,0.3,1.01,0.895,1,118.2,118.2
25,75,80,59,27.74,120000,120000,7.65,4000,1200.2682,,,0.3,1.44,0.895,1,120,120
26,75,80,59,27.74,122600,122600,7.69,4500,1341.9665,,,0.3,1.61,0.895,1,122.6,122.6
27,75,85,59,19.34,120100,120100,7.63,3550,841.8547,,,0.3,1.01,0.895,1,120.1,120.1
28,75,85,59,19.34,122000,122000,7.67,4000,1200.2682,,,0.3,1.44,0.895,1,122,122
29,75,85,59,19.34,124500,124500,7.71,4500,1341.9665,,,0.3,1.61,0.895,1,124.5,124.5
30,75,80,63,39.17,119800,95840,7.61,3550,841.8547,,,0.3,1.01,0.895,0.8,95.84,119.8
31,75,80,63,39.17,121700,102228,7.65,4000,1200.2682,,,0.3,1.44,0.895,0.84,102.23,121.7
32,75,80,63,39.17,124200,105570,7.68,4500,1341.9665,,,0.3,1.61,0.895,0.85,105.57,124.2
33,75,85,63,29.06,121800,109620,7.63,3550,841.8547,,,0.3,1.01,0.895,0.9,109.62,121.8
34,75,85,63,29.06,123700,123700,7.66,4000,1200.2682,,,0.3,1.44,0.895,1,123.7,123.7
35,75,85,63,29.06,126200,126200,7.7,4500,1341.9665,,,0.3,1.61,0.895,1,126.2,126.2
36,75,80,67,51.57,123300,83844,7.6,3550,841.8547,,,0.3,1.01,0.895,0.68,83.84,123.3
37,75,80,67,51.57,125200,88892,7.63,4000,1200.2682,,,0.3,1.44,0.895,0.71,88.89,125.2
38,75,80,67,51.57,127700,91944,7.67,4500,1341.9665,,,0.3,1.61,0.895,0.72,91.94,127.7
39,75,85,67,39.6,125300,96481,7.61,3550,841.8547,,,0.3,1.01,0.895,0.77,96.48,125.3
40,75,85,67,39.6,127200,101760,7.65,4000,1200.2682,,,0.3,1.44,0.895,0.8,101.76,127.2
41,75,85,67,39.6,129700,105057,7.69,4500,1341.9665,,,0.3,1.61,0.895,0.81,105.06,129.7
42,75,80,71,65.06,128600,64300,7.7,3550,841.8547,,,0.3,1.01,0.895,0.5,64.3,128.6
43,75,80,71,65.06,130500,78300,7.7,4000,1200.2682,,,0.3,1.44,0.895,0.6,78.3,130.5
44,75,80,71,65.06,133100,79860,7.7,4500,1341.9665,,,0.3,1.61,0.895,0.6,79.86,133.1
45,75,85,71,51.08,130600,78360,7.7,3550,841.8547,,,0.3,1.01,0.895,0.6,78.36,130.6
46,75,85,71,51.08,132500,92750,7.7,4000,1200.2682,,,0.3,1.44,0.895,0.7,92.75,132.5
47,75,85,71,51.08,135000,94500,7.7,4500,1341.9665,,,0.3,1.61,0.895,0.7,94.5,135
48,85,80,59,27.74,115100,115100,8.53,3550,841.8547,,,0.3,1.01,0.895,1,115.1,115.1
49,85,80,59,27.74,117000,117000,8.57,4000,1200.2682,,,0.3,1.44,0.895,1,117,117
50,85,80,59,27.74,119500,119500,8.6,4500,1341.9665,,,0.3,1.61,0.895,1,119.5,119.5
51,85,85,59,19.34,117100,117100,8.55,3550,841.8547,,,0.3,1.01,0.895,1,117.1,117.1
52,85,85,59,19.34,119000,119000,8.58,4000,1200.2682,,,0.3,1.44,0.895,1,119,119
53,85,85,59,19.34,121500,121500,8.62,4500,1341.9665,,,0.3,1.61,0.895,1,121.5,121.5
54,85,80,63,39.17,116800,96944,8.53,3550,841.8547,,,0.3,1.01,0.895,0.83,96.94,116.8
55,85,80,63,39.17,118600,101996,8.56,4000,1200.2682,,,0.3,1.44,0.895,0.86,102,118.6
56,85,80,63,39.17,121200,105444,8.6,4500,1341.9665,,,0.3,1.61,0.895,0.87,105.44,121.2
57,85,85,63,29.06,118700,118700,8.54,3550,841.8547,,,0.3,1.01,0.895,1,118.7,118.7
58,85,85,63,29.06,120600,120600,8.58,4000,1200.2682,,,0.3,1.44,0.895,1,120.6,120.6
59,85,85,63,29.06,123100,123100,8.61,4500,1341.9665,,,0.3,1.61,0.895,1,123.1,123.1
60,85,80,67,51.57,120300,84210,8.51,3550,841.8547,,,0.3,1.01,0.895,0.7,84.21,120.3
61,85,80,67,51.57,122100,89133,8.55,4000,1200.2682,,,0.3,1.44,0.895,0.73,89.13,122.1
62,85,80,67,51.57,124700,92278,8.58,4500,1341.9665,,,0.3,1.61,0.895,0.74,92.28,124.7
63,85,85,67,39.6,122200,96538,8.53,3550,841.8547,,,0.3,1.01,0.895,0.79,96.54,122.2
64,85,85,67,39.6,124100,103003,8.56,4000,1200.2682,,,0.3,1.44,0.895,0.83,103,124.1
65,85,85,67,39.6,126600,106344,8.6,4500,1341.9665,,,0.3,1.61,0.895,0.84,106.34,126.6
66,85,80,71,65.06,125600,75360,8.6,3550,841.8547,,,0.3,1.01,0.895,0.6,75.36,125.6
67,85,80,71,65.06,127500,76500,8.6,4000,1200.2682,,,0.3,1.44,0.895,0.6,76.5,127.5
68,85,80,71,65.06,130000,78000,8.6,4500,1341.9665,,,0.3,1.61,0.895,0.6,78,130
69,85,85,71,51.08,127600,89320,8.6,3550,841.8547,,,0.3,1.01,0.895,0.7,89.32,127.6
70,85,85,71,51.08,129400,90580,8.6,4000,1200.2682,,,0.3,1.44,0.895,0.7,90.58,129.4
71,85,85,71,51.08,132000,92400,8.7,4500,1341.9665,,,0.3,1.61,0.895,0.7,92.4,132
72,95,80,59,27.74,109900,109900,9.52,3550,841.8547,,,0.3,1.01,0.895,1,109.9,109.9
73,95,80,59,27.74,111700,111700,9.56,4000,1200.2682,,,0.3,1.44,0.895,1,111.7,111.7
74,95,80,59,27.74,114300,114300,9.59,4500,1341.9665,,,0.3,1.61,0.895,1,114.3,114.3
75,95,85,59,19.34,111800,111800,9.54,3550,841.8547,,,0.3,1.01,0.895,1,111.8,111.8
76,95,85,59,19.34,113700,113700,9.57,4000,1200.2682,,,0.3,1.44,0.895,1,113.7,113.7
77,95,85,59,19.34,116200,116200,9.61,4500,1341.9665,,,0.3,1.61,0.895,1,116.2,116.2
78,95,80,63,39.17,111500,94775,9.51,3550,841.8547,,,0.3,1.01,0.895,0.85,94.77,111.5
79,95,80,63,39.17,113400,113400,9.55,4000,1200.2682,,,0.3,1.44,0.895,1,113.4,113.4
80,95,80,63,39.17,115900,115900,9.59,4500,1341.9665,,,0.3,1.61,0.895,1,115.9,115.9
81,95,85,63,29.06,113500,113500,9.53,3550,841.8547,,,0.3,1.01,0.895,1,113.5,113.5
82,95,85,63,29.06,115400,115400,9.57,4000,1200.2682,,,0.3,1.44,0.895,1,115.4,115.4
83,95,85,63,29.06,117900,117900,9.6,4500,1341.9665,,,0.3,1.61,0.895,1,117.9,117.9
84,95,80,67,51.57,115000,82800,9.5,3550,841.8547,,,0.3,1.01,0.895,0.72,82.8,115
85,95,80,67,51.57,116900,87675,9.54,4000,1200.2682,,,0.3,1.44,0.895,0.75,87.68,116.9
86,95,80,67,51.57,119400,90744,9.57,4500,1341.9665,,,0.3,1.61,0.895,0.76,90.74,119.4
87,95,85,67,39.6,117000,94770,9.52,3550,841.8547,,,0.3,1.01,0.895,0.81,94.77,117
88,95,85,67,39.6,118800,100980,9.55,4000,1200.2682,,,0.3,1.44,0.895,0.85,100.98,118.8
89,95,85,67,39.6,121400,104404,9.59,4500,1341.9665,,,0.3,1.61,0.895,0.86,104.4,121.4
90,95,80,71,65.06,120300,72180,9.6,3550,841.8547,,,0.3,1.01,0.895,0.6,72.18,120.3
91,95,80,71,65.06,122200,73320,9.6,4000,1200.2682,,,0.3,1.44,0.895,0.6,73.32,122.2
92,95,80,71,65.06,124700,74820,9.6,4500,1341.9665,,,0.3,1.61,0.895,0.6,74.82,124.7
93,95,85,71,51.08,122300,85610,9.6,3550,841.8547,,,0.3,1.01,0.895,0.7,85.61,122.3
94,95,85,71,51.08,124200,86940,9.6,4000,1200.2682,,,0.3,1.44,0.895,0.7,86.94,124.2
95,95,85,71,51.08,126700,88690,9.6,4500,1341.9665,,,0.3,1.61,0.895,0.7,88.69,126.7
96,105,80,59,27.74,103400,103400,10.62,3550,825.1844,,,0.25,0.99,0.895,1,103.4,103.4
97,105,80,59,27.74,105300,105300,10.66,4000,1179.4302,,,0.25,1.415,0.895,1,105.3,105.3
98,105,80,59,27.74,107800,107800,10.7,4500,1341.9665,,,0.3,1.61,0.895,1,107.8,107.8
99,105,85,59,19.34,105400,105400,10.64,3550,825.1844,,,0.25,0.99,0.895,1,105.4,105.4
100,105,85,59,19.34,107300,107300,10.68,4000,1200.2682,,,0.3,1.44,0.895,1,107.3,107.3
101,105,85,59,19.34,109800,109800,10.71,4500,1341.9665,,,0.3,1.61,0.895,1,109.8,109.8
102,105,80,63,39.17,105100,105100,10.62,3550,825.1844,,,0.25,0.99,0.895,1,105.1,105.1
103,105,80,63,39.17,107000,107000,10.65,4000,1200.2682,,,0.3,1.44,0.895,1,107,107
104,105,80,63,39.17,109500,109500,10.69,4500,1341.9665,,,0.3,1.61,0.895,1,109.5,109.5
105,105,85,63,29.06,107100,107100,10.63,3550,841.8547,,,0.3,1.01,0.895,1,107.1,107.1
106,105,85,63,29.06,108900,108900,10.67,4000,1200.2682,,,0.3,1.44,0.895,1,108.9,108.9
107,105,85,63,29.06,111500,111500,10.71,4500,1341.9665,,,0.3,1.61,0.895,1,111.5,111.5
108,105,80,67,51.57,108600,80364,10.6,3550,841.8547,,,0.3,1.01,0.895,0.74,80.36,108.6
109,105,80,67,51.57,110400,85008,10.64,4000,1200.2682,,,0.3,1.44,0.895,0.77,85.01,110.4
110,105,80,67,51.57,113000,88140,10.68,4500,1341.9665,,,0.3,1.61,0.895,0.78,88.14,113
111,105,85,67,39.6,110500,91715,10.62,3550,841.8547,,,0.3,1.01,0.895,0.83,91.71,110.5
112,105,85,67,39.6,112400,97788,10.66,4000,1200.2682,,,0.3,1.44,0.895,0.87,97.79,112.4
113,105,85,67,39.6,115000,115000,10.69,4500,1341.9665,,,0.3,1.61,0.895,1,115,115
114,105,80,71,65.06,113900,68340,10.7,3550,841.8547,,,0.3,1.01,0.895,0.6,68.34,113.9
115,105,80,71,65.06,115800,69480,10.7,4000,1200.2682,,,0.3,1.44,0.895,0.6,69.48,115.8
116,105,80,71,65.06,118300,70980,10.7,4500,1341.9665,,,0.3,1.61,0.895,0.6,70.98,118.3
117,105,85,71,51.08,115900,81130,10.7,3550,841.8547,,,0.3,1.01,0.895,0.7,81.13,115.9
118,105,85,71,51.08,117800,82460,10.7,4000,1200.2682,,,0.3,1.44,0.895,0.7,82.46,117.8
119,105,85,71,51.08,120300,84210,10.8,4500,1341.9665,,,0.3,1.61,0.895,0.7,84.21,120.3
120,115,80,59,27.74,97600,97600,11.92,3550,825.1844,,,0.25,0.99,0.895,1,97.6,97.6
121,115,80,59,27.74,99400,99400,11.96,4000,1179.4302,,,0.25,1.415,0.895,1,99.4,99.4
122,115,80,59,27.74,102000,102000,11.99,4500,1321.1285,,,0.25,1.585,0.895,1,102,102
123,115,85,59,19.34,99500,99500,11.94,3550,825.1844,,,0.25,0.99,0.895,1,99.5,99.5
124,115,85,59,19.34,101400,101400,11.97,4000,1179.4302,,,0.25,1.415,0.895,1,101.4,101.4
125,115,85,59,19.34,103900,103900,12.01,4500,1321.1285,,,0.25,1.585,0.895,1,103.9,103.9
126,115,80,63,39.17,99200,99200,11.91,3550,825.1844,,,0.25,0.99,0.895,1,99.2,99.2
127,115,80,63,39.17,101100,101100,11.95,4000,1179.4302,,,0.25,1.415,0.895,1,101.1,101.1
128,115,80,63,39.17,103600,103600,11.99,4500,1321.1285,,,0.25,1.585,0.895,1,103.6,103.6
129,115,85,63,29.06,101200,101200,11.93,3550,825.1844,,,0.25,0.99,0.895,1,101.2,101.2
130,115,85,63,29.06,103100,103100,11.97,4000,1179.4302,,,0.25,1.415,0.895,1,103.1,103.1
131,115,85,63,29.06,105600,105600,12,4500,1341.9665,,,0.3,1.61,0.895,1,105.6,105.6
132,115,80,67,51.57,102700,81133,11.9,3550,825.1844,,,0.25,0.99,0.895,0.79,81.13,102.7
133,115,80,67,51.57,104600,85772,11.94,4000,1179.4302,,,0.25,1.415,0.895,0.82,85.77,104.6
134,115,80,67,51.57,107100,88893,11.97,4500,1341.9665,,,0.3,1.61,0.895,0.83,88.89,107.1
135,115,85,67,39.6,104700,104700,11.92,3550,825.1844,,,0.25,0.99,0.895,1,104.7,104.7
136,115,85,67,39.6,106600,106600,11.95,4000,1200.2682,,,0.3,1.44,0.895,1,106.6,106.6
137,115,85,67,39.6,109100,109100,11.99,4500,1341.9665,,,0.3,1.61,0.895,1,109.1,109.1
138,115,80,71,65.06,108000,75600,12,3550,841.8547,,,0.3,1.01,0.895,0.7,75.6,108
139,115,80,71,65.06,109900,76930,12,4000,1200.2682,,,0.3,1.44,0.895,0.7,76.93,109.9
140,115,80,71,65.06,112500,78750,12,4500,1341.9665,,,0.3,1.61,0.895,0.7,78.75,112.5
141,115,85,71,51.08,110000,77000,12,3550,841.8547,,,0.3,1.01,0.895,0.7,77,110
142,115,85,71,51.08,111900,89520,12,4000,1200.2682,,,0.3,1.44,0.895,0.8,89.52,111.9
143,115,85,71,51.08,114400,91520,12,4500,1341.9665,,,0.3,1.61,0.895,0.8,91.52,114.4
0,65,70,59,52.72,141200,87544,8.31,3800,1081.4916,,DRC150,0.35,1.2975,0.895,0.62,87.54,141.2
1,65,70,59,52.72,147600,97416,8.42,5000,1450.324,,,0.35,1.74,0.895,0.66,97.42,147.6
2,65,70,59,52.72,152300,95949,8.47,5625,1639.9497,,,0.35,1.9675,0.895,0.63,95.95,152.3
3,65,75,59,38.63,141300,104562,8.3,3800,1081.4916,,,0.35,1.2975,0.895,0.74,104.56,141.3
4,65,75,59,38.63,147700,115206,8.41,5000,1450.324,,,0.35,1.74,0.895,0.78,115.21,147.7
5,65,75,59,38.63,152400,114300,8.46,5625,1639.9497,,,0.35,1.9675,0.895,0.75,114.3,152.4
6,65,70,63,68.69,143200,78760,8.3,3800,1081.4916,,,0.35,1.2975,0.895,0.55,78.76,143.2
7,65,70,63,68.69,149600,88264,8.41,5000,1450.324,,,0.35,1.74,0.895,0.59,88.26,149.6
8,65,70,63,68.69,154300,86408,8.46,5625,1639.9497,,,0.35,1.9675,0.895,0.56,86.41,154.3
9,65,75,63,52.11,143300,96011,8.3,3800,1081.4916,,,0.35,1.2975,0.895,0.67,96.01,143.3
10,65,75,63,52.11,149700,106287,8.4,5000,1450.324,,,0.35,1.74,0.895,0.71,106.29,149.7
11,65,75,63,52.11,154300,104924,8.45,5625,1639.9497,,,0.35,1.9675,0.895,0.68,104.92,154.3
12,65,70,67,86.02,147300,61866,8.28,3800,1081.4916,,,0.35,1.2975,0.895,0.42,61.87,147.3
13,65,70,67,86.02,153800,70748,8.39,5000,1450.324,,,0.35,1.74,0.895,0.46,70.75,153.8
14,65,70,67,86.02,158400,69696,8.44,5625,1639.9497,,,0.35,1.9675,0.895,0.44,69.7,158.4
15,65,75,67,66.75,147400,79596,8.28,3800,1081.4916,,,0.35,1.2975,0.895,0.54,79.6,147.4
16,65,75,67,66.75,153900,89262,8.38,5000,1450.324,,,0.35,1.74,0.895,0.58,89.26,153.9
17,65,75,67,66.75,158500,88760,8.43,5625,1639.9497,,,0.35,1.9675,0.895,0.56,88.76,158.5
18,65,70,71,104.86,0,0,,3800,0,,,,,0.895,,,
19,65,70,71,104.86,0,0,,5000,0,,,,,0.895,,,
20,65,70,71,104.86,0,0,,5625,0,,,,,0.895,,,
21,65,75,71,82.67,153800,61520,8.4,3800,1081.4916,,,0.35,1.2975,0.895,0.4,61.52,153.8
22,65,75,71,82.67,160200,80100,8.5,5000,1450.324,,,0.35,1.74,0.895,0.5,80.1,160.2
23,65,75,71,82.67,164900,65960,8.5,5625,1639.9497,,,0.35,1.9675,0.895,0.4,65.96,164.9
24,75,70,59,52.72,140000,88200,9.37,3800,1081.4916,,,0.35,1.2975,0.895,0.63,88.2,140
25,75,70,59,52.72,146400,98088,9.48,5000,1450.324,,,0.35,1.74,0.895,0.67,98.09,146.4
26,75,70,59,52.72,151100,96704,9.52,5625,1639.9497,,,0.35,1.9675,0.895,0.64,96.7,151.1
27,75,75,59,38.63,140000,105000,9.36,3800,1081.4916,,,0.35,1.2975,0.895,0.75,105,140
28,75,75,59,38.63,146500,115735,9.47,5000,1450.324,,,0.35,1.74,0.895,0.79,115.74,146.5
29,75,75,59,38.63,151100,151100,9.52,5625,1639.9497,,,0.35,1.9675,0.895,1,151.1,151.1
30,75,70,63,68.69,141900,79464,9.36,3800,1081.4916,,,0.35,1.2975,0.895,0.56,79.46,141.9
31,75,70,63,68.69,148400,89040,9.47,5000,1450.324,,,0.35,1.74,0.895,0.6,89.04,148.4
32,75,70,63,68.69,153000,87210,9.52,5625,1639.9497,,,0.35,1.9675,0.895,0.57,87.21,153
33,75,75,63,52.11,142000,96560,9.35,3800,1081.4916,,,0.35,1.2975,0.895,0.68,96.56,142
34,75,75,63,52.11,148400,106848,9.46,5000,1450.324,,,0.35,1.74,0.895,0.72,106.85,148.4
35,75,75,63,52.11,153100,105639,9.51,5625,1639.9497,,,0.35,1.9675,0.895,0.69,105.64,153.1
36,75,70,67,86.02,146100,62823,9.34,3800,1081.4916,,,0.35,1.2975,0.895,0.43,62.82,146.1
37,75,70,67,86.02,152500,71675,9.45,5000,1450.324,,,0.35,1.74,0.895,0.47,71.68,152.5
38,75,70,67,86.02,157200,69168,9.5,5625,1639.9497,,,0.35,1.9675,0.895,0.44,69.17,157.2
39,75,75,67,66.75,146200,80410,9.34,3800,1081.4916,,,0.35,1.2975,0.895,0.55,80.41,146.2
40,75,75,67,66.75,152600,90034,9.44,5000,1450.324,,,0.35,1.74,0.895,0.59,90.03,152.6
41,75,75,67,66.75,157300,88088,9.49,5625,1639.9497,,,0.35,1.9675,0.895,0.56,88.09,157.3
42,75,70,71,104.86,0,0,,3800,0,,,,,0.895,,,
43,75,70,71,104.86,0,0,,5000,0,,,,,0.895,,,
44,75,70,71,104.86,0,0,,5625,0,,,,,0.895,,,
45,75,75,71,82.67,152500,61000,9.4,3800,1081.4916,,,0.35,1.2975,0.895,0.4,61,152.5
46,75,75,71,82.67,159000,79500,9.5,5000,1450.324,,,0.35,1.74,0.895,0.5,79.5,159
47,75,75,71,82.67,163600,65440,9.6,5625,1639.9497,,,0.35,1.9675,0.895,0.4,65.44,163.6
48,85,70,59,52.72,136300,88595,10.55,3800,1081.4916,,,0.35,1.2975,0.895,0.65,88.6,136.3
49,85,70,59,52.72,142800,98532,10.66,5000,1450.324,,,0.35,1.74,0.895,0.69,98.53,142.8
50,85,70,59,52.72,147400,97284,10.71,5625,1639.9497,,,0.35,1.9675,0.895,0.66,97.28,147.4
51,85,75,59,38.63,136400,105028,10.55,3800,1081.4916,,,0.35,1.2975,0.895,0.77,105.03,136.4
52,85,75,59,38.63,142800,142800,10.65,5000,1450.324,,,0.35,1.74,0.895,1,142.8,142.8
53,85,75,59,38.63,147500,147500,10.7,5625,1639.9497,,,0.35,1.9675,0.895,1,147.5,147.5
54,85,70,63,68.69,138300,80214,10.54,3800,1081.4916,,,0.35,1.2975,0.895,0.58,80.21,138.3
55,85,70,63,68.69,144700,89714,10.65,5000,1450.324,,,0.35,1.74,0.895,0.62,89.71,144.7
56,85,70,63,68.69,149400,88146,10.7,5625,1639.9497,,,0.35,1.9675,0.895,0.59,88.15,149.4
57,85,75,63,52.11,138400,96880,10.54,3800,1081.4916,,,0.35,1.2975,0.895,0.7,96.88,138.4
58,85,75,63,52.11,144800,107152,10.64,5000,1450.324,,,0.35,1.74,0.895,0.74,107.15,144.8
59,85,75,63,52.11,149500,106145,10.69,5625,1639.9497,,,0.35,1.9675,0.895,0.71,106.15,149.5
60,85,70,67,86.02,142500,64125,10.53,3800,1081.4916,,,0.35,1.2975,0.895,0.45,64.13,142.5
61,85,70,67,86.02,148900,72961,10.63,5000,1450.324,,,0.35,1.74,0.895,0.49,72.96,148.9
62,85,70,67,86.02,153500,70610,10.68,5625,1639.9497,,,0.35,1.9675,0.895,0.46,70.61,153.5
63,85,75,67,66.75,142500,81225,10.52,3800,1081.4916,,,0.35,1.2975,0.895,0.57,81.23,142.5
64,85,75,67,66.75,149000,90890,10.63,5000,1450.324,,,0.35,1.74,0.895,0.61,90.89,149
65,85,75,67,66.75,153600,90624,10.67,5625,1639.9497,,,0.35,1.9675,0.895,0.59,90.62,153.6
66,85,70,71,104.86,0,0,,3800,0,,,,,0.895,,,
67,85,70,71,104.86,0,0,,5000,0,,,,,0.895,,,
68,85,70,71,104.86,0,0,,5625,0,,,,,0.895,,,
69,85,75,71,82.67,148900,59560,10.6,3800,1081.4916,,,0.35,1.2975,0.895,0.4,59.56,148.9
70,85,75,71,82.67,155300,77650,10.7,5000,1450.324,,,0.35,1.74,0.895,0.5,77.65,155.3
71,85,75,71,82.67,160000,80000,10.8,5625,1639.9497,,,0.35,1.9675,0.895,0.5,80,160
72,95,70,59,52.72,130100,87167,11.83,3800,1062.7374,,,0.3,1.275,0.895,0.67,87.17,130.1
73,95,70,59,52.72,136500,136500,11.94,5000,1450.324,,,0.35,1.74,0.895,1,136.5,136.5
74,95,70,59,52.72,141200,141200,11.99,5625,1639.9497,,,0.35,1.9675,0.895,1,141.2,141.2
75,95,75,59,38.63,130100,130100,11.83,3800,1062.7374,,,0.3,1.275,0.895,1,130.1,130.1
76,95,75,59,38.63,136600,136600,11.93,5000,1450.324,,,0.35,1.74,0.895,1,136.6,136.6
77,95,75,59,38.63,141200,141200,11.98,5625,1639.9497,,,0.35,1.9675,0.895,1,141.2,141.2
78,95,70,63,68.69,132000,79200,11.82,3800,1062.7374,,,0.3,1.275,0.895,0.6,79.2,132
79,95,70,63,68.69,138500,88640,11.93,5000,1450.324,,,0.35,1.74,0.895,0.64,88.64,138.5
80,95,70,63,68.69,143100,87291,11.98,5625,1639.9497,,,0.35,1.9675,0.895,0.61,87.29,143.1
81,95,75,63,52.11,132100,95112,11.82,3800,1062.7374,,,0.3,1.275,0.895,0.72,95.11,132.1
82,95,75,63,52.11,138500,105260,11.92,5000,1450.324,,,0.35,1.74,0.895,0.76,105.26,138.5
83,95,75,63,52.11,143200,104536,11.97,5625,1639.9497,,,0.35,1.9675,0.895,0.73,104.54,143.2
84,95,70,67,86.02,136200,64014,11.81,3800,1081.4916,,,0.35,1.2975,0.895,0.47,64.01,136.2
85,95,70,67,86.02,142600,72726,11.91,5000,1450.324,,,0.35,1.74,0.895,0.51,72.73,142.6
86,95,70,67,86.02,147300,70704,11.96,5625,1639.9497,,,0.35,1.9675,0.895,0.48,70.7,147.3
87,95,75,67,66.75,136300,80417,11.8,3800,1081.4916,,,0.35,1.2975,0.895,0.59,80.42,136.3
88,95,75,67,66.75,142700,89901,11.91,5000,1450.324,,,0.35,1.74,0.895,0.63,89.9,142.7
89,95,75,67,66.75,147400,88440,11.95,5625,1639.9497,,,0.35,1.9675,0.895,0.6,88.44,147.4
90,95,70,71,104.86,0,0,,3800,0,,,,,0.895,,,
91,95,70,71,104.86,0,0,,5000,0,,,,,0.895,,,
92,95,70,71,104.86,0,0,,5625,0,,,,,0.895,,,
93,95,75,71,82.67,142600,71300,11.9,3800,1081.4916,,,0.35,1.2975,0.895,0.5,71.3,142.6
94,95,75,71,82.67,149100,74550,12,5000,1450.324,,,0.35,1.74,0.895,0.5,74.55,149.1
95,95,75,71,82.67,153700,76850,12,5625,1639.9497,,,0.35,1.9675,0.895,0.5,76.85,153.7
96,105,70,59,52.72,122400,122400,13.26,3800,1062.7374,,,0.3,1.275,0.895,1,122.4,122.4
97,105,70,59,52.72,128800,128800,13.37,5000,1416.9832,,,0.3,1.7,0.895,1,128.8,128.8
98,105,70,59,52.72,133500,133500,13.42,5625,1604.5251,,,0.3,1.925,0.895,1,133.5,133.5
99,105,75,59,38.63,122500,122500,13.26,3800,1062.7374,,,0.3,1.275,0.895,1,122.5,122.5
100,105,75,59,38.63,128900,128900,13.36,5000,1416.9832,,,0.3,1.7,0.895,1,128.9,128.9
101,105,75,59,38.63,133600,133600,13.41,5625,1604.5251,,,0.3,1.925,0.895,1,133.6,133.6
102,105,70,63,68.69,124400,77128,13.25,3800,1062.7374,,,0.3,1.275,0.895,0.62,77.13,124.4
103,105,70,63,68.69,130800,86328,13.36,5000,1416.9832,,,0.3,1.7,0.895,0.66,86.33,130.8
104,105,70,63,68.69,135500,85365,13.41,5625,1639.9497,,,0.35,1.9675,0.895,0.63,85.37,135.5
105,105,75,63,52.11,124500,92130,13.25,3800,1062.7374,,,0.3,1.275,0.895,0.74,92.13,124.5
106,105,75,63,52.11,130900,102102,13.35,5000,1416.9832,,,0.3,1.7,0.895,0.78,102.1,130.9
107,105,75,63,52.11,135500,101625,13.4,5625,1639.9497,,,0.35,1.9675,0.895,0.75,101.63,135.5
108,105,70,67,86.02,128500,62965,13.24,3800,1062.7374,,,0.3,1.275,0.895,0.49,62.96,128.5
109,105,70,67,86.02,135000,71550,13.34,5000,1450.324,,,0.35,1.74,0.895,0.53,71.55,135
110,105,70,67,86.02,139600,69800,13.39,5625,1639.9497,,,0.35,1.9675,0.895,0.5,69.8,139.6
111,105,75,67,66.75,128600,78446,13.23,3800,1062.7374,,,0.3,1.275,0.895,0.61,78.45,128.6
112,105,75,67,66.75,135100,87815,13.34,5000,1450.324,,,0.35,1.74,0.895,0.65,87.82,135.1
113,105,75,67,66.75,139700,86614,13.38,5625,1639.9497,,,0.35,1.9675,0.895,0.62,86.61,139.7
114,105,70,71,104.86,0,0,,3800,0,,,,,0.895,,,
115,105,70,71,104.86,0,0,,5000,0,,,,,0.895,,,
116,105,70,71,104.86,0,0,,5625,0,,,,,0.895,,,
117,105,75,71,82.67,135000,67500,13.3,3800,1081.4916,,,0.35,1.2975,0.895,0.5,67.5,135
118,105,75,71,82.67,141400,70700,13.4,5000,1450.324,,,0.35,1.74,0.895,0.5,70.7,141.4
119,105,75,71,82.67,146100,73050,13.5,5625,1639.9497,,,0.35,1.9675,0.895,0.5,73.05,146.1
120,115,70,59,52.72,115400,115400,14.94,3800,1062.7374,,,0.3,1.275,0.895,1,115.4,115.4
121,115,70,59,52.72,121900,121900,15.05,5000,1416.9832,,,0.3,1.7,0.895,1,121.9,121.9
122,115,70,59,52.72,126500,126500,15.1,5625,1604.5251,,,0.3,1.925,0.895,1,126.5,126.5
123,115,75,59,38.63,115500,115500,14.93,3800,1062.7374,,,0.3,1.275,0.895,1,115.5,115.5
124,115,75,59,38.63,121900,121900,15.04,5000,1416.9832,,,0.3,1.7,0.895,1,121.9,121.9
125,115,75,59,38.63,126600,126600,15.09,5625,1604.5251,,,0.3,1.925,0.895,1,126.6,126.6
126,115,70,63,68.69,117400,78658,14.93,3800,1062.7374,,,0.3,1.275,0.895,0.67,78.66,117.4
127,115,70,63,68.69,123800,87898,15.04,5000,1416.9832,,,0.3,1.7,0.895,0.71,87.9,123.8
128,115,70,63,68.69,128500,87380,15.09,5625,1604.5251,,,0.3,1.925,0.895,0.68,87.38,128.5
129,115,75,63,52.11,117500,92825,14.93,3800,1062.7374,,,0.3,1.275,0.895,0.79,92.83,117.5
130,115,75,63,52.11,123900,123900,15.03,5000,1416.9832,,,0.3,1.7,0.895,1,123.9,123.9
131,115,75,63,52.11,128600,128600,15.08,5625,1604.5251,,,0.3,1.925,0.895,1,128.6,128.6
132,115,70,67,86.02,121600,65664,14.91,3800,1062.7374,,,0.3,1.275,0.895,0.54,65.66,121.6
133,115,70,67,86.02,128000,74240,15.02,5000,1416.9832,,,0.3,1.7,0.895,0.58,74.24,128
134,115,70,67,86.02,132600,72930,15.07,5625,1604.5251,,,0.3,1.925,0.895,0.55,72.93,132.6
135,115,75,67,66.75,121600,80256,14.91,3800,1062.7374,,,0.3,1.275,0.895,0.66,80.26,121.6
136,115,75,67,66.75,128100,89670,15.01,5000,1416.9832,,,0.3,1.7,0.895,0.7,89.67,128.1
137,115,75,67,66.75,132700,88909,15.06,5625,1604.5251,,,0.3,1.925,0.895,0.67,88.91,132.7
138,115,70,71,104.86,0,0,,3800,0,,,,,0.895,,,
139,115,70,71,104.86,0,0,,5000,0,,,,,0.895,,,
140,115,70,71,104.86,0,0,,5625,0,,,,,0.895,,,
141,115,75,71,82.67,128000,64000,15,3800,1062.7374,,,0.3,1.275,0.895,0.5,64,128
142,115,75,71,82.67,134400,80640,15.1,5000,1416.9832,,,0.3,1.7,0.895,0.6,80.64,134.4
143,115,75,71,82.67,139100,69550,15.1,5625,1639.9497,,,0.35,1.9675,0.895,0.5,69.55,139.1
0,65,80,59,27.74,142000,122120,8.31,3800,1081.4916,,,0.35,1.2975,0.895,0.86,122.12,142
1,65,80,59,27.74,148400,148400,8.42,5000,1450.324,,,0.35,1.74,0.895,1,148.4,148.4
2,65,80,59,27.74,153100,153100,8.46,5625,1639.9497,,,0.35,1.9675,0.895,1,153.1,153.1
3,65,85,59,19.34,144400,144400,8.33,3800,1081.4916,,,0.35,1.2975,0.895,1,144.4,144.4
4,65,85,59,19.34,150800,150800,8.44,5000,1450.324,,,0.35,1.74,0.895,1,150.8,150.8
5,65,85,59,19.34,155500,155500,8.48,5625,1639.9497,,,0.35,1.9675,0.895,1,155.5,155.5
6,65,80,63,39.17,144000,113760,8.3,3800,1081.4916,,,0.35,1.2975,0.895,0.79,113.76,144
7,65,80,63,39.17,150400,124832,8.41,5000,1450.324,,,0.35,1.74,0.895,0.83,124.83,150.4
8,65,80,63,39.17,155100,124080,8.46,5625,1639.9497,,,0.35,1.9675,0.895,0.8,124.08,155.1
9,65,85,63,29.06,146300,128744,8.32,3800,1081.4916,,,0.35,1.2975,0.895,0.88,128.74,146.3
10,65,85,63,29.06,152800,140576,8.43,5000,1450.324,,,0.35,1.74,0.895,0.92,140.58,152.8
11,65,85,63,29.06,157400,140086,8.48,5625,1639.9497,,,0.35,1.9675,0.895,0.89,140.09,157.4
12,65,80,67,51.57,148100,97746,8.28,3800,1081.4916,,,0.35,1.2975,0.895,0.66,97.75,148.1
13,65,80,67,51.57,154600,108220,8.39,5000,1450.324,,,0.35,1.74,0.895,0.7,108.22,154.6
14,65,80,67,51.57,159200,106664,8.44,5625,1639.9497,,,0.35,1.9675,0.895,0.67,106.66,159.2
15,65,85,67,39.6,150500,114380,8.3,3800,1081.4916,,,0.35,1.2975,0.895,0.76,114.38,150.5
16,65,85,67,39.6,156900,125520,8.41,5000,1450.324,,,0.35,1.74,0.895,0.8,125.52,156.9
17,65,85,67,39.6,161600,124432,8.46,5625,1639.9497,,,0.35,1.9675,0.895,0.77,124.43,161.6
18,65,80,71,65.06,154500,77250,8.4,3800,1081.4916,,,0.35,1.2975,0.895,0.5,77.25,154.5
19,65,80,71,65.06,160900,96540,8.5,5000,1450.324,,,0.35,1.74,0.895,0.6,96.54,160.9
20,65,80,71,65.06,165600,82800,8.5,5625,1639.9497,,,0.35,1.9675,0.895,0.5,82.8,165.6
21,65,85,71,51.08,156900,94140,8.4,3800,1081.4916,,,0.35,1.2975,0.895,0.6,94.14,156.9
22,65,85,71,51.08,163300,114310,8.5,5000,1450.324,,,0.35,1.74,0.895,0.7,114.31,163.3
23,65,85,71,51.08,167900,100740,8.5,5625,1639.9497,,,0.35,1.9675,0.895,0.6,100.74,167.9
24,75,80,59,27.74,140800,140800,9.37,3800,1081.4916,,,0.35,1.2975,0.895,1,140.8,140.8
25,75,80,59,27.74,147200,147200,9.48,5000,1450.324,,,0.35,1.74,0.895,1,147.2,147.2
26,75,80,59,27.74,151900,151900,9.52,5625,1639.9497,,,0.35,1.9675,0.895,1,151.9,151.9
27,75,85,59,19.34,143100,143100,9.39,3800,1081.4916,,,0.35,1.2975,0.895,1,143.1,143.1
28,75,85,59,19.34,149500,149500,9.5,5000,1450.324,,,0.35,1.74,0.895,1,149.5,149.5
29,75,85,59,19.34,154200,154200,9.54,5625,1639.9497,,,0.35,1.9675,0.895,1,154.2,154.2
30,75,80,63,39.17,142700,112733,9.36,3800,1081.4916,,,0.35,1.2975,0.895,0.79,112.73,142.7
31,75,80,63,39.17,149200,123836,9.47,5000,1450.324,,,0.35,1.74,0.895,0.83,123.84,149.2
32,75,80,63,39.17,153800,124578,9.52,5625,1639.9497,,,0.35,1.9675,0.895,0.81,124.58,153.8
33,75,85,63,29.06,145100,129139,9.38,3800,1081.4916,,,0.35,1.2975,0.895,0.89,129.14,145.1
34,75,85,63,29.06,151500,151500,9.49,5000,1450.324,,,0.35,1.74,0.895,1,151.5,151.5
35,75,85,63,29.06,156200,156200,9.54,5625,1639.9497,,,0.35,1.9675,0.895,1,156.2,156.2
36,75,80,67,51.57,146900,98423,9.34,3800,1081.4916,,,0.35,1.2975,0.895,0.67,98.42,146.9
37,75,80,67,51.57,153300,108843,9.45,5000,1450.324,,,0.35,1.74,0.895,0.71,108.84,153.3
38,75,80,67,51.57,158000,107440,9.5,5625,1639.9497,,,0.35,1.9675,0.895,0.68,107.44,158
39,75,85,67,39.6,149200,113392,9.36,3800,1081.4916,,,0.35,1.2975,0.895,0.76,113.39,149.2
40,75,85,67,39.6,155700,124560,9.47,5000,1450.324,,,0.35,1.74,0.895,0.8,124.56,155.7
41,75,85,67,39.6,160300,123431,9.52,5625,1639.9497,,,0.35,1.9675,0.895,0.77,123.43,160.3
42,75,80,71,65.06,153300,76650,9.4,3800,1081.4916,,,0.35,1.2975,0.895,0.5,76.65,153.3
43,75,80,71,65.06,159700,95820,9.5,5000,1450.324,,,0.35,1.74,0.895,0.6,95.82,159.7
44,75,80,71,65.06,164300,82150,9.6,5625,1639.9497,,,0.35,1.9675,0.895,0.5,82.15,164.3
45,75,85,71,51.08,155600,93360,9.4,3800,1081.4916,,,0.35,1.2975,0.895,0.6,93.36,155.6
46,75,85,71,51.08,162000,113400,9.6,5000,1450.324,,,0.35,1.74,0.895,0.7,113.4,162
47,75,85,71,51.08,166700,100020,9.6,5625,1639.9497,,,0.35,1.9675,0.895,0.6,100.02,166.7
48,85,80,59,27.74,137100,137100,10.55,3800,1081.4916,,,0.35,1.2975,0.895,1,137.1,137.1
49,85,80,59,27.74,143600,143600,10.66,5000,1450.324,,,0.35,1.74,0.895,1,143.6,143.6
50,85,80,59,27.74,148200,148200,10.71,5625,1639.9497,,,0.35,1.9675,0.895,1,148.2,148.2
51,85,85,59,19.34,139500,139500,10.57,3800,1081.4916,,,0.35,1.2975,0.895,1,139.5,139.5
52,85,85,59,19.34,145900,145900,10.68,5000,1450.324,,,0.35,1.74,0.895,1,145.9,145.9
53,85,85,59,19.34,150600,150600,10.73,5625,1639.9497,,,0.35,1.9675,0.895,1,150.6,150.6
54,85,80,63,39.17,139100,114062,10.54,3800,1081.4916,,,0.35,1.2975,0.895,0.82,114.06,139.1
55,85,80,63,39.17,145500,125130,10.65,5000,1450.324,,,0.35,1.74,0.895,0.86,125.13,145.5
56,85,80,63,39.17,150200,124666,10.7,5625,1639.9497,,,0.35,1.9675,0.895,0.83,124.67,150.2
57,85,85,63,29.06,141400,141400,10.56,3800,1081.4916,,,0.35,1.2975,0.895,1,141.4,141.4
58,85,85,63,29.06,147900,147900,10.67,5000,1450.324,,,0.35,1.74,0.895,1,147.9,147.9
59,85,85,63,29.06,152500,152500,10.72,5625,1639.9497,,,0.35,1.9675,0.895,1,152.5,152.5
60,85,80,67,51.57,143300,98877,10.53,3800,1081.4916,,,0.35,1.2975,0.895,0.69,98.88,143.3
61,85,80,67,51.57,149700,109281,10.63,5000,1450.324,,,0.35,1.74,0.895,0.73,109.28,149.7
62,85,80,67,51.57,154300,108010,10.68,5625,1639.9497,,,0.35,1.9675,0.895,0.7,108.01,154.3
63,85,85,67,39.6,145600,115024,10.55,3800,1081.4916,,,0.35,1.2975,0.895,0.79,115.02,145.6
64,85,85,67,39.6,152000,126160,10.65,5000,1450.324,,,0.35,1.74,0.895,0.83,126.16,152
65,85,85,67,39.6,156700,125360,10.7,5625,1639.9497,,,0.35,1.9675,0.895,0.8,125.36,156.7
66,85,80,71,65.06,149600,89760,10.6,3800,1081.4916,,,0.35,1.2975,0.895,0.6,89.76,149.6
67,85,80,71,65.06,156100,93660,10.7,5000,1450.324,,,0.35,1.74,0.895,0.6,93.66,156.1
68,85,80,71,65.06,160700,96420,10.8,5625,1639.9497,,,0.35,1.9675,0.895,0.6,96.42,160.7
69,85,85,71,51.08,152000,106400,10.6,3800,1081.4916,,,0.35,1.2975,0.895,0.7,106.4,152
70,85,85,71,51.08,158400,110880,10.7,5000,1450.324,,,0.35,1.74,0.895,0.7,110.88,158.4
71,85,85,71,51.08,163100,114170,10.8,5625,1639.9497,,,0.35,1.9675,0.895,0.7,114.17,163.1
72,95,80,59,27.74,130900,130900,11.83,3800,1062.7374,,,0.3,1.275,0.895,1,130.9,130.9
73,95,80,59,27.74,137300,137300,11.94,5000,1450.324,,,0.35,1.74,0.895,1,137.3,137.3
74,95,80,59,27.74,142000,142000,11.99,5625,1639.9497,,,0.35,1.9675,0.895,1,142,142
75,95,85,59,19.34,133200,133200,11.85,3800,1062.7374,,,0.3,1.275,0.895,1,133.2,133.2
76,95,85,59,19.34,139600,139600,11.96,5000,1450.324,,,0.35,1.74,0.895,1,139.6,139.6
77,95,85,59,19.34,144300,144300,12.01,5625,1639.9497,,,0.35,1.9675,0.895,1,144.3,144.3
78,95,80,63,39.17,132800,111552,11.82,3800,1062.7374,,,0.3,1.275,0.895,0.84,111.55,132.8
79,95,80,63,39.17,139300,139300,11.93,5000,1450.324,,,0.35,1.74,0.895,1,139.3,139.3
80,95,80,63,39.17,143900,143900,11.98,5625,1639.9497,,,0.35,1.9675,0.895,1,143.9,143.9
81,95,85,63,29.06,135200,135200,11.84,3800,1081.4916,,,0.35,1.2975,0.895,1,135.2,135.2
82,95,85,63,29.06,141600,141600,11.95,5000,1450.324,,,0.35,1.74,0.895,1,141.6,141.6
83,95,85,63,29.06,146300,146300,12,5625,1639.9497,,,0.35,1.9675,0.895,1,146.3,146.3
84,95,80,67,51.57,137000,97270,11.81,3800,1081.4916,,,0.35,1.2975,0.895,0.71,97.27,137
85,95,80,67,51.57,143400,107550,11.91,5000,1450.324,,,0.35,1.74,0.895,0.75,107.55,143.4
86,95,80,67,51.57,148100,106632,11.96,5625,1639.9497,,,0.35,1.9675,0.895,0.72,106.63,148.1
87,95,85,67,39.6,139300,111440,11.83,3800,1081.4916,,,0.35,1.2975,0.895,0.8,111.44,139.3
88,95,85,67,39.6,145800,122472,11.93,5000,1450.324,,,0.35,1.74,0.895,0.84,122.47,145.8
89,95,85,67,39.6,150400,121824,11.98,5625,1639.9497,,,0.35,1.9675,0.895,0.81,121.82,150.4
90,95,80,71,65.06,143400,86040,11.9,3800,1081.4916,,,0.35,1.2975,0.895,0.6,86.04,143.4
91,95,80,71,65.06,149800,89880,12,5000,1450.324,,,0.35,1.74,0.895,0.6,89.88,149.8
92,95,80,71,65.06,154400,92640,12,5625,1639.9497,,,0.35,1.9675,0.895,0.6,92.64,154.4
93,95,85,71,51.08,145700,101990,11.9,3800,1081.4916,,,0.35,1.2975,0.895,0.7,101.99,145.7
94,95,85,71,51.08,152100,106470,12,5000,1450.324,,,0.35,1.74,0.895,0.7,106.47,152.1
95,95,85,71,51.08,156800,109760,12.1,5625,1639.9497,,,0.35,1.9675,0.895,0.7,109.76,156.8
96,105,80,59,27.74,123200,123200,13.26,3800,1062.7374,,,0.3,1.275,0.895,1,123.2,123.2
97,105,80,59,27.74,129600,129600,13.37,5000,1416.9832,,,0.3,1.7,0.895,1,129.6,129.6
98,105,80,59,27.74,134300,134300,13.42,5625,1604.5251,,,0.3,1.925,0.895,1,134.3,134.3
99,105,85,59,19.34,125600,125600,13.28,3800,1062.7374,,,0.3,1.275,0.895,1,125.6,125.6
100,105,85,59,19.34,132000,132000,13.39,5000,1416.9832,,,0.3,1.7,0.895,1,132,132
101,105,85,59,19.34,136600,136600,13.44,5625,1639.9497,,,0.35,1.9675,0.895,1,136.6,136.6
102,105,80,63,39.17,125200,125200,13.25,3800,1062.7374,,,0.3,1.275,0.895,1,125.2,125.2
103,105,80,63,39.17,131600,131600,13.36,5000,1416.9832,,,0.3,1.7,0.895,1,131.6,131.6
104,105,80,63,39.17,136300,136300,13.41,5625,1639.9497,,,0.35,1.9675,0.895,1,136.3,136.3
105,105,85,63,29.06,127500,127500,13.27,3800,1062.7374,,,0.3,1.275,0.895,1,127.5,127.5
106,105,85,63,29.06,134000,134000,13.38,5000,1416.9832,,,0.3,1.7,0.895,1,134,134
107,105,85,63,29.06,138600,138600,13.43,5625,1639.9497,,,0.35,1.9675,0.895,1,138.6,138.6
108,105,80,67,51.57,129300,94389,13.24,3800,1062.7374,,,0.3,1.275,0.895,0.73,94.39,129.3
109,105,80,67,51.57,135800,104566,13.34,5000,1450.324,,,0.35,1.74,0.895,0.77,104.57,135.8
110,105,80,67,51.57,140400,103896,13.39,5625,1639.9497,,,0.35,1.9675,0.895,0.74,103.9,140.4
111,105,85,67,39.6,131700,107994,13.26,3800,1062.7374,,,0.3,1.275,0.895,0.82,107.99,131.7
112,105,85,67,39.6,138100,118766,13.36,5000,1450.324,,,0.35,1.74,0.895,0.86,118.77,138.1
113,105,85,67,39.6,142800,142800,13.41,5625,1639.9497,,,0.35,1.9675,0.895,1,142.8,142.8
114,105,80,71,65.06,135700,81420,13.3,3800,1081.4916,,,0.35,1.2975,0.895,0.6,81.42,135.7
115,105,80,71,65.06,142100,85260,13.4,5000,1450.324,,,0.35,1.74,0.895,0.6,85.26,142.1
116,105,80,71,65.06,146800,88080,13.5,5625,1639.9497,,,0.35,1.9675,0.895,0.6,88.08,146.8
117,105,85,71,51.08,138100,96670,13.3,3800,1081.4916,,,0.35,1.2975,0.895,0.7,96.67,138.1
118,105,85,71,51.08,144500,101150,13.4,5000,1450.324,,,0.35,1.74,0.895,0.7,101.15,144.5
119,105,85,71,51.08,149100,104370,13.5,5625,1639.9497,,,0.35,1.9675,0.895,0.7,104.37,149.1
120,115,80,59,27.74,116200,116200,14.94,3800,1062.7374,,,0.3,1.275,0.895,1,116.2,116.2
121,115,80,59,27.74,122700,122700,15.05,5000,1416.9832,,,0.3,1.7,0.895,1,122.7,122.7
122,115,80,59,27.74,127300,127300,15.09,5625,1604.5251,,,0.3,1.925,0.895,1,127.3,127.3
123,115,85,59,19.34,118600,118600,14.96,3800,1062.7374,,,0.3,1.275,0.895,1,118.6,118.6
124,115,85,59,19.34,125000,125000,15.07,5000,1416.9832,,,0.3,1.7,0.895,1,125,125
125,115,85,59,19.34,129700,129700,15.11,5625,1604.5251,,,0.3,1.925,0.895,1,129.7,129.7
126,115,80,63,39.17,118200,118200,14.93,3800,1062.7374,,,0.3,1.275,0.895,1,118.2,118.2
127,115,80,63,39.17,124600,124600,15.04,5000,1416.9832,,,0.3,1.7,0.895,1,124.6,124.6
128,115,80,63,39.17,129300,129300,15.09,5625,1604.5251,,,0.3,1.925,0.895,1,129.3,129.3
129,115,85,63,29.06,120500,120500,14.95,3800,1062.7374,,,0.3,1.275,0.895,1,120.5,120.5
130,115,85,63,29.06,127000,127000,15.06,5000,1416.9832,,,0.3,1.7,0.895,1,127,127
131,115,85,63,29.06,131600,131600,15.11,5625,1604.5251,,,0.3,1.925,0.895,1,131.6,131.6
132,115,80,67,51.57,122400,95472,14.91,3800,1043.9832,,,0.25,1.2525,0.895,0.78,95.47,122.4
133,115,80,67,51.57,128800,105616,15.02,5000,1416.9832,,,0.3,1.7,0.895,0.82,105.62,128.8
134,115,80,67,51.57,133400,105386,15.07,5625,1604.5251,,,0.3,1.925,0.895,0.79,105.39,133.4
135,115,85,67,39.6,124700,108489,14.93,3800,1062.7374,,,0.3,1.275,0.895,0.87,108.49,124.7
136,115,85,67,39.6,131100,131100,15.04,5000,1416.9832,,,0.3,1.7,0.895,1,131.1,131.1
137,115,85,67,39.6,135800,135800,15.09,5625,1639.9497,,,0.35,1.9675,0.895,1,135.8,135.8
138,115,80,71,65.06,128700,77220,15,3800,1062.7374,,,0.3,1.275,0.895,0.6,77.22,128.7
139,115,80,71,65.06,135200,94640,15.1,5000,1450.324,,,0.35,1.74,0.895,0.7,94.64,135.2
140,115,80,71,65.06,139800,97860,15.1,5625,1639.9497,,,0.35,1.9675,0.895,0.7,97.86,139.8
141,115,85,71,51.08,131100,91770,15,3800,1062.7374,,,0.3,1.275,0.895,0.7,91.77,131.1
142,115,85,71,51.08,137500,110000,15.1,5000,1450.324,,,0.35,1.74,0.895,0.8,110,137.5
143,115,85,71,51.08,142200,113760,15.2,5625,1639.9497,,,0.35,1.9675,0.895,0.8,113.76,142.2
