,OADB,IDB,IWB,MBH,S2T,kW,airflow,Sensible MBH,RH
0,65,70,59,91.6,0.61,5.25,2625,55.876,52.721762416728325
1,65,70,59,92.8,0.67,5.28,3000,62.176,52.721762416728325
2,65,70,59,94.2,0.7,5.31,3375,65.94,52.721762416728325
3,65,75,59,91.6,0.74,5.24,2625,67.78399999999999,38.6293687458052
4,65,75,59,92.8,0.8,5.27,3000,74.24,38.6293687458052
5,65,75,59,94.3,0.83,5.3,3375,78.26899999999999,38.6293687458052
6,65,70,63,92.9,0.53,5.24,2625,49.23700000000001,68.68656766716235
7,65,70,63,94.1,0.59,5.27,3000,55.51899999999999,68.68656766716235
8,65,70,63,95.5,0.63,5.3,3375,60.165,68.68656766716235
9,65,75,63,92.9,0.66,5.24,2625,61.31400000000001,52.11286489029116
10,65,75,63,94.1,0.72,5.27,3000,67.752,52.11286489029116
11,65,75,63,95.6,0.75,5.3,3375,71.69999999999999,52.11286489029116
12,65,70,67,95.6,0.4,5.23,2625,38.24,86.01665325663092
13,65,70,67,96.8,0.46,5.26,3000,44.528,86.01665325663092
14,65,70,67,98.2,0.49,5.29,3375,48.118,86.01665325663092
15,65,75,67,95.6,0.52,5.23,2625,49.711999999999996,66.74944445162711
16,65,75,67,96.8,0.58,5.26,3000,56.14399999999999,66.74944445162711
17,65,75,67,98.3,0.62,5.29,3375,60.946,66.74944445162711
18,65,70,71,,,,2625,,104.86212959386695
19,65,70,71,,,,3000,,104.86212959386695
20,65,70,71,,,,3375,,104.86212959386695
21,65,75,71,99.8,0.4,5.3,2625,39.92,82.66588712337318
22,65,75,71,101.0,0.4,5.3,3000,40.400000000000006,82.66588712337318
23,65,75,71,102.5,0.5,5.3,3375,51.25,82.66588712337318
24,75,70,59,90.7,0.61,5.86,2625,55.327,52.721762416728325
25,75,70,59,91.9,0.67,5.9,3000,61.57300000000001,52.721762416728325
26,75,70,59,93.4,0.71,5.92,3375,66.31400000000001,52.721762416728325
27,75,75,59,90.8,1.0,5.86,2625,90.8,38.6293687458052
28,75,75,59,92.0,1.0,5.89,3000,92.0,38.6293687458052
29,75,75,59,93.4,1.0,5.92,3375,93.4,38.6293687458052
30,75,70,63,92.0,0.54,5.86,2625,49.68000000000001,68.68656766716235
31,75,70,63,93.2,0.6,5.89,3000,55.92,68.68656766716235
32,75,70,63,94.7,0.63,5.92,3375,59.661,68.68656766716235
33,75,75,63,92.1,0.67,5.86,2625,61.707,52.11286489029116
34,75,75,63,93.3,0.73,5.89,3000,68.109,52.11286489029116
35,75,75,63,94.7,0.76,5.91,3375,71.97200000000001,52.11286489029116
36,75,70,67,94.8,0.4,5.85,2625,37.92,86.01665325663092
37,75,70,67,96.0,0.46,5.88,3000,44.160000000000004,86.01665325663092
38,75,70,67,97.4,0.5,5.91,3375,48.7,86.01665325663092
39,75,75,67,94.8,0.53,5.84,2625,50.244,66.74944445162711
40,75,75,67,96.0,0.59,5.88,3000,56.64,66.74944445162711
41,75,75,67,97.5,0.62,5.9,3375,60.45,66.74944445162711
42,75,70,71,,,,2625,,104.86212959386695
43,75,70,71,,,,3000,,104.86212959386695
44,75,70,71,,,,3375,,104.86212959386695
45,75,75,71,99.0,0.4,5.9,2625,39.6,82.66588712337318
46,75,75,71,100.2,0.4,5.9,3000,40.080000000000005,82.66588712337318
47,75,75,71,101.7,0.5,6.0,3375,50.85,82.66588712337318
48,85,70,59,88.4,0.64,6.55,2625,56.57600000000001,52.721762416728325
49,85,70,59,89.6,0.7,6.58,3000,62.71999999999999,52.721762416728325
50,85,70,59,91.0,1.0,6.61,3375,91.0,52.721762416728325
51,85,75,59,88.4,1.0,6.55,2625,88.4,38.6293687458052
52,85,75,59,89.6,1.0,6.58,3000,89.6,38.6293687458052
53,85,75,59,91.1,1.0,6.61,3375,91.1,38.6293687458052
54,85,70,63,89.6,0.56,6.55,2625,50.176,68.68656766716235
55,85,70,63,90.9,0.62,6.58,3000,56.358000000000004,68.68656766716235
56,85,70,63,92.3,0.66,6.61,3375,60.918,68.68656766716235
57,85,75,63,89.7,0.69,6.54,2625,61.893,52.11286489029116
58,85,75,63,90.9,0.75,6.58,3000,68.17500000000001,52.11286489029116
59,85,75,63,92.3,0.79,6.6,3375,72.917,52.11286489029116
60,85,70,67,92.4,0.43,6.54,2625,39.732,86.01665325663092
61,85,70,67,93.6,0.49,6.57,3000,45.864,86.01665325663092
62,85,70,67,95.0,0.52,6.6,3375,49.4,86.01665325663092
63,85,75,67,92.4,0.56,6.53,2625,51.74400000000001,66.74944445162711
64,85,75,67,93.6,0.62,6.57,3000,58.032,66.74944445162711
65,85,75,67,95.1,0.65,6.59,3375,61.815,66.74944445162711
66,85,70,71,,,,2625,,104.86212959386695
67,85,70,71,,,,3000,,104.86212959386695
68,85,70,71,,,,3375,,104.86212959386695
69,85,75,71,96.6,0.4,6.6,2625,38.64,82.66588712337318
70,85,75,71,97.8,0.5,6.6,3000,48.9,82.66588712337318
71,85,75,71,99.3,0.5,6.6,3375,49.65,82.66588712337318
72,95,70,59,84.2,1.0,7.3,2625,84.2,52.721762416728325
73,95,70,59,85.4,1.0,7.33,3000,85.4,52.721762416728325
74,95,70,59,86.9,1.0,7.36,3375,86.9,52.721762416728325
75,95,75,59,84.3,1.0,7.29,2625,84.3,38.6293687458052
76,95,75,59,85.5,1.0,7.33,3000,85.5,38.6293687458052
77,95,75,59,86.9,1.0,7.35,3375,86.9,38.6293687458052
78,95,70,63,85.5,0.58,7.29,2625,49.589999999999996,68.68656766716235
79,95,70,63,86.7,0.64,7.33,3000,55.488,68.68656766716235
80,95,70,63,88.2,0.68,7.35,3375,59.976000000000006,68.68656766716235
81,95,75,63,85.6,0.71,7.29,2625,60.775999999999996,52.11286489029116
82,95,75,63,86.8,0.77,7.32,3000,66.836,52.11286489029116
83,95,75,63,88.2,0.81,7.35,3375,71.44200000000001,52.11286489029116
84,95,70,67,88.3,0.45,7.28,2625,39.735,86.01665325663092
85,95,70,67,89.5,0.51,7.31,3000,45.645,86.01665325663092
86,95,70,67,90.9,0.54,7.34,3375,49.086000000000006,86.01665325663092
87,95,75,67,88.3,0.58,7.28,2625,51.21399999999999,66.74944445162711
88,95,75,67,89.5,0.64,7.31,3000,57.28,66.74944445162711
89,95,75,67,91.0,0.67,7.34,3375,60.970000000000006,66.74944445162711
90,95,70,71,,,,2625,,104.86212959386695
91,95,70,71,,,,3000,,104.86212959386695
92,95,70,71,,,,3375,,104.86212959386695
93,95,75,71,92.5,0.4,7.3,2625,37.0,82.66588712337318
94,95,75,71,93.7,0.5,7.4,3000,46.85,82.66588712337318
95,95,75,71,95.1,0.5,7.4,3375,47.55,82.66588712337318
96,105,70,59,79.2,1.0,8.13,2625,79.2,52.721762416728325
97,105,70,59,80.4,1.0,8.16,3000,80.4,52.721762416728325
98,105,70,59,81.9,1.0,8.19,3375,81.9,52.721762416728325
99,105,75,59,79.3,1.0,8.13,2625,79.3,38.6293687458052
100,105,75,59,80.5,1.0,8.16,3000,80.5,38.6293687458052
101,105,75,59,81.9,1.0,8.19,3375,81.9,38.6293687458052
102,105,70,63,80.5,0.6,8.13,2625,48.3,68.68656766716235
103,105,70,63,81.7,0.66,8.16,3000,53.922000000000004,68.68656766716235
104,105,70,63,83.2,0.7,8.18,3375,58.239999999999995,68.68656766716235
105,105,75,63,80.6,0.73,8.12,2625,58.837999999999994,52.11286489029116
106,105,75,63,81.8,1.0,8.15,3000,81.8,52.11286489029116
107,105,75,63,83.2,1.0,8.18,3375,83.2,52.11286489029116
108,105,70,67,83.2,0.47,8.12,2625,39.104,86.01665325663092
109,105,70,67,84.4,0.53,8.15,3000,44.732000000000006,86.01665325663092
110,105,70,67,85.9,0.56,8.17,3375,48.104000000000006,86.01665325663092
111,105,75,67,83.3,0.6,8.11,2625,49.98,66.74944445162711
112,105,75,67,84.5,0.66,8.14,3000,55.77,66.74944445162711
113,105,75,67,85.9,0.69,8.17,3375,59.271,66.74944445162711
114,105,70,71,,,,2625,,104.86212959386695
115,105,70,71,,,,3000,,104.86212959386695
116,105,70,71,,,,3375,,104.86212959386695
117,105,75,71,87.5,0.5,8.2,2625,43.75,82.66588712337318
118,105,75,71,88.7,0.5,8.2,3000,44.35,82.66588712337318
119,105,75,71,90.1,0.5,8.2,3375,45.05,82.66588712337318
120,115,70,59,74.6,1.0,9.11,2625,74.6,52.721762416728325
121,115,70,59,75.8,1.0,9.14,3000,75.8,52.721762416728325
122,115,70,59,77.3,1.0,9.17,3375,77.3,52.721762416728325
123,115,75,59,74.7,1.0,9.1,2625,74.7,38.6293687458052
124,115,75,59,75.9,1.0,9.14,3000,75.9,38.6293687458052
125,115,75,59,77.3,1.0,9.16,3375,77.3,38.6293687458052
126,115,70,63,75.9,0.66,9.1,2625,50.09400000000001,68.68656766716235
127,115,70,63,77.1,0.72,9.13,3000,55.51199999999999,68.68656766716235
128,115,70,63,78.6,1.0,9.16,3375,78.6,68.68656766716235
129,115,75,63,76.0,1.0,9.1,2625,76.0,52.11286489029116
130,115,75,63,77.2,1.0,9.13,3000,77.2,52.11286489029116
131,115,75,63,78.6,1.0,9.16,3375,78.6,52.11286489029116
132,115,70,67,78.7,0.52,9.09,2625,40.924,86.01665325663092
133,115,70,67,79.9,0.58,9.12,3000,46.342,86.01665325663092
134,115,70,67,81.3,0.61,9.15,3375,49.592999999999996,86.01665325663092
135,115,75,67,78.7,0.65,9.09,2625,51.155,66.74944445162711
136,115,75,67,79.9,0.71,9.12,3000,56.729,66.74944445162711
137,115,75,67,81.4,0.74,9.15,3375,60.236000000000004,66.74944445162711
138,115,70,71,,,,2625,,104.86212959386695
139,115,70,71,,,,3000,,104.86212959386695
140,115,70,71,,,,3375,,104.86212959386695
141,115,75,71,82.9,0.5,9.1,2625,41.45,82.66588712337318
142,115,75,71,84.1,0.6,9.2,3000,50.459999999999994,82.66588712337318
143,115,75,71,85.5,0.6,9.2,3375,51.3,82.66588712337318
0,65,80,59,92.1,1.0,5.25,2625,92.1,27.740174916877326
1,65,80,59,93.3,1.0,5.28,3000,93.3,27.740174916877326
2,65,80,59,94.7,1.0,5.31,3375,94.7,27.740174916877326
3,65,85,59,93.6,1.0,5.26,2625,93.6,19.33867393480812
4,65,85,59,94.8,1.0,5.29,3000,94.8,19.33867393480812
5,65,85,59,96.3,1.0,5.32,3375,96.3,19.33867393480812
6,65,80,63,93.4,0.79,5.24,2625,73.786,39.167641557516895
7,65,80,63,94.6,0.85,5.27,3000,80.41,39.167641557516895
8,65,80,63,96.0,0.88,5.3,3375,84.48,39.167641557516895
9,65,85,63,94.9,0.89,5.25,2625,84.46100000000001,29.0562938284468
10,65,85,63,96.1,0.95,5.29,3000,91.29499999999999,29.0562938284468
11,65,85,63,97.6,0.98,5.31,3375,95.648,29.0562938284468
12,65,80,67,96.1,0.65,5.23,2625,62.464999999999996,51.57236381040482
13,65,80,67,97.3,0.71,5.26,3000,69.083,51.57236381040482
14,65,80,67,98.8,0.74,5.29,3375,73.112,51.57236381040482
15,65,85,67,97.7,0.75,5.24,2625,73.275,39.60494643278111
16,65,85,67,98.9,0.81,5.27,3000,80.10900000000001,39.60494643278111
17,65,85,67,100.3,0.85,5.3,3375,85.255,39.60494643278111
18,65,80,71,100.3,0.5,5.3,2625,50.15,65.06178938074635
19,65,80,71,101.5,0.6,5.3,3000,60.9,65.06178938074635
20,65,80,71,102.9,0.6,5.3,3375,61.74,65.06178938074635
21,65,85,71,101.8,0.6,5.3,2625,61.08,51.07600247681543
22,65,85,71,103.0,0.7,5.3,3000,72.1,51.07600247681543
23,65,85,71,104.5,0.7,5.3,3375,73.14999999999999,51.07600247681543
24,75,80,59,91.3,1.0,5.86,2625,91.3,27.740174916877326
25,75,80,59,92.5,1.0,5.9,3000,92.5,27.740174916877326
26,75,80,59,93.9,1.0,5.92,3375,93.9,27.740174916877326
27,75,85,59,92.8,1.0,5.87,2625,92.8,19.33867393480812
28,75,85,59,94.0,1.0,5.91,3000,94.0,19.33867393480812
29,75,85,59,95.5,1.0,5.93,3375,95.5,19.33867393480812
30,75,80,63,92.6,0.79,5.86,2625,73.154,39.167641557516895
31,75,80,63,93.8,0.85,5.89,3000,79.72999999999999,39.167641557516895
32,75,80,63,95.2,0.89,5.92,3375,84.72800000000001,39.167641557516895
33,75,85,63,94.1,1.0,5.87,2625,94.1,29.0562938284468
34,75,85,63,95.3,1.0,5.9,3000,95.3,29.0562938284468
35,75,85,63,96.8,1.0,5.93,3375,96.8,29.0562938284468
36,75,80,67,95.3,0.66,5.85,2625,62.898,51.57236381040482
37,75,80,67,96.5,0.72,5.88,3000,69.48,51.57236381040482
38,75,80,67,97.9,0.75,5.91,3375,73.42500000000001,51.57236381040482
39,75,85,67,96.8,0.76,5.86,2625,73.568,39.60494643278111
40,75,85,67,98.0,0.82,5.89,3000,80.36,39.60494643278111
41,75,85,67,99.5,0.85,5.92,3375,84.575,39.60494643278111
42,75,80,71,99.5,0.5,5.9,2625,49.75,65.06178938074635
43,75,80,71,100.7,0.6,5.9,3000,60.42,65.06178938074635
44,75,80,71,102.1,0.6,6.0,3375,61.25999999999999,65.06178938074635
45,75,85,71,101.0,0.6,5.9,2625,60.599999999999994,51.07600247681543
46,75,85,71,102.2,0.7,5.9,3000,71.53999999999999,51.07600247681543
47,75,85,71,103.7,0.7,6.0,3375,72.59,51.07600247681543
48,85,80,59,88.9,1.0,6.55,2625,88.9,27.740174916877326
49,85,80,59,90.1,1.0,6.58,3000,90.1,27.740174916877326
50,85,80,59,91.5,1.0,6.61,3375,91.5,27.740174916877326
51,85,85,59,90.4,1.0,6.56,2625,90.4,19.33867393480812
52,85,85,59,91.6,1.0,6.6,3000,91.6,19.33867393480812
53,85,85,59,93.1,1.0,6.62,3375,93.1,19.33867393480812
54,85,80,63,90.2,0.82,6.55,2625,73.964,39.167641557516895
55,85,80,63,91.4,0.88,6.58,3000,80.432,39.167641557516895
56,85,80,63,92.8,1.0,6.61,3375,92.8,39.167641557516895
57,85,85,63,91.7,1.0,6.56,2625,91.7,29.0562938284468
58,85,85,63,92.9,1.0,6.59,3000,92.9,29.0562938284468
59,85,85,63,94.4,1.0,6.62,3375,94.4,29.0562938284468
60,85,80,67,92.9,0.68,6.54,2625,63.17200000000001,51.57236381040482
61,85,80,67,94.1,0.74,6.57,3000,69.634,51.57236381040482
62,85,80,67,95.6,0.78,6.6,3375,74.568,51.57236381040482
63,85,85,67,94.5,0.78,6.55,2625,73.71000000000001,39.60494643278111
64,85,85,67,95.7,0.84,6.58,3000,80.388,39.60494643278111
65,85,85,67,97.1,0.88,6.61,3375,85.448,39.60494643278111
66,85,80,71,97.1,0.5,6.6,2625,48.55,65.06178938074635
67,85,80,71,98.3,0.6,6.6,3000,58.98,65.06178938074635
68,85,80,71,99.7,0.6,6.6,3375,59.82,65.06178938074635
69,85,85,71,98.6,0.6,6.6,2625,59.16,51.07600247681543
70,85,85,71,99.8,0.7,6.6,3000,69.86,51.07600247681543
71,85,85,71,101.3,0.7,6.7,3375,70.91,51.07600247681543
72,95,80,59,84.8,1.0,7.3,2625,84.8,27.740174916877326
73,95,80,59,86.0,1.0,7.33,3000,86.0,27.740174916877326
74,95,80,59,87.4,1.0,7.36,3375,87.4,27.740174916877326
75,95,85,59,86.3,1.0,7.31,2625,86.3,19.33867393480812
76,95,85,59,87.5,1.0,7.34,3000,87.5,19.33867393480812
77,95,85,59,89.0,1.0,7.37,3375,89.0,19.33867393480812
78,95,80,63,86.1,1.0,7.29,2625,86.1,39.167641557516895
79,95,80,63,87.3,1.0,7.32,3000,87.3,39.167641557516895
80,95,80,63,88.7,1.0,7.35,3375,88.7,39.167641557516895
81,95,85,63,87.6,1.0,7.3,2625,87.6,29.0562938284468
82,95,85,63,88.8,1.0,7.34,3000,88.8,29.0562938284468
83,95,85,63,90.3,1.0,7.36,3375,90.3,29.0562938284468
84,95,80,67,88.8,0.7,7.28,2625,62.16,51.57236381040482
85,95,80,67,90.0,0.76,7.31,3000,68.4,51.57236381040482
86,95,80,67,91.4,0.8,7.34,3375,73.12,51.57236381040482
87,95,85,67,90.3,0.8,7.29,2625,72.24,39.60494643278111
88,95,85,67,91.5,0.86,7.33,3000,78.69,39.60494643278111
89,95,85,67,93.0,0.9,7.35,3375,83.7,39.60494643278111
90,95,80,71,93.0,0.6,7.3,2625,55.8,65.06178938074635
91,95,80,71,94.2,0.6,7.4,3000,56.52,65.06178938074635
92,95,80,71,95.6,0.7,7.4,3375,66.91999999999999,65.06178938074635
93,95,85,71,94.5,0.7,7.3,2625,66.14999999999999,51.07600247681543
94,95,85,71,95.7,0.7,7.4,3000,66.99,51.07600247681543
95,95,85,71,97.2,0.8,7.4,3375,77.76,51.07600247681543
96,105,80,59,79.7,1.0,8.13,2625,79.7,27.740174916877326
97,105,80,59,80.9,1.0,8.16,3000,80.9,27.740174916877326
98,105,80,59,82.4,1.0,8.19,3375,82.4,27.740174916877326
99,105,85,59,81.3,1.0,8.14,2625,81.3,19.33867393480812
100,105,85,59,82.5,1.0,8.17,3000,82.5,19.33867393480812
101,105,85,59,83.9,1.0,8.2,3375,83.9,19.33867393480812
102,105,80,63,81.0,1.0,8.12,2625,81.0,39.167641557516895
103,105,80,63,82.2,1.0,8.16,3000,82.2,39.167641557516895
104,105,80,63,83.7,1.0,8.18,3375,83.7,39.167641557516895
105,105,85,63,82.6,1.0,8.14,2625,82.6,29.0562938284468
106,105,85,63,83.8,1.0,8.17,3000,83.8,29.0562938284468
107,105,85,63,85.2,1.0,8.2,3375,85.2,29.0562938284468
108,105,80,67,83.8,0.72,8.11,2625,60.336,51.57236381040482
109,105,80,67,85.0,0.78,8.15,3000,66.3,51.57236381040482
110,105,80,67,86.4,0.82,8.17,3375,70.848,51.57236381040482
111,105,85,67,85.3,1.0,8.13,2625,85.3,39.60494643278111
112,105,85,67,86.5,1.0,8.16,3000,86.5,39.60494643278111
113,105,85,67,88.0,1.0,8.19,3375,88.0,39.60494643278111
114,105,80,71,87.9,0.6,8.2,2625,52.74,65.06178938074635
115,105,80,71,89.2,0.6,8.2,3000,53.52,65.06178938074635
116,105,80,71,90.6,0.7,8.2,3375,63.419999999999995,65.06178938074635
117,105,85,71,89.5,0.7,8.2,2625,62.65,51.07600247681543
118,105,85,71,90.7,0.7,8.2,3000,63.489999999999995,51.07600247681543
119,105,85,71,92.1,0.8,8.2,3375,73.67999999999999,51.07600247681543
120,115,80,59,75.2,1.0,9.11,2625,75.2,27.740174916877326
121,115,80,59,76.4,1.0,9.14,3000,76.4,27.740174916877326
122,115,80,59,77.8,1.0,9.17,3375,77.8,27.740174916877326
123,115,85,59,76.7,1.0,9.12,2625,76.7,19.33867393480812
124,115,85,59,77.9,1.0,9.15,3000,77.9,19.33867393480812
125,115,85,59,79.3,1.0,9.18,3375,79.3,19.33867393480812
126,115,80,63,76.4,1.0,9.1,2625,76.4,39.167641557516895
127,115,80,63,77.6,1.0,9.13,3000,77.6,39.167641557516895
128,115,80,63,79.1,1.0,9.16,3375,79.1,39.167641557516895
129,115,85,63,78.0,1.0,9.11,2625,78.0,29.0562938284468
130,115,85,63,79.2,1.0,9.15,3000,79.2,29.0562938284468
131,115,85,63,80.6,1.0,9.17,3375,80.6,29.0562938284468
132,115,80,67,79.2,0.77,9.09,2625,60.984,51.57236381040482
133,115,80,67,80.4,0.83,9.12,3000,66.732,51.57236381040482
134,115,80,67,81.8,1.0,9.15,3375,81.8,51.57236381040482
135,115,85,67,80.7,1.0,9.1,2625,80.7,39.60494643278111
136,115,85,67,81.9,1.0,9.14,3000,81.9,39.60494643278111
137,115,85,67,83.4,1.0,9.16,3375,83.4,39.60494643278111
138,115,80,71,83.4,0.6,9.1,2625,50.04,65.06178938074635
139,115,80,71,84.6,0.7,9.2,3000,59.21999999999999,65.06178938074635
140,115,80,71,86.0,0.7,9.2,3375,60.199999999999996,65.06178938074635
141,115,85,71,84.9,0.7,9.2,2625,59.43,51.07600247681543
142,115,85,71,86.1,0.8,9.2,3000,68.88,51.07600247681543
143,115,85,71,87.5,0.8,9.2,3375,70.0,51.07600247681543
0,65,70,59,105.1,0.65,6.06,3100,68.315,52.721762416728325
1,65,70,59,106.4,0.68,6.09,3400,72.352,52.721762416728325
2,65,70,59,108.5,0.69,6.12,3825,74.865,52.721762416728325
3,65,75,59,105.2,0.78,6.06,3100,82.05600000000001,38.6293687458052
4,65,75,59,106.4,0.8,6.08,3400,85.12,38.6293687458052
5,65,75,59,108.5,0.82,6.11,3825,88.97,38.6293687458052
6,65,70,63,106.6,0.58,6.06,3100,61.827999999999996,68.68656766716235
7,65,70,63,107.8,0.6,6.08,3400,64.67999999999999,68.68656766716235
8,65,70,63,109.9,0.62,6.11,3825,68.138,68.68656766716235
9,65,75,63,106.7,0.7,6.05,3100,74.69,52.11286489029116
10,65,75,63,107.9,0.73,6.08,3400,78.767,52.11286489029116
11,65,75,63,110.0,0.75,6.11,3825,82.5,52.11286489029116
12,65,70,67,109.7,0.44,6.05,3100,48.268,86.01665325663092
13,65,70,67,110.9,0.47,6.07,3400,52.123,86.01665325663092
14,65,70,67,113.0,0.49,6.1,3825,55.37,86.01665325663092
15,65,75,67,109.8,0.57,6.04,3100,62.58599999999999,66.74944445162711
16,65,75,67,111.0,0.6,6.06,3400,66.6,66.74944445162711
17,65,75,67,113.1,0.61,6.09,3825,68.991,66.74944445162711
18,65,70,71,,,,3100,,104.86212959386695
19,65,70,71,,,,3400,,104.86212959386695
20,65,70,71,,,,3825,,104.86212959386695
21,65,75,71,114.5,0.4,6.1,3100,45.800000000000004,82.66588712337318
22,65,75,71,115.7,0.5,6.1,3400,57.85,82.66588712337318
23,65,75,71,117.8,0.5,6.1,3825,58.9,82.66588712337318
24,75,70,59,104.2,0.66,6.76,3100,68.772,52.721762416728325
25,75,70,59,105.4,0.68,6.78,3400,71.67200000000001,52.721762416728325
26,75,70,59,107.5,0.7,6.81,3825,75.25,52.721762416728325
27,75,75,59,104.3,1.0,6.75,3100,104.3,38.6293687458052
28,75,75,59,105.5,1.0,6.78,3400,105.5,38.6293687458052
29,75,75,59,107.6,1.0,6.81,3825,107.6,38.6293687458052
30,75,70,63,105.7,0.58,6.75,3100,61.306,68.68656766716235
31,75,70,63,106.9,0.61,6.78,3400,65.209,68.68656766716235
32,75,70,63,109.0,0.63,6.81,3825,68.67,68.68656766716235
33,75,75,63,105.7,0.71,6.75,3100,75.047,52.11286489029116
34,75,75,63,107.0,0.74,6.77,3400,79.17999999999999,52.11286489029116
35,75,75,63,109.1,0.75,6.8,3825,81.82499999999999,52.11286489029116
36,75,70,67,108.8,0.45,6.74,3100,48.96,86.01665325663092
37,75,70,67,110.0,0.48,6.76,3400,52.8,86.01665325663092
38,75,70,67,112.1,0.49,6.79,3825,54.928999999999995,86.01665325663092
39,75,75,67,108.8,0.58,6.74,3100,63.10399999999999,66.74944445162711
40,75,75,67,110.1,0.6,6.76,3400,66.05999999999999,66.74944445162711
41,75,75,67,112.2,0.62,6.79,3825,69.56400000000001,66.74944445162711
42,75,70,71,,,,3100,,104.86212959386695
43,75,70,71,,,,3400,,104.86212959386695
44,75,70,71,,,,3825,,104.86212959386695
45,75,75,71,113.6,0.4,6.8,3100,45.44,82.66588712337318
46,75,75,71,114.8,0.5,6.8,3400,57.4,82.66588712337318
47,75,75,71,116.9,0.5,6.8,3825,58.45,82.66588712337318
48,85,70,59,101.5,0.68,7.53,3100,69.02000000000001,52.721762416728325
49,85,70,59,102.7,0.71,7.56,3400,72.917,52.721762416728325
50,85,70,59,104.8,1.0,7.59,3825,104.8,52.721762416728325
51,85,75,59,101.6,1.0,7.53,3100,101.6,38.6293687458052
52,85,75,59,102.8,1.0,7.55,3400,102.8,38.6293687458052
53,85,75,59,104.9,1.0,7.58,3825,104.9,38.6293687458052
54,85,70,63,103.0,0.61,7.53,3100,62.83,68.68656766716235
55,85,70,63,104.2,0.63,7.55,3400,65.646,68.68656766716235
56,85,70,63,106.3,0.65,7.58,3825,69.095,68.68656766716235
57,85,75,63,103.0,0.73,7.52,3100,75.19,52.11286489029116
58,85,75,63,104.3,0.76,7.55,3400,79.268,52.11286489029116
59,85,75,63,106.4,0.78,7.58,3825,82.992,52.11286489029116
60,85,70,67,106.1,0.47,7.52,3100,49.867,86.01665325663092
61,85,70,67,107.3,0.5,7.54,3400,53.65,86.01665325663092
62,85,70,67,109.4,0.52,7.57,3825,56.888000000000005,86.01665325663092
63,85,75,67,106.1,0.6,7.51,3100,63.66,66.74944445162711
64,85,75,67,107.4,0.63,7.54,3400,67.662,66.74944445162711
65,85,75,67,109.5,0.64,7.57,3825,70.08,66.74944445162711
66,85,70,71,,,,3100,,104.86212959386695
67,85,70,71,,,,3400,,104.86212959386695
68,85,70,71,,,,3825,,104.86212959386695
69,85,75,71,110.9,0.5,7.6,3100,55.45,82.66588712337318
70,85,75,71,112.1,0.5,7.6,3400,56.05,82.66588712337318
71,85,75,71,114.2,0.5,7.6,3825,57.1,82.66588712337318
72,95,70,59,96.8,1.0,8.37,3100,96.8,52.721762416728325
73,95,70,59,98.1,1.0,8.4,3400,98.1,52.721762416728325
74,95,70,59,100.2,1.0,8.43,3825,100.2,52.721762416728325
75,95,75,59,96.9,1.0,8.37,3100,96.9,38.6293687458052
76,95,75,59,98.1,1.0,8.39,3400,98.1,38.6293687458052
77,95,75,59,100.2,1.0,8.42,3825,100.2,38.6293687458052
78,95,70,63,98.3,0.63,8.37,3100,61.929,68.68656766716235
79,95,70,63,99.5,0.65,8.39,3400,64.675,68.68656766716235
80,95,70,63,101.6,0.67,8.42,3825,68.072,68.68656766716235
81,95,75,63,98.4,0.75,8.36,3100,73.80000000000001,52.11286489029116
82,95,75,63,99.6,0.78,8.39,3400,77.688,52.11286489029116
83,95,75,63,101.7,0.8,8.42,3825,81.36000000000001,52.11286489029116
84,95,70,67,101.4,0.49,8.36,3100,49.686,86.01665325663092
85,95,70,67,102.6,0.52,8.38,3400,53.352,86.01665325663092
86,95,70,67,104.7,0.54,8.41,3825,56.538000000000004,86.01665325663092
87,95,75,67,101.5,0.62,8.35,3100,62.93,66.74944445162711
88,95,75,67,102.7,0.65,8.38,3400,66.75500000000001,66.74944445162711
89,95,75,67,104.8,0.66,8.41,3825,69.168,66.74944445162711
90,95,70,71,,,,3100,,104.86212959386695
91,95,70,71,,,,3400,,104.86212959386695
92,95,70,71,,,,3825,,104.86212959386695
93,95,75,71,106.2,0.5,8.4,3100,53.1,82.66588712337318
94,95,75,71,107.4,0.5,8.4,3400,53.7,82.66588712337318
95,95,75,71,109.5,0.5,8.5,3825,54.75,82.66588712337318
96,105,70,59,91.1,1.0,9.31,3100,91.1,52.721762416728325
97,105,70,59,92.4,1.0,9.34,3400,92.4,52.721762416728325
98,105,70,59,94.5,1.0,9.37,3825,94.5,52.721762416728325
99,105,75,59,91.2,1.0,9.31,3100,91.2,38.6293687458052
100,105,75,59,92.4,1.0,9.33,3400,92.4,38.6293687458052
101,105,75,59,94.5,1.0,9.36,3825,94.5,38.6293687458052
102,105,70,63,92.6,0.65,9.31,3100,60.19,68.68656766716235
103,105,70,63,93.8,0.67,9.33,3400,62.846000000000004,68.68656766716235
104,105,70,63,95.9,0.69,9.36,3825,66.17099999999999,68.68656766716235
105,105,75,63,92.7,0.77,9.3,3100,71.379,52.11286489029116
106,105,75,63,93.9,0.8,9.33,3400,75.12,52.11286489029116
107,105,75,63,96.0,1.0,9.36,3825,96.0,52.11286489029116
108,105,70,67,95.7,0.51,9.29,3100,48.807,86.01665325663092
109,105,70,67,96.9,0.54,9.32,3400,52.32600000000001,86.01665325663092
110,105,70,67,99.0,0.56,9.35,3825,55.440000000000005,86.01665325663092
111,105,75,67,95.8,0.64,9.29,3100,61.312,66.74944445162711
112,105,75,67,97.0,0.67,9.31,3400,64.99000000000001,66.74944445162711
113,105,75,67,99.1,0.68,9.34,3825,67.388,66.74944445162711
114,105,70,71,,,,3100,,104.86212959386695
115,105,70,71,,,,3400,,104.86212959386695
116,105,70,71,,,,3825,,104.86212959386695
117,105,75,71,100.5,0.5,9.3,3100,50.25,82.66588712337318
118,105,75,71,101.7,0.5,9.4,3400,50.85,82.66588712337318
119,105,75,71,103.8,0.5,9.4,3825,51.9,82.66588712337318
120,115,70,59,85.9,1.0,10.41,3100,85.9,52.721762416728325
121,115,70,59,87.2,1.0,10.44,3400,87.2,52.721762416728325
122,115,70,59,89.3,1.0,10.47,3825,89.3,52.721762416728325
123,115,75,59,86.0,1.0,10.41,3100,86.0,38.6293687458052
124,115,75,59,87.2,1.0,10.43,3400,87.2,38.6293687458052
125,115,75,59,89.3,1.0,10.46,3825,89.3,38.6293687458052
126,115,70,63,87.4,0.7,10.41,3100,61.18,68.68656766716235
127,115,70,63,88.6,0.72,10.43,3400,63.791999999999994,68.68656766716235
128,115,70,63,90.7,1.0,10.46,3825,90.7,68.68656766716235
129,115,75,63,87.5,1.0,10.4,3100,87.5,52.11286489029116
130,115,75,63,88.7,1.0,10.43,3400,88.7,52.11286489029116
131,115,75,63,90.8,1.0,10.46,3825,90.8,52.11286489029116
132,115,70,67,90.5,0.56,10.4,3100,50.68000000000001,86.01665325663092
133,115,70,67,91.7,0.59,10.42,3400,54.103,86.01665325663092
134,115,70,67,93.8,0.61,10.45,3825,57.217999999999996,86.01665325663092
135,115,75,67,90.6,0.69,10.39,3100,62.51399999999999,66.74944445162711
136,115,75,67,91.8,0.72,10.41,3400,66.09599999999999,66.74944445162711
137,115,75,67,93.9,0.73,10.44,3825,68.547,66.74944445162711
138,115,70,71,,,,3100,,104.86212959386695
139,115,70,71,,,,3400,,104.86212959386695
140,115,70,71,,,,3825,,104.86212959386695
141,115,75,71,95.3,0.6,10.4,3100,57.18,82.66588712337318
142,115,75,71,96.5,0.6,10.5,3400,57.9,82.66588712337318
143,115,75,71,98.6,0.6,10.5,3825,59.16,82.66588712337318
0,65,80,59,105.7,1.0,6.06,3100,105.7,27.740174916877326
1,65,80,59,107.0,1.0,6.09,3400,107.0,27.740174916877326
2,65,80,59,109.1,1.0,6.12,3825,109.1,27.740174916877326
3,65,85,59,107.5,1.0,6.08,3100,107.5,19.33867393480812
4,65,85,59,108.7,1.0,6.1,3400,108.7,19.33867393480812
5,65,85,59,110.8,1.0,6.13,3825,110.8,19.33867393480812
6,65,80,63,107.2,0.82,6.06,3100,87.904,39.167641557516895
7,65,80,63,108.4,0.85,6.08,3400,92.14,39.167641557516895
8,65,80,63,110.5,0.87,6.11,3825,96.135,39.167641557516895
9,65,85,63,108.9,0.92,6.07,3100,100.18800000000002,29.0562938284468
10,65,85,63,110.2,0.95,6.09,3400,104.69,29.0562938284468
11,65,85,63,112.3,0.97,6.12,3825,108.931,29.0562938284468
12,65,80,67,110.3,0.69,6.04,3100,76.10699999999999,51.57236381040482
13,65,80,67,111.5,0.72,6.07,3400,80.28,51.57236381040482
14,65,80,67,113.6,0.74,6.1,3825,84.064,51.57236381040482
15,65,85,67,112.0,0.79,6.06,3100,88.48,39.60494643278111
16,65,85,67,113.3,0.82,6.08,3400,92.90599999999999,39.60494643278111
17,65,85,67,115.4,0.83,6.11,3825,95.782,39.60494643278111
18,65,80,71,115.0,0.6,6.1,3100,69.0,65.06178938074635
19,65,80,71,116.3,0.6,6.1,3400,69.78,65.06178938074635
20,65,80,71,118.4,0.6,6.2,3825,71.04,65.06178938074635
21,65,85,71,116.8,0.7,6.1,3100,81.75999999999999,51.07600247681543
22,65,85,71,118.0,0.7,6.1,3400,82.6,51.07600247681543
23,65,85,71,120.1,0.7,6.2,3825,84.07,51.07600247681543
24,75,80,59,104.8,1.0,6.76,3100,104.8,27.740174916877326
25,75,80,59,106.0,1.0,6.78,3400,106.0,27.740174916877326
26,75,80,59,108.1,1.0,6.81,3825,108.1,27.740174916877326
27,75,85,59,106.6,1.0,6.77,3100,106.6,19.33867393480812
28,75,85,59,107.8,1.0,6.79,3400,107.8,19.33867393480812
29,75,85,59,109.9,1.0,6.82,3825,109.9,19.33867393480812
30,75,80,63,106.3,0.83,6.75,3100,88.229,39.167641557516895
31,75,80,63,107.5,0.86,6.78,3400,92.45,39.167641557516895
32,75,80,63,109.6,0.87,6.81,3825,95.35199999999999,39.167641557516895
33,75,85,63,108.0,1.0,6.76,3100,108.0,29.0562938284468
34,75,85,63,109.3,1.0,6.79,3400,109.3,29.0562938284468
35,75,85,63,111.3,1.0,6.82,3825,111.3,29.0562938284468
36,75,80,67,109.4,0.7,6.74,3100,76.58,51.57236381040482
37,75,80,67,110.6,0.73,6.76,3400,80.738,51.57236381040482
38,75,80,67,112.7,0.74,6.79,3825,83.398,51.57236381040482
39,75,85,67,111.1,0.8,6.75,3100,88.88,39.60494643278111
40,75,85,67,112.4,0.82,6.78,3400,92.16799999999999,39.60494643278111
41,75,85,67,114.4,0.84,6.81,3825,96.096,39.60494643278111
42,75,80,71,114.1,0.6,6.8,3100,68.46,65.06178938074635
43,75,80,71,115.3,0.6,6.8,3400,69.17999999999999,65.06178938074635
44,75,80,71,117.4,0.6,6.8,3825,70.44,65.06178938074635
45,75,85,71,115.9,0.7,6.8,3100,81.13,51.07600247681543
46,75,85,71,117.1,0.7,6.8,3400,81.96999999999998,51.07600247681543
47,75,85,71,119.2,0.7,6.9,3825,83.44,51.07600247681543
48,85,80,59,102.1,1.0,7.53,3100,102.1,27.740174916877326
49,85,80,59,103.3,1.0,7.56,3400,103.3,27.740174916877326
50,85,80,59,105.4,1.0,7.59,3825,105.4,27.740174916877326
51,85,85,59,103.8,1.0,7.55,3100,103.8,19.33867393480812
52,85,85,59,105.1,1.0,7.57,3400,105.1,19.33867393480812
53,85,85,59,107.2,1.0,7.6,3825,107.2,19.33867393480812
54,85,80,63,103.6,0.85,7.53,3100,88.05999999999999,39.167641557516895
55,85,80,63,104.8,0.88,7.55,3400,92.224,39.167641557516895
56,85,80,63,106.9,1.0,7.58,3825,106.9,39.167641557516895
57,85,85,63,105.3,1.0,7.54,3100,105.3,29.0562938284468
58,85,85,63,106.6,1.0,7.56,3400,106.6,29.0562938284468
59,85,85,63,108.6,1.0,7.59,3825,108.6,29.0562938284468
60,85,80,67,106.7,0.72,7.52,3100,76.824,51.57236381040482
61,85,80,67,107.9,0.75,7.54,3400,80.92500000000001,51.57236381040482
62,85,80,67,110.0,0.77,7.57,3825,84.7,51.57236381040482
63,85,85,67,108.4,0.82,7.53,3100,88.888,39.60494643278111
64,85,85,67,109.7,0.85,7.55,3400,93.245,39.60494643278111
65,85,85,67,111.7,0.86,7.58,3825,96.062,39.60494643278111
66,85,80,71,111.4,0.6,7.6,3100,66.84,65.06178938074635
67,85,80,71,112.6,0.6,7.6,3400,67.55999999999999,65.06178938074635
68,85,80,71,114.7,0.6,7.6,3825,68.82,65.06178938074635
69,85,85,71,113.1,0.7,7.6,3100,79.16999999999999,51.07600247681543
70,85,85,71,114.4,0.7,7.6,3400,80.08,51.07600247681543
71,85,85,71,116.5,0.7,7.6,3825,81.55,51.07600247681543
72,95,80,59,97.4,1.0,8.37,3100,97.4,27.740174916877326
73,95,80,59,98.7,1.0,8.4,3400,98.7,27.740174916877326
74,95,80,59,100.8,1.0,8.43,3825,100.8,27.740174916877326
75,95,85,59,99.2,1.0,8.39,3100,99.2,19.33867393480812
76,95,85,59,100.4,1.0,8.41,3400,100.4,19.33867393480812
77,95,85,59,102.5,1.0,8.44,3825,102.5,19.33867393480812
78,95,80,63,98.9,1.0,8.37,3100,98.9,39.167641557516895
79,95,80,63,100.1,1.0,8.39,3400,100.1,39.167641557516895
80,95,80,63,102.2,1.0,8.42,3825,102.2,39.167641557516895
81,95,85,63,100.6,1.0,8.38,3100,100.6,29.0562938284468
82,95,85,63,101.9,1.0,8.4,3400,101.9,29.0562938284468
83,95,85,63,104.0,1.0,8.43,3825,104.0,29.0562938284468
84,95,80,67,102.0,0.74,8.36,3100,75.48,51.57236381040482
85,95,80,67,103.2,0.77,8.38,3400,79.464,51.57236381040482
86,95,80,67,105.3,0.79,8.41,3825,83.187,51.57236381040482
87,95,85,67,103.7,0.84,8.37,3100,87.108,39.60494643278111
88,95,85,67,105.0,0.87,8.39,3400,91.35,39.60494643278111
89,95,85,67,107.1,0.88,8.42,3825,94.24799999999999,39.60494643278111
90,95,80,71,106.7,0.6,8.4,3100,64.02,65.06178938074635
91,95,80,71,108.0,0.6,8.4,3400,64.8,65.06178938074635
92,95,80,71,110.1,0.6,8.5,3825,66.05999999999999,65.06178938074635
93,95,85,71,108.5,0.7,8.4,3100,75.94999999999999,51.07600247681543
94,95,85,71,109.7,0.7,8.4,3400,76.78999999999999,51.07600247681543
95,95,85,71,111.8,0.7,8.5,3825,78.25999999999999,51.07600247681543
96,105,80,59,91.7,1.0,9.31,3100,91.7,27.740174916877326
97,105,80,59,93.0,1.0,9.33,3400,93.0,27.740174916877326
98,105,80,59,95.1,1.0,9.36,3825,95.1,27.740174916877326
99,105,85,59,93.5,1.0,9.32,3100,93.5,19.33867393480812
100,105,85,59,94.7,1.0,9.35,3400,94.7,19.33867393480812
101,105,85,59,96.8,1.0,9.38,3825,96.8,19.33867393480812
102,105,80,63,93.2,1.0,9.31,3100,93.2,39.167641557516895
103,105,80,63,94.4,1.0,9.33,3400,94.4,39.167641557516895
104,105,80,63,96.5,1.0,9.36,3825,96.5,39.167641557516895
105,105,85,63,95.0,1.0,9.32,3100,95.0,29.0562938284468
106,105,85,63,96.2,1.0,9.34,3400,96.2,29.0562938284468
107,105,85,63,98.3,1.0,9.37,3825,98.3,29.0562938284468
108,105,80,67,96.3,0.76,9.29,3100,73.188,51.57236381040482
109,105,80,67,97.5,0.79,9.32,3400,77.025,51.57236381040482
110,105,80,67,99.6,0.81,9.35,3825,80.676,51.57236381040482
111,105,85,67,98.1,0.86,9.31,3100,84.366,39.60494643278111
112,105,85,67,99.3,1.0,9.33,3400,99.3,39.60494643278111
113,105,85,67,101.4,1.0,9.36,3825,101.4,39.60494643278111
114,105,80,71,101.0,0.6,9.3,3100,60.599999999999994,65.06178938074635
115,105,80,71,102.3,0.7,9.4,3400,71.61,65.06178938074635
116,105,80,71,104.4,0.7,9.4,3825,73.08,65.06178938074635
117,105,85,71,102.8,0.7,9.4,3100,71.96,51.07600247681543
118,105,85,71,104.0,0.7,9.4,3400,72.8,51.07600247681543
119,105,85,71,106.1,0.8,9.4,3825,84.88,51.07600247681543
120,115,80,59,86.5,1.0,10.41,3100,86.5,27.740174916877326
121,115,80,59,87.8,1.0,10.44,3400,87.8,27.740174916877326
122,115,80,59,89.9,1.0,10.47,3825,89.9,27.740174916877326
123,115,85,59,88.3,1.0,10.43,3100,88.3,19.33867393480812
124,115,85,59,89.5,1.0,10.45,3400,89.5,19.33867393480812
125,115,85,59,91.6,1.0,10.48,3825,91.6,19.33867393480812
126,115,80,63,88.0,1.0,10.41,3100,88.0,39.167641557516895
127,115,80,63,89.2,1.0,10.43,3400,89.2,39.167641557516895
128,115,80,63,91.3,1.0,10.46,3825,91.3,39.167641557516895
129,115,85,63,89.7,1.0,10.42,3100,89.7,29.0562938284468
130,115,85,63,91.0,1.0,10.44,3400,91.0,29.0562938284468
131,115,85,63,93.1,1.0,10.47,3825,93.1,29.0562938284468
132,115,80,67,91.1,0.81,10.39,3100,73.791,51.57236381040482
133,115,80,67,92.3,0.84,10.42,3400,77.532,51.57236381040482
134,115,80,67,94.4,1.0,10.45,3825,94.4,51.57236381040482
135,115,85,67,92.8,1.0,10.41,3100,92.8,39.60494643278111
136,115,85,67,94.1,1.0,10.43,3400,94.1,39.60494643278111
137,115,85,67,96.2,1.0,10.46,3825,96.2,39.60494643278111
138,115,80,71,95.8,0.7,10.4,3100,67.05999999999999,65.06178938074635
139,115,80,71,97.1,0.7,10.5,3400,67.96999999999998,65.06178938074635
140,115,80,71,99.2,0.7,10.5,3825,69.44,65.06178938074635
141,115,85,71,97.6,0.8,10.5,3100,78.08,51.07600247681543
142,115,85,71,98.8,0.8,10.5,3400,79.04,51.07600247681543
143,115,85,71,100.9,0.8,10.5,3825,80.72000000000001,51.07600247681543
0,65,70,59,118.5,0.63,6.8,3550,74.655,52.721762416728325
1,65,70,59,120.4,0.66,6.84,4000,79.46400000000001,52.721762416728325
2,65,70,59,122.9,0.67,6.87,4500,82.343,52.721762416728325
3,65,75,59,118.6,0.75,6.8,3550,88.94999999999999,38.6293687458052
4,65,75,59,120.5,0.78,6.83,4000,93.99000000000001,38.6293687458052
5,65,75,59,123.0,0.79,6.87,4500,97.17,38.6293687458052
6,65,70,63,120.2,0.56,6.79,3550,67.31200000000001,68.68656766716235
7,65,70,63,122.1,0.59,6.83,4000,72.03899999999999,68.68656766716235
8,65,70,63,124.6,0.6,6.87,4500,74.75999999999999,68.68656766716235
9,65,75,63,120.3,0.68,6.79,3550,81.804,52.11286489029116
10,65,75,63,122.1,0.71,6.83,4000,86.69099999999999,52.11286489029116
11,65,75,63,124.7,0.72,6.86,4500,89.78399999999999,52.11286489029116
12,65,70,67,123.7,0.43,6.78,3550,53.191,86.01665325663092
13,65,70,67,125.6,0.46,6.82,4000,57.776,86.01665325663092
14,65,70,67,128.1,0.47,6.85,4500,60.206999999999994,86.01665325663092
15,65,75,67,123.8,0.55,6.78,3550,68.09,66.74944445162711
16,65,75,67,125.6,0.58,6.81,4000,72.84799999999998,66.74944445162711
17,65,75,67,128.2,0.59,6.85,4500,75.63799999999999,66.74944445162711
18,65,70,71,,,,3550,,104.86212959386695
19,65,70,71,,,,4000,,104.86212959386695
20,65,70,71,,,,4500,,104.86212959386695
21,65,75,71,129.1,0.4,6.8,3550,51.64,82.66588712337318
22,65,75,71,131.0,0.4,6.9,4000,52.400000000000006,82.66588712337318
23,65,75,71,133.5,0.5,6.9,4500,66.75,82.66588712337318
24,75,70,59,117.5,0.63,7.62,3550,74.025,52.721762416728325
25,75,70,59,119.4,0.67,7.66,4000,79.998,52.721762416728325
26,75,70,59,121.9,0.68,7.69,4500,82.89200000000001,52.721762416728325
27,75,75,59,117.6,0.76,7.61,3550,89.37599999999999,38.6293687458052
28,75,75,59,119.4,0.79,7.65,4000,94.32600000000001,38.6293687458052
29,75,75,59,122.0,1.0,7.69,4500,122.0,38.6293687458052
30,75,70,63,119.1,0.56,7.61,3550,66.696,68.68656766716235
31,75,70,63,121.0,0.6,7.65,4000,72.6,68.68656766716235
32,75,70,63,123.6,0.61,7.68,4500,75.396,68.68656766716235
33,75,75,63,119.2,0.68,7.61,3550,81.05600000000001,52.11286489029116
34,75,75,63,121.1,0.72,7.64,4000,87.192,52.11286489029116
35,75,75,63,123.6,0.73,7.68,4500,90.228,52.11286489029116
36,75,70,67,122.6,0.43,7.6,3550,52.717999999999996,86.01665325663092
37,75,70,67,124.5,0.47,7.64,4000,58.51499999999999,86.01665325663092
38,75,70,67,127.0,0.48,7.67,4500,60.96,86.01665325663092
39,75,75,67,122.7,0.56,7.59,3550,68.712,66.74944445162711
40,75,75,67,124.6,0.59,7.63,4000,73.514,66.74944445162711
41,75,75,67,127.1,0.6,7.67,4500,76.25999999999999,66.74944445162711
42,75,70,71,,,,3550,,104.86212959386695
43,75,70,71,,,,4000,,104.86212959386695
44,75,70,71,,,,4500,,104.86212959386695
45,75,75,71,128.0,0.4,7.7,3550,51.2,82.66588712337318
46,75,75,71,129.9,0.5,7.7,4000,64.95,82.66588712337318
47,75,75,71,132.5,0.5,7.7,4500,66.25,82.66588712337318
48,85,70,59,114.4,0.66,8.53,3550,75.504,52.721762416728325
49,85,70,59,116.3,0.69,8.57,4000,80.24699999999999,52.721762416728325
50,85,70,59,118.8,0.7,8.6,4500,83.16,52.721762416728325
51,85,75,59,114.5,1.0,8.53,3550,114.5,38.6293687458052
52,85,75,59,116.4,1.0,8.56,4000,116.4,38.6293687458052
53,85,75,59,118.9,1.0,8.6,4500,118.9,38.6293687458052
54,85,70,63,116.1,0.59,8.53,3550,68.499,68.68656766716235
55,85,70,63,118.0,0.62,8.56,4000,73.16,68.68656766716235
56,85,70,63,120.5,0.63,8.6,4500,75.915,68.68656766716235
57,85,75,63,116.2,0.71,8.52,3550,82.502,52.11286489029116
58,85,75,63,118.0,0.74,8.56,4000,87.32,52.11286489029116
59,85,75,63,120.6,0.75,8.59,4500,90.44999999999999,52.11286489029116
60,85,70,67,119.6,0.46,8.51,3550,55.016,86.01665325663092
61,85,70,67,121.5,0.49,8.55,4000,59.535,86.01665325663092
62,85,70,67,124.0,0.5,8.58,4500,62.0,86.01665325663092
63,85,75,67,119.6,0.58,8.51,3550,69.368,66.74944445162711
64,85,75,67,121.5,0.61,8.54,4000,74.115,66.74944445162711
65,85,75,67,124.1,0.62,8.58,4500,76.942,66.74944445162711
66,85,70,71,,,,3550,,104.86212959386695
67,85,70,71,,,,4000,,104.86212959386695
68,85,70,71,,,,4500,,104.86212959386695
69,85,75,71,125.0,0.4,8.6,3550,50.0,82.66588712337318
70,85,75,71,126.9,0.5,8.6,4000,63.45,82.66588712337318
71,85,75,71,129.4,0.5,8.6,4500,64.7,82.66588712337318
72,95,70,59,109.2,0.68,9.52,3550,74.256,52.721762416728325
73,95,70,59,111.1,1.0,9.56,4000,111.1,52.721762416728325
74,95,70,59,113.6,1.0,9.59,4500,113.6,52.721762416728325
75,95,75,59,109.2,1.0,9.52,3550,109.2,38.6293687458052
76,95,75,59,111.1,1.0,9.55,4000,111.1,38.6293687458052
77,95,75,59,113.7,1.0,9.59,4500,113.7,38.6293687458052
78,95,70,63,110.8,0.6,9.52,3550,66.47999999999999,68.68656766716235
79,95,70,63,112.7,0.64,9.55,4000,72.128,68.68656766716235
80,95,70,63,115.2,0.65,9.59,4500,74.88000000000001,68.68656766716235
81,95,75,63,110.9,0.73,9.51,3550,80.95700000000001,52.11286489029116
82,95,75,63,112.8,0.76,9.55,4000,85.728,52.11286489029116
83,95,75,63,115.3,0.77,9.58,4500,88.781,52.11286489029116
84,95,70,67,114.3,0.48,9.5,3550,54.864,86.01665325663092
85,95,70,67,116.2,0.51,9.54,4000,59.262,86.01665325663092
86,95,70,67,118.7,0.52,9.57,4500,61.724000000000004,86.01665325663092
87,95,75,67,114.4,0.6,9.5,3550,68.64,66.74944445162711
88,95,75,67,116.3,0.63,9.53,4000,73.269,66.74944445162711
89,95,75,67,118.8,0.64,9.57,4500,76.032,66.74944445162711
90,95,70,71,,,,3550,,104.86212959386695
91,95,70,71,,,,4000,,104.86212959386695
92,95,70,71,,,,4500,,104.86212959386695
93,95,75,71,119.7,0.5,9.6,3550,59.85,82.66588712337318
94,95,75,71,121.6,0.5,9.6,4000,60.8,82.66588712337318
95,95,75,71,124.1,0.5,9.6,4500,62.05,82.66588712337318
96,105,70,59,102.8,1.0,10.63,3550,102.8,52.721762416728325
97,105,70,59,104.6,1.0,10.66,4000,104.6,52.721762416728325
98,105,70,59,107.2,1.0,10.7,4500,107.2,52.721762416728325
99,105,75,59,102.8,1.0,10.62,3550,102.8,38.6293687458052
100,105,75,59,104.7,1.0,10.66,4000,104.7,38.6293687458052
101,105,75,59,107.2,1.0,10.69,4500,107.2,38.6293687458052
102,105,70,63,104.4,0.63,10.62,3550,65.772,68.68656766716235
103,105,70,63,106.3,0.66,10.66,4000,70.158,68.68656766716235
104,105,70,63,108.8,0.67,10.69,4500,72.896,68.68656766716235
105,105,75,63,104.5,0.75,10.61,3550,78.375,52.11286489029116
106,105,75,63,106.3,0.78,10.65,4000,82.914,52.11286489029116
107,105,75,63,108.9,0.79,10.69,4500,86.031,52.11286489029116
108,105,70,67,107.9,0.5,10.61,3550,53.95,86.01665325663092
109,105,70,67,109.8,0.53,10.64,4000,58.194,86.01665325663092
110,105,70,67,112.3,0.54,10.68,4500,60.642,86.01665325663092
111,105,75,67,108.0,0.62,10.6,3550,66.96,66.74944445162711
112,105,75,67,109.8,0.65,10.64,4000,71.37,66.74944445162711
113,105,75,67,112.4,0.66,10.67,4500,74.18400000000001,66.74944445162711
114,105,70,71,,,,3550,,104.86212959386695
115,105,70,71,,,,4000,,104.86212959386695
116,105,70,71,,,,4500,,104.86212959386695
117,105,75,71,113.3,0.5,10.7,3550,56.65,82.66588712337318
118,105,75,71,115.2,0.5,10.7,4000,57.6,82.66588712337318
119,105,75,71,117.7,0.5,10.7,4500,58.85,82.66588712337318
120,115,70,59,96.9,1.0,11.92,3550,96.9,52.721762416728325
121,115,70,59,98.8,1.0,11.96,4000,98.8,52.721762416728325
122,115,70,59,101.3,1.0,11.99,4500,101.3,52.721762416728325
123,115,75,59,97.0,1.0,11.92,3550,97.0,38.6293687458052
124,115,75,59,98.8,1.0,11.95,4000,98.8,38.6293687458052
125,115,75,59,101.4,1.0,11.99,4500,101.4,38.6293687458052
126,115,70,63,98.5,0.67,11.92,3550,65.995,68.68656766716235
127,115,70,63,100.4,0.71,11.95,4000,71.284,68.68656766716235
128,115,70,63,103.0,0.72,11.99,4500,74.16,68.68656766716235
129,115,75,63,98.6,1.0,11.91,3550,98.6,52.11286489029116
130,115,75,63,100.5,1.0,11.95,4000,100.5,52.11286489029116
131,115,75,63,103.0,1.0,11.98,4500,103.0,52.11286489029116
132,115,70,67,102.0,0.55,11.9,3550,56.1,86.01665325663092
133,115,70,67,103.9,0.58,11.94,4000,60.262,86.01665325663092
134,115,70,67,106.4,0.59,11.97,4500,62.776,86.01665325663092
135,115,75,67,102.1,0.67,11.9,3550,68.407,66.74944445162711
136,115,75,67,104.0,0.7,11.93,4000,72.8,66.74944445162711
137,115,75,67,106.5,0.71,11.97,4500,75.615,66.74944445162711
138,115,70,71,,,,3550,,104.86212959386695
139,115,70,71,,,,4000,,104.86212959386695
140,115,70,71,,,,4500,,104.86212959386695
141,115,75,71,107.4,0.5,12.0,3550,53.7,82.66588712337318
142,115,75,71,109.3,0.6,12.0,4000,65.58,82.66588712337318
143,115,75,71,111.9,0.6,12.0,4500,67.14,82.66588712337318
0,65,80,59,119.2,1.0,6.8,3550,119.2,27.740174916877326
1,65,80,59,121.1,1.0,6.84,4000,121.1,27.740174916877326
2,65,80,59,123.6,1.0,6.87,4500,123.6,27.740174916877326
3,65,85,59,121.2,1.0,6.82,3550,121.2,19.33867393480812
4,65,85,59,123.1,1.0,6.85,4000,123.1,19.33867393480812
5,65,85,59,125.6,1.0,6.89,4500,125.6,19.33867393480812
6,65,80,63,120.9,0.8,6.79,3550,96.72000000000001,39.167641557516895
7,65,80,63,122.7,0.83,6.83,4000,101.841,39.167641557516895
8,65,80,63,125.3,0.84,6.87,4500,105.252,39.167641557516895
9,65,85,63,122.8,0.89,6.81,3550,109.292,29.0562938284468
10,65,85,63,124.7,0.93,6.85,4000,115.971,29.0562938284468
11,65,85,63,127.2,0.94,6.88,4500,119.568,29.0562938284468
12,65,80,67,124.4,0.67,6.78,3550,83.34800000000001,51.57236381040482
13,65,80,67,126.2,0.7,6.82,4000,88.34,51.57236381040482
14,65,80,67,128.8,0.71,6.85,4500,91.44800000000001,51.57236381040482
15,65,85,67,126.3,0.76,6.8,3550,95.988,39.60494643278111
16,65,85,67,128.2,0.8,6.83,4000,102.56,39.60494643278111
17,65,85,67,130.7,0.81,6.87,4500,105.867,39.60494643278111
18,65,80,71,129.7,0.5,6.8,3550,64.85,65.06178938074635
19,65,80,71,131.6,0.6,6.9,4000,78.96,65.06178938074635
20,65,80,71,134.1,0.6,6.9,4500,80.46,65.06178938074635
21,65,85,71,131.7,0.6,6.9,3550,79.02,51.07600247681543
22,65,85,71,133.5,0.7,6.9,4000,93.44999999999999,51.07600247681543
23,65,85,71,136.1,0.7,6.9,4500,95.27,51.07600247681543
24,75,80,59,118.2,1.0,7.62,3550,118.2,27.740174916877326
25,75,80,59,120.0,1.0,7.65,4000,120.0,27.740174916877326
26,75,80,59,122.6,1.0,7.69,4500,122.6,27.740174916877326
27,75,85,59,120.1,1.0,7.63,3550,120.1,19.33867393480812
28,75,85,59,122.0,1.0,7.67,4000,122.0,19.33867393480812
29,75,85,59,124.5,1.0,7.71,4500,124.5,19.33867393480812
30,75,80,63,119.8,0.8,7.61,3550,95.84,39.167641557516895
31,75,80,63,121.7,0.84,7.65,4000,102.228,39.167641557516895
32,75,80,63,124.2,0.85,7.68,4500,105.57,39.167641557516895
33,75,85,63,121.8,0.9,7.63,3550,109.62,29.0562938284468
34,75,85,63,123.7,1.0,7.66,4000,123.7,29.0562938284468
35,75,85,63,126.2,1.0,7.7,4500,126.2,29.0562938284468
36,75,80,67,123.3,0.68,7.6,3550,83.84400000000001,51.57236381040482
37,75,80,67,125.2,0.71,7.63,4000,88.892,51.57236381040482
38,75,80,67,127.7,0.72,7.67,4500,91.944,51.57236381040482
39,75,85,67,125.3,0.77,7.61,3550,96.481,39.60494643278111
40,75,85,67,127.2,0.8,7.65,4000,101.76,39.60494643278111
41,75,85,67,129.7,0.81,7.69,4500,105.057,39.60494643278111
42,75,80,71,128.6,0.5,7.7,3550,64.3,65.06178938074635
43,75,80,71,130.5,0.6,7.7,4000,78.3,65.06178938074635
44,75,80,71,133.1,0.6,7.7,4500,79.86,65.06178938074635
45,75,85,71,130.6,0.6,7.7,3550,78.36,51.07600247681543
46,75,85,71,132.5,0.7,7.7,4000,92.75,51.07600247681543
47,75,85,71,135.0,0.7,7.7,4500,94.5,51.07600247681543
48,85,80,59,115.1,1.0,8.53,3550,115.1,27.740174916877326
49,85,80,59,117.0,1.0,8.57,4000,117.0,27.740174916877326
50,85,80,59,119.5,1.0,8.6,4500,119.5,27.740174916877326
51,85,85,59,117.1,1.0,8.55,3550,117.1,19.33867393480812
52,85,85,59,119.0,1.0,8.58,4000,119.0,19.33867393480812
53,85,85,59,121.5,1.0,8.62,4500,121.5,19.33867393480812
54,85,80,63,116.8,0.83,8.53,3550,96.94399999999999,39.167641557516895
55,85,80,63,118.6,0.86,8.56,4000,101.996,39.167641557516895
56,85,80,63,121.2,0.87,8.6,4500,105.444,39.167641557516895
57,85,85,63,118.7,1.0,8.54,3550,118.7,29.0562938284468
58,85,85,63,120.6,1.0,8.58,4000,120.6,29.0562938284468
59,85,85,63,123.1,1.0,8.61,4500,123.1,29.0562938284468
60,85,80,67,120.3,0.7,8.51,3550,84.21,51.57236381040482
61,85,80,67,122.1,0.73,8.55,4000,89.133,51.57236381040482
62,85,80,67,124.7,0.74,8.58,4500,92.278,51.57236381040482
63,85,85,67,122.2,0.79,8.53,3550,96.53800000000001,39.60494643278111
64,85,85,67,124.1,0.83,8.56,4000,103.00299999999999,39.60494643278111
65,85,85,67,126.6,0.84,8.6,4500,106.344,39.60494643278111
66,85,80,71,125.6,0.6,8.6,3550,75.36,65.06178938074635
67,85,80,71,127.5,0.6,8.6,4000,76.5,65.06178938074635
68,85,80,71,130.0,0.6,8.6,4500,78.0,65.06178938074635
69,85,85,71,127.6,0.7,8.6,3550,89.32,51.07600247681543
70,85,85,71,129.4,0.7,8.6,4000,90.58,51.07600247681543
71,85,85,71,132.0,0.7,8.7,4500,92.39999999999999,51.07600247681543
72,95,80,59,109.9,1.0,9.52,3550,109.9,27.740174916877326
73,95,80,59,111.7,1.0,9.56,4000,111.7,27.740174916877326
74,95,80,59,114.3,1.0,9.59,4500,114.3,27.740174916877326
75,95,85,59,111.8,1.0,9.54,3550,111.8,19.33867393480812
76,95,85,59,113.7,1.0,9.57,4000,113.7,19.33867393480812
77,95,85,59,116.2,1.0,9.61,4500,116.2,19.33867393480812
78,95,80,63,111.5,0.85,9.51,3550,94.77499999999999,39.167641557516895
79,95,80,63,113.4,1.0,9.55,4000,113.4,39.167641557516895
80,95,80,63,115.9,1.0,9.59,4500,115.9,39.167641557516895
81,95,85,63,113.5,1.0,9.53,3550,113.5,29.0562938284468
82,95,85,63,115.4,1.0,9.57,4000,115.4,29.0562938284468
83,95,85,63,117.9,1.0,9.6,4500,117.9,29.0562938284468
84,95,80,67,115.0,0.72,9.5,3550,82.8,51.57236381040482
85,95,80,67,116.9,0.75,9.54,4000,87.67500000000001,51.57236381040482
86,95,80,67,119.4,0.76,9.57,4500,90.744,51.57236381040482
87,95,85,67,117.0,0.81,9.52,3550,94.77000000000001,39.60494643278111
88,95,85,67,118.8,0.85,9.55,4000,100.97999999999999,39.60494643278111
89,95,85,67,121.4,0.86,9.59,4500,104.404,39.60494643278111
90,95,80,71,120.3,0.6,9.6,3550,72.17999999999999,65.06178938074635
91,95,80,71,122.2,0.6,9.6,4000,73.32,65.06178938074635
92,95,80,71,124.7,0.6,9.6,4500,74.82,65.06178938074635
93,95,85,71,122.3,0.7,9.6,3550,85.61,51.07600247681543
94,95,85,71,124.2,0.7,9.6,4000,86.94,51.07600247681543
95,95,85,71,126.7,0.7,9.6,4500,88.69,51.07600247681543
96,105,80,59,103.4,1.0,10.62,3550,103.4,27.740174916877326
97,105,80,59,105.3,1.0,10.66,4000,105.3,27.740174916877326
98,105,80,59,107.8,1.0,10.7,4500,107.8,27.740174916877326
99,105,85,59,105.4,1.0,10.64,3550,105.4,19.33867393480812
100,105,85,59,107.3,1.0,10.68,4000,107.3,19.33867393480812
101,105,85,59,109.8,1.0,10.71,4500,109.8,19.33867393480812
102,105,80,63,105.1,1.0,10.62,3550,105.1,39.167641557516895
103,105,80,63,107.0,1.0,10.65,4000,107.0,39.167641557516895
104,105,80,63,109.5,1.0,10.69,4500,109.5,39.167641557516895
105,105,85,63,107.1,1.0,10.63,3550,107.1,29.0562938284468
106,105,85,63,108.9,1.0,10.67,4000,108.9,29.0562938284468
107,105,85,63,111.5,1.0,10.71,4500,111.5,29.0562938284468
108,105,80,67,108.6,0.74,10.6,3550,80.36399999999999,51.57236381040482
109,105,80,67,110.4,0.77,10.64,4000,85.00800000000001,51.57236381040482
110,105,80,67,113.0,0.78,10.68,4500,88.14,51.57236381040482
111,105,85,67,110.5,0.83,10.62,3550,91.71499999999999,39.60494643278111
112,105,85,67,112.4,0.87,10.66,4000,97.78800000000001,39.60494643278111
113,105,85,67,115.0,1.0,10.69,4500,115.0,39.60494643278111
114,105,80,71,113.9,0.6,10.7,3550,68.34,65.06178938074635
115,105,80,71,115.8,0.6,10.7,4000,69.47999999999999,65.06178938074635
116,105,80,71,118.3,0.6,10.7,4500,70.97999999999999,65.06178938074635
117,105,85,71,115.9,0.7,10.7,3550,81.13,51.07600247681543
118,105,85,71,117.8,0.7,10.7,4000,82.46,51.07600247681543
119,105,85,71,120.3,0.7,10.8,4500,84.21,51.07600247681543
120,115,80,59,97.6,1.0,11.92,3550,97.6,27.740174916877326
121,115,80,59,99.4,1.0,11.96,4000,99.4,27.740174916877326
122,115,80,59,102.0,1.0,11.99,4500,102.0,27.740174916877326
123,115,85,59,99.5,1.0,11.94,3550,99.5,19.33867393480812
124,115,85,59,101.4,1.0,11.97,4000,101.4,19.33867393480812
125,115,85,59,103.9,1.0,12.01,4500,103.9,19.33867393480812
126,115,80,63,99.2,1.0,11.91,3550,99.2,39.167641557516895
127,115,80,63,101.1,1.0,11.95,4000,101.1,39.167641557516895
128,115,80,63,103.6,1.0,11.99,4500,103.6,39.167641557516895
129,115,85,63,101.2,1.0,11.93,3550,101.2,29.0562938284468
130,115,85,63,103.1,1.0,11.97,4000,103.1,29.0562938284468
131,115,85,63,105.6,1.0,12.0,4500,105.6,29.0562938284468
132,115,80,67,102.7,0.79,11.9,3550,81.13300000000001,51.57236381040482
133,115,80,67,104.6,0.82,11.94,4000,85.77199999999999,51.57236381040482
134,115,80,67,107.1,0.83,11.97,4500,88.89299999999999,51.57236381040482
135,115,85,67,104.7,1.0,11.92,3550,104.7,39.60494643278111
136,115,85,67,106.6,1.0,11.95,4000,106.6,39.60494643278111
137,115,85,67,109.1,1.0,11.99,4500,109.1,39.60494643278111
138,115,80,71,108.0,0.7,12.0,3550,75.6,65.06178938074635
139,115,80,71,109.9,0.7,12.0,4000,76.92999999999999,65.06178938074635
140,115,80,71,112.5,0.7,12.0,4500,78.75,65.06178938074635
141,115,85,71,110.0,0.7,12.0,3550,77.0,51.07600247681543
142,115,85,71,111.9,0.8,12.0,4000,89.52000000000001,51.07600247681543
143,115,85,71,114.4,0.8,12.0,4500,91.52000000000001,51.07600247681543
0,65,70,59,141.2,0.62,8.31,3800,87.544,52.721762416728325
1,65,70,59,147.6,0.66,8.42,5000,97.416,52.721762416728325
2,65,70,59,152.3,0.63,8.47,5625,95.94900000000001,52.721762416728325
3,65,75,59,141.3,0.74,8.3,3800,104.56200000000001,38.6293687458052
4,65,75,59,147.7,0.78,8.41,5000,115.20599999999999,38.6293687458052
5,65,75,59,152.4,0.75,8.46,5625,114.30000000000001,38.6293687458052
6,65,70,63,143.2,0.55,8.3,3800,78.76,68.68656766716235
7,65,70,63,149.6,0.59,8.41,5000,88.264,68.68656766716235
8,65,70,63,154.3,0.56,8.46,5625,86.40800000000002,68.68656766716235
9,65,75,63,143.3,0.67,8.3,3800,96.01100000000001,52.11286489029116
10,65,75,63,149.7,0.71,8.4,5000,106.28699999999999,52.11286489029116
11,65,75,63,154.3,0.68,8.45,5625,104.92400000000002,52.11286489029116
12,65,70,67,147.3,0.42,8.28,3800,61.866,86.01665325663092
13,65,70,67,153.8,0.46,8.39,5000,70.748,86.01665325663092
14,65,70,67,158.4,0.44,8.44,5625,69.696,86.01665325663092
15,65,75,67,147.4,0.54,8.28,3800,79.596,66.74944445162711
16,65,75,67,153.9,0.58,8.38,5000,89.262,66.74944445162711
17,65,75,67,158.5,0.56,8.43,5625,88.76,66.74944445162711
18,65,70,71,,,,3800,,104.86212959386695
19,65,70,71,,,,5000,,104.86212959386695
20,65,70,71,,,,5625,,104.86212959386695
21,65,75,71,153.8,0.4,8.4,3800,61.52000000000001,82.66588712337318
22,65,75,71,160.2,0.5,8.5,5000,80.1,82.66588712337318
23,65,75,71,164.9,0.4,8.5,5625,65.96000000000001,82.66588712337318
24,75,70,59,140.0,0.63,9.37,3800,88.2,52.721762416728325
25,75,70,59,146.4,0.67,9.48,5000,98.08800000000001,52.721762416728325
26,75,70,59,151.1,0.64,9.52,5625,96.704,52.721762416728325
27,75,75,59,140.0,0.75,9.36,3800,105.0,38.6293687458052
28,75,75,59,146.5,0.79,9.47,5000,115.735,38.6293687458052
29,75,75,59,151.1,1.0,9.52,5625,151.1,38.6293687458052
30,75,70,63,141.9,0.56,9.36,3800,79.46400000000001,68.68656766716235
31,75,70,63,148.4,0.6,9.47,5000,89.04,68.68656766716235
32,75,70,63,153.0,0.57,9.52,5625,87.21,68.68656766716235
33,75,75,63,142.0,0.68,9.35,3800,96.56,52.11286489029116
34,75,75,63,148.4,0.72,9.46,5000,106.848,52.11286489029116
35,75,75,63,153.1,0.69,9.51,5625,105.63899999999998,52.11286489029116
36,75,70,67,146.1,0.43,9.34,3800,62.82299999999999,86.01665325663092
37,75,70,67,152.5,0.47,9.45,5000,71.675,86.01665325663092
38,75,70,67,157.2,0.44,9.5,5625,69.16799999999999,86.01665325663092
39,75,75,67,146.2,0.55,9.34,3800,80.41,66.74944445162711
40,75,75,67,152.6,0.59,9.44,5000,90.03399999999999,66.74944445162711
41,75,75,67,157.3,0.56,9.49,5625,88.08800000000001,66.74944445162711
42,75,70,71,,,,3800,,104.86212959386695
43,75,70,71,,,,5000,,104.86212959386695
44,75,70,71,,,,5625,,104.86212959386695
45,75,75,71,152.5,0.4,9.4,3800,61.0,82.66588712337318
46,75,75,71,159.0,0.5,9.5,5000,79.5,82.66588712337318
47,75,75,71,163.6,0.4,9.6,5625,65.44,82.66588712337318
48,85,70,59,136.3,0.65,10.55,3800,88.59500000000001,52.721762416728325
49,85,70,59,142.8,0.69,10.66,5000,98.532,52.721762416728325
50,85,70,59,147.4,0.66,10.71,5625,97.284,52.721762416728325
51,85,75,59,136.4,0.77,10.55,3800,105.028,38.6293687458052
52,85,75,59,142.8,1.0,10.65,5000,142.8,38.6293687458052
53,85,75,59,147.5,1.0,10.7,5625,147.5,38.6293687458052
54,85,70,63,138.3,0.58,10.54,3800,80.214,68.68656766716235
55,85,70,63,144.7,0.62,10.65,5000,89.714,68.68656766716235
56,85,70,63,149.4,0.59,10.7,5625,88.146,68.68656766716235
57,85,75,63,138.4,0.7,10.54,3800,96.88,52.11286489029116
58,85,75,63,144.8,0.74,10.64,5000,107.152,52.11286489029116
59,85,75,63,149.5,0.71,10.69,5625,106.145,52.11286489029116
60,85,70,67,142.5,0.45,10.53,3800,64.125,86.01665325663092
61,85,70,67,148.9,0.49,10.63,5000,72.961,86.01665325663092
62,85,70,67,153.5,0.46,10.68,5625,70.61,86.01665325663092
63,85,75,67,142.5,0.57,10.52,3800,81.225,66.74944445162711
64,85,75,67,149.0,0.61,10.63,5000,90.89,66.74944445162711
65,85,75,67,153.6,0.59,10.67,5625,90.624,66.74944445162711
66,85,70,71,,,,3800,,104.86212959386695
67,85,70,71,,,,5000,,104.86212959386695
68,85,70,71,,,,5625,,104.86212959386695
69,85,75,71,148.9,0.4,10.6,3800,59.56,82.66588712337318
70,85,75,71,155.3,0.5,10.7,5000,77.65,82.66588712337318
71,85,75,71,160.0,0.5,10.8,5625,80.0,82.66588712337318
72,95,70,59,130.1,0.67,11.83,3800,87.167,52.721762416728325
73,95,70,59,136.5,1.0,11.94,5000,136.5,52.721762416728325
74,95,70,59,141.2,1.0,11.99,5625,141.2,52.721762416728325
75,95,75,59,130.1,1.0,11.83,3800,130.1,38.6293687458052
76,95,75,59,136.6,1.0,11.93,5000,136.6,38.6293687458052
77,95,75,59,141.2,1.0,11.98,5625,141.2,38.6293687458052
78,95,70,63,132.0,0.6,11.82,3800,79.2,68.68656766716235
79,95,70,63,138.5,0.64,11.93,5000,88.64,68.68656766716235
80,95,70,63,143.1,0.61,11.98,5625,87.291,68.68656766716235
81,95,75,63,132.1,0.72,11.82,3800,95.112,52.11286489029116
82,95,75,63,138.5,0.76,11.92,5000,105.26,52.11286489029116
83,95,75,63,143.2,0.73,11.97,5625,104.53599999999999,52.11286489029116
84,95,70,67,136.2,0.47,11.81,3800,64.014,86.01665325663092
85,95,70,67,142.6,0.51,11.91,5000,72.726,86.01665325663092
86,95,70,67,147.3,0.48,11.96,5625,70.70400000000001,86.01665325663092
87,95,75,67,136.3,0.59,11.8,3800,80.417,66.74944445162711
88,95,75,67,142.7,0.63,11.91,5000,89.901,66.74944445162711
89,95,75,67,147.4,0.6,11.95,5625,88.44,66.74944445162711
90,95,70,71,,,,3800,,104.86212959386695
91,95,70,71,,,,5000,,104.86212959386695
92,95,70,71,,,,5625,,104.86212959386695
93,95,75,71,142.6,0.5,11.9,3800,71.3,82.66588712337318
94,95,75,71,149.1,0.5,12.0,5000,74.55,82.66588712337318
95,95,75,71,153.7,0.5,12.0,5625,76.85,82.66588712337318
96,105,70,59,122.4,1.0,13.26,3800,122.4,52.721762416728325
97,105,70,59,128.8,1.0,13.37,5000,128.8,52.721762416728325
98,105,70,59,133.5,1.0,13.42,5625,133.5,52.721762416728325
99,105,75,59,122.5,1.0,13.26,3800,122.5,38.6293687458052
100,105,75,59,128.9,1.0,13.36,5000,128.9,38.6293687458052
101,105,75,59,133.6,1.0,13.41,5625,133.6,38.6293687458052
102,105,70,63,124.4,0.62,13.25,3800,77.128,68.68656766716235
103,105,70,63,130.8,0.66,13.36,5000,86.32800000000002,68.68656766716235
104,105,70,63,135.5,0.63,13.41,5625,85.365,68.68656766716235
105,105,75,63,124.5,0.74,13.25,3800,92.13,52.11286489029116
106,105,75,63,130.9,0.78,13.35,5000,102.102,52.11286489029116
107,105,75,63,135.5,0.75,13.4,5625,101.625,52.11286489029116
108,105,70,67,128.5,0.49,13.24,3800,62.964999999999996,86.01665325663092
109,105,70,67,135.0,0.53,13.34,5000,71.55,86.01665325663092
110,105,70,67,139.6,0.5,13.39,5625,69.8,86.01665325663092
111,105,75,67,128.6,0.61,13.23,3800,78.446,66.74944445162711
112,105,75,67,135.1,0.65,13.34,5000,87.815,66.74944445162711
113,105,75,67,139.7,0.62,13.38,5625,86.61399999999999,66.74944445162711
114,105,70,71,,,,3800,,104.86212959386695
115,105,70,71,,,,5000,,104.86212959386695
116,105,70,71,,,,5625,,104.86212959386695
117,105,75,71,135.0,0.5,13.3,3800,67.5,82.66588712337318
118,105,75,71,141.4,0.5,13.4,5000,70.7,82.66588712337318
119,105,75,71,146.1,0.5,13.5,5625,73.05,82.66588712337318
120,115,70,59,115.4,1.0,14.94,3800,115.4,52.721762416728325
121,115,70,59,121.9,1.0,15.05,5000,121.9,52.721762416728325
122,115,70,59,126.5,1.0,15.1,5625,126.5,52.721762416728325
123,115,75,59,115.5,1.0,14.93,3800,115.5,38.6293687458052
124,115,75,59,121.9,1.0,15.04,5000,121.9,38.6293687458052
125,115,75,59,126.6,1.0,15.09,5625,126.6,38.6293687458052
126,115,70,63,117.4,0.67,14.93,3800,78.65800000000002,68.68656766716235
127,115,70,63,123.8,0.71,15.04,5000,87.898,68.68656766716235
128,115,70,63,128.5,0.68,15.09,5625,87.38000000000001,68.68656766716235
129,115,75,63,117.5,0.79,14.93,3800,92.825,52.11286489029116
130,115,75,63,123.9,1.0,15.03,5000,123.9,52.11286489029116
131,115,75,63,128.6,1.0,15.08,5625,128.6,52.11286489029116
132,115,70,67,121.6,0.54,14.91,3800,65.664,86.01665325663092
133,115,70,67,128.0,0.58,15.02,5000,74.24,86.01665325663092
134,115,70,67,132.6,0.55,15.07,5625,72.93,86.01665325663092
135,115,75,67,121.6,0.66,14.91,3800,80.256,66.74944445162711
136,115,75,67,128.1,0.7,15.01,5000,89.66999999999999,66.74944445162711
137,115,75,67,132.7,0.67,15.06,5625,88.90899999999999,66.74944445162711
138,115,70,71,,,,3800,,104.86212959386695
139,115,70,71,,,,5000,,104.86212959386695
140,115,70,71,,,,5625,,104.86212959386695
141,115,75,71,128.0,0.5,15.0,3800,64.0,82.66588712337318
142,115,75,71,134.4,0.6,15.1,5000,80.64,82.66588712337318
143,115,75,71,139.1,0.5,15.1,5625,69.55,82.66588712337318
0,65,80,59,142.0,0.86,8.31,3800,122.12,27.740174916877326
1,65,80,59,148.4,1.0,8.42,5000,148.4,27.740174916877326
2,65,80,59,153.1,1.0,8.46,5625,153.1,27.740174916877326
3,65,85,59,144.4,1.0,8.33,3800,144.4,19.33867393480812
4,65,85,59,150.8,1.0,8.44,5000,150.8,19.33867393480812
5,65,85,59,155.5,1.0,8.48,5625,155.5,19.33867393480812
6,65,80,63,144.0,0.79,8.3,3800,113.76,39.167641557516895
7,65,80,63,150.4,0.83,8.41,5000,124.832,39.167641557516895
8,65,80,63,155.1,0.8,8.46,5625,124.08,39.167641557516895
9,65,85,63,146.3,0.88,8.32,3800,128.744,29.0562938284468
10,65,85,63,152.8,0.92,8.43,5000,140.57600000000002,29.0562938284468
11,65,85,63,157.4,0.89,8.48,5625,140.086,29.0562938284468
12,65,80,67,148.1,0.66,8.28,3800,97.746,51.57236381040482
13,65,80,67,154.6,0.7,8.39,5000,108.21999999999998,51.57236381040482
14,65,80,67,159.2,0.67,8.44,5625,106.664,51.57236381040482
15,65,85,67,150.5,0.76,8.3,3800,114.38,39.60494643278111
16,65,85,67,156.9,0.8,8.41,5000,125.52000000000001,39.60494643278111
17,65,85,67,161.6,0.77,8.46,5625,124.432,39.60494643278111
18,65,80,71,154.5,0.5,8.4,3800,77.25,65.06178938074635
19,65,80,71,160.9,0.6,8.5,5000,96.54,65.06178938074635
20,65,80,71,165.6,0.5,8.5,5625,82.8,65.06178938074635
21,65,85,71,156.9,0.6,8.4,3800,94.14,51.07600247681543
22,65,85,71,163.3,0.7,8.5,5000,114.31,51.07600247681543
23,65,85,71,167.9,0.6,8.5,5625,100.74,51.07600247681543
24,75,80,59,140.8,1.0,9.37,3800,140.8,27.740174916877326
25,75,80,59,147.2,1.0,9.48,5000,147.2,27.740174916877326
26,75,80,59,151.9,1.0,9.52,5625,151.9,27.740174916877326
27,75,85,59,143.1,1.0,9.39,3800,143.1,19.33867393480812
28,75,85,59,149.5,1.0,9.5,5000,149.5,19.33867393480812
29,75,85,59,154.2,1.0,9.54,5625,154.2,19.33867393480812
30,75,80,63,142.7,0.79,9.36,3800,112.73299999999999,39.167641557516895
31,75,80,63,149.2,0.83,9.47,5000,123.83599999999998,39.167641557516895
32,75,80,63,153.8,0.81,9.52,5625,124.57800000000002,39.167641557516895
33,75,85,63,145.1,0.89,9.38,3800,129.139,29.0562938284468
34,75,85,63,151.5,1.0,9.49,5000,151.5,29.0562938284468
35,75,85,63,156.2,1.0,9.54,5625,156.2,29.0562938284468
36,75,80,67,146.9,0.67,9.34,3800,98.42300000000002,51.57236381040482
37,75,80,67,153.3,0.71,9.45,5000,108.843,51.57236381040482
38,75,80,67,158.0,0.68,9.5,5625,107.44000000000001,51.57236381040482
39,75,85,67,149.2,0.76,9.36,3800,113.392,39.60494643278111
40,75,85,67,155.7,0.8,9.47,5000,124.56,39.60494643278111
41,75,85,67,160.3,0.77,9.52,5625,123.43100000000001,39.60494643278111
42,75,80,71,153.3,0.5,9.4,3800,76.65,65.06178938074635
43,75,80,71,159.7,0.6,9.5,5000,95.82,65.06178938074635
44,75,80,71,164.3,0.5,9.6,5625,82.15,65.06178938074635
45,75,85,71,155.6,0.6,9.4,3800,93.36,51.07600247681543
46,75,85,71,162.0,0.7,9.6,5000,113.39999999999999,51.07600247681543
47,75,85,71,166.7,0.6,9.6,5625,100.02,51.07600247681543
48,85,80,59,137.1,1.0,10.55,3800,137.1,27.740174916877326
49,85,80,59,143.6,1.0,10.66,5000,143.6,27.740174916877326
50,85,80,59,148.2,1.0,10.71,5625,148.2,27.740174916877326
51,85,85,59,139.5,1.0,10.57,3800,139.5,19.33867393480812
52,85,85,59,145.9,1.0,10.68,5000,145.9,19.33867393480812
53,85,85,59,150.6,1.0,10.73,5625,150.6,19.33867393480812
54,85,80,63,139.1,0.82,10.54,3800,114.06199999999998,39.167641557516895
55,85,80,63,145.5,0.86,10.65,5000,125.13,39.167641557516895
56,85,80,63,150.2,0.83,10.7,5625,124.66599999999998,39.167641557516895
57,85,85,63,141.4,1.0,10.56,3800,141.4,29.0562938284468
58,85,85,63,147.9,1.0,10.67,5000,147.9,29.0562938284468
59,85,85,63,152.5,1.0,10.72,5625,152.5,29.0562938284468
60,85,80,67,143.3,0.69,10.53,3800,98.877,51.57236381040482
61,85,80,67,149.7,0.73,10.63,5000,109.28099999999999,51.57236381040482
62,85,80,67,154.3,0.7,10.68,5625,108.01,51.57236381040482
63,85,85,67,145.6,0.79,10.55,3800,115.024,39.60494643278111
64,85,85,67,152.0,0.83,10.65,5000,126.16,39.60494643278111
65,85,85,67,156.7,0.8,10.7,5625,125.36,39.60494643278111
66,85,80,71,149.6,0.6,10.6,3800,89.75999999999999,65.06178938074635
67,85,80,71,156.1,0.6,10.7,5000,93.66,65.06178938074635
68,85,80,71,160.7,0.6,10.8,5625,96.41999999999999,65.06178938074635
69,85,85,71,152.0,0.7,10.6,3800,106.39999999999999,51.07600247681543
70,85,85,71,158.4,0.7,10.7,5000,110.88,51.07600247681543
71,85,85,71,163.1,0.7,10.8,5625,114.16999999999999,51.07600247681543
72,95,80,59,130.9,1.0,11.83,3800,130.9,27.740174916877326
73,95,80,59,137.3,1.0,11.94,5000,137.3,27.740174916877326
74,95,80,59,142.0,1.0,11.99,5625,142.0,27.740174916877326
75,95,85,59,133.2,1.0,11.85,3800,133.2,19.33867393480812
76,95,85,59,139.6,1.0,11.96,5000,139.6,19.33867393480812
77,95,85,59,144.3,1.0,12.01,5625,144.3,19.33867393480812
78,95,80,63,132.8,0.84,11.82,3800,111.552,39.167641557516895
79,95,80,63,139.3,1.0,11.93,5000,139.3,39.167641557516895
80,95,80,63,143.9,1.0,11.98,5625,143.9,39.167641557516895
81,95,85,63,135.2,1.0,11.84,3800,135.2,29.0562938284468
82,95,85,63,141.6,1.0,11.95,5000,141.6,29.0562938284468
83,95,85,63,146.3,1.0,12.0,5625,146.3,29.0562938284468
84,95,80,67,137.0,0.71,11.81,3800,97.27,51.57236381040482
85,95,80,67,143.4,0.75,11.91,5000,107.55000000000001,51.57236381040482
86,95,80,67,148.1,0.72,11.96,5625,106.63199999999999,51.57236381040482
87,95,85,67,139.3,0.8,11.83,3800,111.44000000000001,39.60494643278111
88,95,85,67,145.8,0.84,11.93,5000,122.47200000000001,39.60494643278111
89,95,85,67,150.4,0.81,11.98,5625,121.82400000000001,39.60494643278111
90,95,80,71,143.4,0.6,11.9,3800,86.04,65.06178938074635
91,95,80,71,149.8,0.6,12.0,5000,89.88000000000001,65.06178938074635
92,95,80,71,154.4,0.6,12.0,5625,92.64,65.06178938074635
93,95,85,71,145.7,0.7,11.9,3800,101.98999999999998,51.07600247681543
94,95,85,71,152.1,0.7,12.0,5000,106.46999999999998,51.07600247681543
95,95,85,71,156.8,0.7,12.1,5625,109.76,51.07600247681543
96,105,80,59,123.2,1.0,13.26,3800,123.2,27.740174916877326
97,105,80,59,129.6,1.0,13.37,5000,129.6,27.740174916877326
98,105,80,59,134.3,1.0,13.42,5625,134.3,27.740174916877326
99,105,85,59,125.6,1.0,13.28,3800,125.6,19.33867393480812
100,105,85,59,132.0,1.0,13.39,5000,132.0,19.33867393480812
101,105,85,59,136.6,1.0,13.44,5625,136.6,19.33867393480812
102,105,80,63,125.2,1.0,13.25,3800,125.2,39.167641557516895
103,105,80,63,131.6,1.0,13.36,5000,131.6,39.167641557516895
104,105,80,63,136.3,1.0,13.41,5625,136.3,39.167641557516895
105,105,85,63,127.5,1.0,13.27,3800,127.5,29.0562938284468
106,105,85,63,134.0,1.0,13.38,5000,134.0,29.0562938284468
107,105,85,63,138.6,1.0,13.43,5625,138.6,29.0562938284468
108,105,80,67,129.3,0.73,13.24,3800,94.38900000000001,51.57236381040482
109,105,80,67,135.8,0.77,13.34,5000,104.56600000000002,51.57236381040482
110,105,80,67,140.4,0.74,13.39,5625,103.896,51.57236381040482
111,105,85,67,131.7,0.82,13.26,3800,107.99399999999999,39.60494643278111
112,105,85,67,138.1,0.86,13.36,5000,118.76599999999999,39.60494643278111
113,105,85,67,142.8,1.0,13.41,5625,142.8,39.60494643278111
114,105,80,71,135.7,0.6,13.3,3800,81.41999999999999,65.06178938074635
115,105,80,71,142.1,0.6,13.4,5000,85.25999999999999,65.06178938074635
116,105,80,71,146.8,0.6,13.5,5625,88.08,65.06178938074635
117,105,85,71,138.1,0.7,13.3,3800,96.66999999999999,51.07600247681543
118,105,85,71,144.5,0.7,13.4,5000,101.14999999999999,51.07600247681543
119,105,85,71,149.1,0.7,13.5,5625,104.36999999999999,51.07600247681543
120,115,80,59,116.2,1.0,14.94,3800,116.2,27.740174916877326
121,115,80,59,122.7,1.0,15.05,5000,122.7,27.740174916877326
122,115,80,59,127.3,1.0,15.09,5625,127.3,27.740174916877326
123,115,85,59,118.6,1.0,14.96,3800,118.6,19.33867393480812
124,115,85,59,125.0,1.0,15.07,5000,125.0,19.33867393480812
125,115,85,59,129.7,1.0,15.11,5625,129.7,19.33867393480812
126,115,80,63,118.2,1.0,14.93,3800,118.2,39.167641557516895
127,115,80,63,124.6,1.0,15.04,5000,124.6,39.167641557516895
128,115,80,63,129.3,1.0,15.09,5625,129.3,39.167641557516895
129,115,85,63,120.5,1.0,14.95,3800,120.5,29.0562938284468
130,115,85,63,127.0,1.0,15.06,5000,127.0,29.0562938284468
131,115,85,63,131.6,1.0,15.11,5625,131.6,29.0562938284468
132,115,80,67,122.4,0.78,14.91,3800,95.47200000000001,51.57236381040482
133,115,80,67,128.8,0.82,15.02,5000,105.616,51.57236381040482
134,115,80,67,133.4,0.79,15.07,5625,105.38600000000001,51.57236381040482
135,115,85,67,124.7,0.87,14.93,3800,108.489,39.60494643278111
136,115,85,67,131.1,1.0,15.04,5000,131.1,39.60494643278111
137,115,85,67,135.8,1.0,15.09,5625,135.8,39.60494643278111
138,115,80,71,128.7,0.6,15.0,3800,77.21999999999998,65.06178938074635
139,115,80,71,135.2,0.7,15.1,5000,94.63999999999999,65.06178938074635
140,115,80,71,139.8,0.7,15.1,5625,97.86,65.06178938074635
141,115,85,71,131.1,0.7,15.0,3800,91.77,51.07600247681543
142,115,85,71,137.5,0.8,15.1,5000,110.0,51.07600247681543
143,115,85,71,142.2,0.8,15.2,5625,113.75999999999999,51.07600247681543
