,OADB,IDB,IWB,MBH,S2T,kW,airflow,Capacity,S/T,TotalPower,Sensible MBH,RH
0,65,70,59,,,,4500,175388.0,0.59,10925.0,,52.721762416728325
1,65,70,59,,,,5010,177290.0,0.63,10984.0,,52.721762416728325
2,65,70,59,,,,6000,181904.0,0.67,11078.0,,52.721762416728325
3,65,75,59,,,,4500,175490.0,0.71,10916.0,,38.6293687458052
4,65,75,59,,,,5010,177392.0,0.75,10975.0,,38.6293687458052
5,65,75,59,,,,6000,182006.0,0.79,11069.0,,38.6293687458052
6,65,70,63,,,,4500,177859.0,0.52,10914.0,,68.68656766716235
7,65,70,63,,,,5010,179762.0,0.56,10973.0,,68.68656766716235
8,65,70,63,,,,6000,184376.0,0.6,11067.0,,68.68656766716235
9,65,75,63,,,,4500,177961.0,0.64,10905.0,,52.11286489029116
10,65,75,63,,,,5010,179864.0,0.68,10964.0,,52.11286489029116
11,65,75,63,,,,6000,184478.0,0.72,11058.0,,52.11286489029116
12,65,70,67,,,,4500,183087.0,0.39,10890.0,,86.01665325663092
13,65,70,67,,,,5010,184989.0,0.43,10949.0,,86.01665325663092
14,65,70,67,,,,6000,189603.0,0.47,11043.0,,86.01665325663092
15,65,75,67,,,,4500,183189.0,0.51,10881.0,,66.74944445162711
16,65,75,67,,,,5010,185091.0,0.55,10940.0,,66.74944445162711
17,65,75,67,,,,6000,189705.0,0.59,11034.0,,66.74944445162711
18,65,70,71,,,,4500,,,,,104.86212959386695
19,65,70,71,,,,5010,,,,,104.86212959386695
20,65,70,71,,,,6000,,,,,104.86212959386695
21,65,75,71,,,,4500,191174.0,0.37,10989.0,,82.66588712337318
22,65,75,71,,,,5010,193076.0,0.42,11048.0,,82.66588712337318
23,65,75,71,,,,6000,197690.0,0.46,11142.0,,82.66588712337318
24,75,70,59,,,,4500,173821.0,0.59,12346.0,,52.721762416728325
25,75,70,59,,,,5010,175724.0,0.64,12404.0,,52.721762416728325
26,75,70,59,,,,6000,180338.0,0.68,12499.0,,52.721762416728325
27,75,75,59,,,,4500,173923.0,0.72,12336.0,,38.6293687458052
28,75,75,59,,,,5010,175826.0,0.76,12395.0,,38.6293687458052
29,75,75,59,,,,6000,180440.0,0.8,12489.0,,38.6293687458052
30,75,70,63,,,,4500,176293.0,0.52,12334.0,,68.68656766716235
31,75,70,63,,,,5010,178195.0,0.57,12393.0,,68.68656766716235
32,75,70,63,,,,6000,182809.0,0.61,12487.0,,68.68656766716235
33,75,75,63,,,,4500,176395.0,0.64,12325.0,,52.11286489029116
34,75,75,63,,,,5010,178297.0,0.69,12384.0,,52.11286489029116
35,75,75,63,,,,6000,182911.0,0.73,12478.0,,52.11286489029116
36,75,70,67,,,,4500,181521.0,0.39,12310.0,,86.01665325663092
37,75,70,67,,,,5010,183423.0,0.44,12369.0,,86.01665325663092
38,75,70,67,,,,6000,188037.0,0.48,12463.0,,86.01665325663092
39,75,75,67,,,,4500,181623.0,0.51,12301.0,,66.74944445162711
40,75,75,67,,,,5010,183525.0,0.56,12360.0,,66.74944445162711
41,75,75,67,,,,6000,188139.0,0.6,12454.0,,66.74944445162711
42,75,70,71,,,,4500,,,,,104.86212959386695
43,75,70,71,,,,5010,,,,,104.86212959386695
44,75,70,71,,,,6000,,,,,104.86212959386695
45,75,75,71,,,,4500,189608.0,0.38,12410.0,,82.66588712337318
46,75,75,71,,,,5010,191510.0,0.42,12468.0,,82.66588712337318
47,75,75,71,,,,6000,196124.0,0.46,12563.0,,82.66588712337318
48,85,70,59,,,,4500,169252.0,0.62,13931.0,,52.721762416728325
49,85,70,59,,,,5010,171154.0,0.66,13990.0,,52.721762416728325
50,85,70,59,,,,6000,175768.0,0.7,14084.0,,52.721762416728325
51,85,75,59,,,,4500,169354.0,0.74,13922.0,,38.6293687458052
52,85,75,59,,,,5010,171256.0,0.78,13981.0,,38.6293687458052
53,85,75,59,,,,6000,175870.0,0.82,14075.0,,38.6293687458052
54,85,70,63,,,,4500,171724.0,0.54,13920.0,,68.68656766716235
55,85,70,63,,,,5010,173626.0,0.59,13979.0,,68.68656766716235
56,85,70,63,,,,6000,178240.0,0.63,14073.0,,68.68656766716235
57,85,75,63,,,,4500,171826.0,0.67,13911.0,,52.11286489029116
58,85,75,63,,,,5010,173728.0,0.71,13969.0,,52.11286489029116
59,85,75,63,,,,6000,178342.0,0.75,14063.0,,52.11286489029116
60,85,70,67,,,,4500,176951.0,0.42,13896.0,,86.01665325663092
61,85,70,67,,,,5010,178853.0,0.46,13954.0,,86.01665325663092
62,85,70,67,,,,6000,183467.0,0.5,14048.0,,86.01665325663092
63,85,75,67,,,,4500,177053.0,0.54,13886.0,,66.74944445162711
64,85,75,67,,,,5010,178955.0,0.58,13945.0,,66.74944445162711
65,85,75,67,,,,6000,183569.0,0.62,14039.0,,66.74944445162711
66,85,70,71,,,,4500,,,,,104.86212959386695
67,85,70,71,,,,5010,,,,,104.86212959386695
68,85,70,71,,,,6000,,,,,104.86212959386695
69,85,75,71,,,,4500,185038.0,0.4,13995.0,,82.66588712337318
70,85,75,71,,,,5010,186940.0,0.45,14054.0,,82.66588712337318
71,85,75,71,,,,6000,191554.0,0.49,14148.0,,82.66588712337318
72,95,70,59,,,,4500,161390.0,0.64,15647.0,,52.721762416728325
73,95,70,59,,,,5010,163292.0,0.68,15705.0,,52.721762416728325
74,95,70,59,,,,6000,167906.0,0.72,15799.0,,52.721762416728325
75,95,75,59,,,,4500,161492.0,0.76,15637.0,,38.6293687458052
76,95,75,59,,,,5010,163394.0,0.8,15696.0,,38.6293687458052
77,95,75,59,,,,6000,168008.0,1.0,15790.0,,38.6293687458052
78,95,70,63,,,,4500,163862.0,0.56,15635.0,,68.68656766716235
79,95,70,63,,,,5010,165764.0,0.61,15694.0,,68.68656766716235
80,95,70,63,,,,6000,170378.0,0.65,15788.0,,68.68656766716235
81,95,75,63,,,,4500,163964.0,0.69,15626.0,,52.11286489029116
82,95,75,63,,,,5010,165866.0,0.73,15685.0,,52.11286489029116
83,95,75,63,,,,6000,170480.0,0.77,15779.0,,52.11286489029116
84,95,70,67,,,,4500,169089.0,0.43,15611.0,,86.01665325663092
85,95,70,67,,,,5010,170991.0,0.48,15670.0,,86.01665325663092
86,95,70,67,,,,6000,175605.0,0.52,15764.0,,86.01665325663092
87,95,75,67,,,,4500,169191.0,0.56,15602.0,,66.74944445162711
88,95,75,67,,,,5010,171093.0,0.6,15661.0,,66.74944445162711
89,95,75,67,,,,6000,175707.0,0.64,15755.0,,66.74944445162711
90,95,70,71,,,,4500,,,,,104.86212959386695
91,95,70,71,,,,5010,,,,,104.86212959386695
92,95,70,71,,,,6000,,,,,104.86212959386695
93,95,75,71,,,,4500,177176.0,0.42,15711.0,,82.66588712337318
94,95,75,71,,,,5010,179078.0,0.47,15769.0,,82.66588712337318
95,95,75,71,,,,6000,183692.0,0.51,15863.0,,82.66588712337318
96,105,70,59,,,,4500,151782.0,0.66,17563.0,,52.721762416728325
97,105,70,59,,,,5010,153684.0,0.7,17622.0,,52.721762416728325
98,105,70,59,,,,6000,158298.0,0.74,17716.0,,52.721762416728325
99,105,75,59,,,,4500,151884.0,1.0,17554.0,,38.6293687458052
100,105,75,59,,,,5010,153786.0,1.0,17613.0,,38.6293687458052
101,105,75,59,,,,6000,158400.0,1.0,17707.0,,38.6293687458052
102,105,70,63,,,,4500,154254.0,0.58,17552.0,,68.68656766716235
103,105,70,63,,,,5010,156156.0,0.63,17611.0,,68.68656766716235
104,105,70,63,,,,6000,160770.0,0.67,17705.0,,68.68656766716235
105,105,75,63,,,,4500,154356.0,0.71,17543.0,,52.11286489029116
106,105,75,63,,,,5010,156258.0,0.75,17602.0,,52.11286489029116
107,105,75,63,,,,6000,160872.0,0.79,17696.0,,52.11286489029116
108,105,70,67,,,,4500,159481.0,0.46,17528.0,,86.01665325663092
109,105,70,67,,,,5010,161383.0,0.5,17587.0,,86.01665325663092
110,105,70,67,,,,6000,165997.0,0.54,17681.0,,86.01665325663092
111,105,75,67,,,,4500,159583.0,0.58,17519.0,,66.74944445162711
112,105,75,67,,,,5010,161485.0,0.62,17577.0,,66.74944445162711
113,105,75,67,,,,6000,166099.0,0.66,17672.0,,66.74944445162711
114,105,70,71,,,,4500,,,,,104.86212959386695
115,105,70,71,,,,5010,,,,,104.86212959386695
116,105,70,71,,,,6000,,,,,104.86212959386695
117,105,75,71,,,,4500,167568.0,0.44,17627.0,,82.66588712337318
118,105,75,71,,,,5010,169470.0,0.49,17686.0,,82.66588712337318
119,105,75,71,,,,6000,174084.0,0.53,17780.0,,82.66588712337318
120,115,70,59,,,,4500,143011.0,0.71,19812.0,,52.721762416728325
121,115,70,59,,,,5010,144913.0,0.75,19871.0,,52.721762416728325
122,115,70,59,,,,6000,149527.0,1.0,19965.0,,52.721762416728325
123,115,75,59,,,,4500,143113.0,1.0,19803.0,,38.6293687458052
124,115,75,59,,,,5010,145015.0,1.0,19862.0,,38.6293687458052
125,115,75,59,,,,6000,149629.0,1.0,19956.0,,38.6293687458052
126,115,70,63,,,,4500,145482.0,0.63,19801.0,,68.68656766716235
127,115,70,63,,,,5010,147385.0,0.68,19860.0,,68.68656766716235
128,115,70,63,,,,6000,151999.0,0.72,19954.0,,68.68656766716235
129,115,75,63,,,,4500,145584.0,0.76,19792.0,,52.11286489029116
130,115,75,63,,,,5010,147487.0,0.8,19851.0,,52.11286489029116
131,115,75,63,,,,6000,152100.0,0.84,19945.0,,52.11286489029116
132,115,70,67,,,,4500,150710.0,0.5,19777.0,,86.01665325663092
133,115,70,67,,,,5010,152612.0,0.55,19836.0,,86.01665325663092
134,115,70,67,,,,6000,157226.0,0.59,19930.0,,86.01665325663092
135,115,75,67,,,,4500,150812.0,0.63,19768.0,,66.74944445162711
136,115,75,67,,,,5010,152714.0,0.67,19826.0,,66.74944445162711
137,115,75,67,,,,6000,157328.0,0.71,19920.0,,66.74944445162711
138,115,70,71,,,,4500,,,,,104.86212959386695
139,115,70,71,,,,5010,,,,,104.86212959386695
140,115,70,71,,,,6000,,,,,104.86212959386695
141,115,75,71,,,,4500,158797.0,0.49,19876.0,,82.66588712337318
142,115,75,71,,,,5010,160699.0,0.54,19935.0,,82.66588712337318
143,115,75,71,,,,6000,165313.0,0.58,20029.0,,82.66588712337318
0,65,80,59,,,,4500,176396.0,0.83,10924.0,,27.740174916877326
1,65,80,59,,,,5010,178299.0,0.87,10983.0,,27.740174916877326
2,65,80,59,,,,6000,182913.0,0.91,11077.0,,27.740174916877326
3,65,85,59,,,,4500,179345.0,1.0,10951.0,,19.33867393480812
4,65,85,59,,,,5010,181247.0,1.0,11010.0,,19.33867393480812
5,65,85,59,,,,6000,185861.0,1.0,11104.0,,19.33867393480812
6,65,80,63,,,,4500,178868.0,0.76,10913.0,,39.167641557516895
7,65,80,63,,,,5010,180770.0,0.8,10971.0,,39.167641557516895
8,65,80,63,,,,6000,185384.0,0.84,11065.0,,39.167641557516895
9,65,85,63,,,,4500,181817.0,0.85,10940.0,,29.0562938284468
10,65,85,63,,,,5010,183719.0,0.9,10999.0,,29.0562938284468
11,65,85,63,,,,6000,188333.0,0.94,11093.0,,29.0562938284468
12,65,80,67,,,,4500,184096.0,0.63,10888.0,,51.57236381040482
13,65,80,67,,,,5010,185998.0,0.67,10947.0,,51.57236381040482
14,65,80,67,,,,6000,190612.0,0.71,11041.0,,51.57236381040482
15,65,85,67,,,,4500,187044.0,0.72,10915.0,,39.60494643278111
16,65,85,67,,,,5010,188946.0,0.77,10974.0,,39.60494643278111
17,65,85,67,,,,6000,193560.0,0.81,11068.0,,39.60494643278111
18,65,80,71,,,,4500,192080.0,0.49,10997.0,,65.06178938074635
19,65,80,71,,,,5010,193983.0,0.54,11056.0,,65.06178938074635
20,65,80,71,,,,6000,198597.0,0.58,11150.0,,65.06178938074635
21,65,85,71,,,,4500,195029.0,0.59,11024.0,,51.07600247681543
22,65,85,71,,,,5010,196931.0,0.63,11083.0,,51.07600247681543
23,65,85,71,,,,6000,201545.0,0.67,11177.0,,51.07600247681543
24,75,80,59,,,,4500,174830.0,0.83,12344.0,,27.740174916877326
25,75,80,59,,,,5010,176732.0,0.88,12403.0,,27.740174916877326
26,75,80,59,,,,6000,181346.0,1.0,12497.0,,27.740174916877326
27,75,85,59,,,,4500,177779.0,1.0,12371.0,,19.33867393480812
28,75,85,59,,,,5010,179681.0,1.0,12430.0,,19.33867393480812
29,75,85,59,,,,6000,184295.0,1.0,12524.0,,19.33867393480812
30,75,80,63,,,,4500,177302.0,0.76,12333.0,,39.167641557516895
31,75,80,63,,,,5010,179204.0,0.81,12392.0,,39.167641557516895
32,75,80,63,,,,6000,183818.0,0.85,12486.0,,39.167641557516895
33,75,85,63,,,,4500,180250.0,0.86,12360.0,,29.0562938284468
34,75,85,63,,,,5010,182152.0,0.9,12419.0,,29.0562938284468
35,75,85,63,,,,6000,186766.0,0.94,12513.0,,29.0562938284468
36,75,80,67,,,,4500,182529.0,0.63,12308.0,,51.57236381040482
37,75,80,67,,,,5010,184431.0,0.68,12367.0,,51.57236381040482
38,75,80,67,,,,6000,189045.0,0.72,12461.0,,51.57236381040482
39,75,85,67,,,,4500,185478.0,0.73,12336.0,,39.60494643278111
40,75,85,67,,,,5010,187380.0,0.77,12394.0,,39.60494643278111
41,75,85,67,,,,6000,191994.0,0.81,12489.0,,39.60494643278111
42,75,80,71,,,,4500,190514.0,0.5,12417.0,,65.06178938074635
43,75,80,71,,,,5010,192416.0,0.54,12476.0,,65.06178938074635
44,75,80,71,,,,6000,197030.0,0.58,12570.0,,65.06178938074635
45,75,85,71,,,,4500,193463.0,0.59,12444.0,,51.07600247681543
46,75,85,71,,,,5010,195365.0,0.64,12503.0,,51.07600247681543
47,75,85,71,,,,6000,199979.0,0.68,12597.0,,51.07600247681543
48,85,80,59,,,,4500,170261.0,1.0,13929.0,,27.740174916877326
49,85,80,59,,,,5010,172163.0,1.0,13988.0,,27.740174916877326
50,85,80,59,,,,6000,176777.0,1.0,14082.0,,27.740174916877326
51,85,85,59,,,,4500,173209.0,1.0,13956.0,,19.33867393480812
52,85,85,59,,,,5010,175111.0,1.0,14015.0,,19.33867393480812
53,85,85,59,,,,6000,179725.0,1.0,14109.0,,19.33867393480812
54,85,80,63,,,,4500,172732.0,0.79,13918.0,,39.167641557516895
55,85,80,63,,,,5010,174634.0,0.83,13977.0,,39.167641557516895
56,85,80,63,,,,6000,179248.0,0.87,14071.0,,39.167641557516895
57,85,85,63,,,,4500,175681.0,0.88,13945.0,,29.0562938284468
58,85,85,63,,,,5010,177583.0,0.93,14004.0,,29.0562938284468
59,85,85,63,,,,6000,182197.0,0.97,14098.0,,29.0562938284468
60,85,80,67,,,,4500,177960.0,0.66,13894.0,,51.57236381040482
61,85,80,67,,,,5010,179862.0,0.7,13953.0,,51.57236381040482
62,85,80,67,,,,6000,184476.0,0.74,14047.0,,51.57236381040482
63,85,85,67,,,,4500,180908.0,0.75,13921.0,,39.60494643278111
64,85,85,67,,,,5010,182810.0,0.8,13980.0,,39.60494643278111
65,85,85,67,,,,6000,187424.0,0.84,14074.0,,39.60494643278111
66,85,80,71,,,,4500,185945.0,0.52,14002.0,,65.06178938074635
67,85,80,71,,,,5010,187847.0,0.57,14061.0,,65.06178938074635
68,85,80,71,,,,6000,192461.0,0.61,14155.0,,65.06178938074635
69,85,85,71,,,,4500,188893.0,0.62,14030.0,,51.07600247681543
70,85,85,71,,,,5010,190795.0,0.66,14088.0,,51.07600247681543
71,85,85,71,,,,6000,195409.0,0.7,14182.0,,51.07600247681543
72,95,80,59,,,,4500,162399.0,1.0,15645.0,,27.740174916877326
73,95,80,59,,,,5010,164301.0,1.0,15704.0,,27.740174916877326
74,95,80,59,,,,6000,168915.0,1.0,15798.0,,27.740174916877326
75,95,85,59,,,,4500,165347.0,1.0,15672.0,,19.33867393480812
76,95,85,59,,,,5010,167249.0,1.0,15731.0,,19.33867393480812
77,95,85,59,,,,6000,171863.0,1.0,15825.0,,19.33867393480812
78,95,80,63,,,,4500,164870.0,0.8,15634.0,,39.167641557516895
79,95,80,63,,,,5010,166773.0,0.85,15692.0,,39.167641557516895
80,95,80,63,,,,6000,171387.0,0.89,15787.0,,39.167641557516895
81,95,85,63,,,,4500,167819.0,0.9,15661.0,,29.0562938284468
82,95,85,63,,,,5010,169721.0,0.94,15720.0,,29.0562938284468
83,95,85,63,,,,6000,174335.0,1.0,15814.0,,29.0562938284468
84,95,80,67,,,,4500,170098.0,0.68,15609.0,,51.57236381040482
85,95,80,67,,,,5010,172000.0,0.72,15668.0,,51.57236381040482
86,95,80,67,,,,6000,176614.0,0.76,15762.0,,51.57236381040482
87,95,85,67,,,,4500,173046.0,0.77,15637.0,,39.60494643278111
88,95,85,67,,,,5010,174949.0,0.82,15695.0,,39.60494643278111
89,95,85,67,,,,6000,179563.0,0.86,15789.0,,39.60494643278111
90,95,80,71,,,,4500,178083.0,0.54,15718.0,,65.06178938074635
91,95,80,71,,,,5010,179985.0,0.58,15777.0,,65.06178938074635
92,95,80,71,,,,6000,184599.0,0.63,15871.0,,65.06178938074635
93,95,85,71,,,,4500,181031.0,0.64,15745.0,,51.07600247681543
94,95,85,71,,,,5010,182933.0,0.68,15804.0,,51.07600247681543
95,95,85,71,,,,6000,187547.0,0.72,15898.0,,51.07600247681543
96,105,80,59,,,,4500,152791.0,1.0,17562.0,,27.740174916877326
97,105,80,59,,,,5010,154693.0,1.0,17620.0,,27.740174916877326
98,105,80,59,,,,6000,159307.0,1.0,17715.0,,27.740174916877326
99,105,85,59,,,,4500,155739.0,1.0,17589.0,,19.33867393480812
100,105,85,59,,,,5010,157641.0,1.0,17648.0,,19.33867393480812
101,105,85,59,,,,6000,162255.0,1.0,17742.0,,19.33867393480812
102,105,80,63,,,,4500,155262.0,0.83,17550.0,,39.167641557516895
103,105,80,63,,,,5010,157164.0,0.87,17609.0,,39.167641557516895
104,105,80,63,,,,6000,161778.0,0.91,17703.0,,39.167641557516895
105,105,85,63,,,,4500,158211.0,1.0,17578.0,,29.0562938284468
106,105,85,63,,,,5010,160113.0,1.0,17636.0,,29.0562938284468
107,105,85,63,,,,6000,164727.0,1.0,17730.0,,29.0562938284468
108,105,80,67,,,,4500,160490.0,0.7,17526.0,,51.57236381040482
109,105,80,67,,,,5010,162392.0,0.74,17585.0,,51.57236381040482
110,105,80,67,,,,6000,167006.0,0.78,17679.0,,51.57236381040482
111,105,85,67,,,,4500,163438.0,0.79,17553.0,,39.60494643278111
112,105,85,67,,,,5010,165340.0,0.84,17612.0,,39.60494643278111
113,105,85,67,,,,6000,169954.0,0.88,17706.0,,39.60494643278111
114,105,80,71,,,,4500,168475.0,0.56,17635.0,,65.06178938074635
115,105,80,71,,,,5010,170377.0,0.61,17694.0,,65.06178938074635
116,105,80,71,,,,6000,174991.0,0.65,17788.0,,65.06178938074635
117,105,85,71,,,,4500,171423.0,0.66,17662.0,,51.07600247681543
118,105,85,71,,,,5010,173325.0,0.7,17721.0,,51.07600247681543
119,105,85,71,,,,6000,177939.0,0.74,17815.0,,51.07600247681543
120,115,80,59,,,,4500,144019.0,1.0,19810.0,,27.740174916877326
121,115,80,59,,,,5010,145921.0,1.0,19869.0,,27.740174916877326
122,115,80,59,,,,6000,150535.0,1.0,19963.0,,27.740174916877326
123,115,85,59,,,,4500,146968.0,1.0,19838.0,,19.33867393480812
124,115,85,59,,,,5010,148870.0,1.0,19896.0,,19.33867393480812
125,115,85,59,,,,6000,153484.0,1.0,19990.0,,19.33867393480812
126,115,80,63,,,,4500,146491.0,0.87,19799.0,,39.167641557516895
127,115,80,63,,,,5010,148393.0,0.92,19858.0,,39.167641557516895
128,115,80,63,,,,6000,153007.0,1.0,19952.0,,39.167641557516895
129,115,85,63,,,,4500,149439.0,1.0,19826.0,,29.0562938284468
130,115,85,63,,,,5010,151342.0,1.0,19885.0,,29.0562938284468
131,115,85,63,,,,6000,155956.0,1.0,19979.0,,29.0562938284468
132,115,80,67,,,,4500,151718.0,0.75,19775.0,,51.57236381040482
133,115,80,67,,,,5010,153621.0,0.79,19834.0,,51.57236381040482
134,115,80,67,,,,6000,158235.0,0.83,19928.0,,51.57236381040482
135,115,85,67,,,,4500,154667.0,0.84,19802.0,,39.60494643278111
136,115,85,67,,,,5010,156569.0,0.886,19861.0,,39.60494643278111
137,115,85,67,,,,6000,161183.0,0.93,19955.0,,39.60494643278111
138,115,80,71,,,,4500,159703.0,0.61,19884.0,,65.06178938074635
139,115,80,71,,,,5010,161606.0,0.65,19942.0,,65.06178938074635
140,115,80,71,,,,6000,166219.0,0.7,20037.0,,65.06178938074635
141,115,85,71,,,,4500,162652.0,0.71,19911.0,,51.07600247681543
142,115,85,71,,,,5010,164554.0,0.75,19970.0,,51.07600247681543
143,115,85,71,,,,6000,169168.0,0.79,20064.0,,51.07600247681543
0,65,70,59,,,,6000,235203.0,0.6,15161.0,,52.721762416728325
1,65,70,59,,,,6475,237074.0,0.63,15212.0,,52.721762416728325
2,65,70,59,,,,8000,244645.0,0.67,15347.0,,52.721762416728325
3,65,75,59,,,,6000,235340.0,0.72,15150.0,,38.6293687458052
4,65,75,59,,,,6475,237210.0,0.75,15200.0,,38.6293687458052
5,65,75,59,,,,8000,244781.0,0.8,15336.0,,38.6293687458052
6,65,70,63,,,,6000,238509.0,0.53,15147.0,,68.68656766716235
7,65,70,63,,,,6475,240379.0,0.56,15198.0,,68.68656766716235
8,65,70,63,,,,8000,247950.0,0.6,15333.0,,68.68656766716235
9,65,75,63,,,,6000,238645.0,0.65,15136.0,,52.11286489029116
10,65,75,63,,,,6475,240515.0,0.68,15187.0,,52.11286489029116
11,65,75,63,,,,8000,248086.0,0.72,15322.0,,52.11286489029116
12,65,70,67,,,,6000,245499.0,0.4,15117.0,,86.01665325663092
13,65,70,67,,,,6475,247369.0,0.43,15168.0,,86.01665325663092
14,65,70,67,,,,8000,254940.0,0.47,15303.0,,86.01665325663092
15,65,75,67,,,,6000,245635.0,0.52,15106.0,,66.74944445162711
16,65,75,67,,,,6475,247505.0,0.55,15157.0,,66.74944445162711
17,65,75,67,,,,8000,255076.0,0.6,15292.0,,66.74944445162711
18,65,70,71,,,,6000,,,,,104.86212959386695
19,65,70,71,,,,6475,,,,,104.86212959386695
20,65,70,71,,,,8000,,,,,104.86212959386695
21,65,75,71,,,,6000,256313.0,0.39,15239.0,,82.66588712337318
22,65,75,71,,,,6475,258183.0,0.42,15290.0,,82.66588712337318
23,65,75,71,,,,8000,265754.0,0.46,15425.0,,82.66588712337318
24,75,70,59,,,,6000,233109.0,0.61,16903.0,,52.721762416728325
25,75,70,59,,,,6475,234979.0,0.64,16954.0,,52.721762416728325
26,75,70,59,,,,8000,242550.0,0.68,17089.0,,52.721762416728325
27,75,75,59,,,,6000,233245.0,0.73,16892.0,,38.6293687458052
28,75,75,59,,,,6475,235115.0,0.76,16942.0,,38.6293687458052
29,75,75,59,,,,8000,242686.0,0.8,17078.0,,38.6293687458052
30,75,70,63,,,,6000,236414.0,0.54,16889.0,,68.68656766716235
31,75,70,63,,,,6475,238284.0,0.57,16940.0,,68.68656766716235
32,75,70,63,,,,8000,245855.0,0.61,17075.0,,68.68656766716235
33,75,75,63,,,,6000,236550.0,0.66,16878.0,,52.11286489029116
34,75,75,63,,,,6475,238420.0,0.69,16929.0,,52.11286489029116
35,75,75,63,,,,8000,245991.0,0.73,17064.0,,52.11286489029116
36,75,70,67,,,,6000,243404.0,0.41,16859.0,,86.01665325663092
37,75,70,67,,,,6475,245274.0,0.44,16910.0,,86.01665325663092
38,75,70,67,,,,8000,252845.0,0.48,17045.0,,86.01665325663092
39,75,75,67,,,,6000,243541.0,0.53,16848.0,,66.74944445162711
40,75,75,67,,,,6475,245411.0,0.56,16899.0,,66.74944445162711
41,75,75,67,,,,8000,252982.0,0.6,17034.0,,66.74944445162711
42,75,70,71,,,,6000,,,,,104.86212959386695
43,75,70,71,,,,6475,,,,,104.86212959386695
44,75,70,71,,,,8000,,,,,104.86212959386695
45,75,75,71,,,,6000,254218.0,0.39,16981.0,,82.66588712337318
46,75,75,71,,,,6475,256088.0,0.42,17032.0,,82.66588712337318
47,75,75,71,,,,8000,263659.0,0.47,17167.0,,82.66588712337318
48,85,70,59,,,,6000,226999.0,0.63,18848.0,,52.721762416728325
49,85,70,59,,,,6475,228869.0,0.66,18898.0,,52.721762416728325
50,85,70,59,,,,8000,236440.0,0.7,19034.0,,52.721762416728325
51,85,75,59,,,,6000,227135.0,1.0,18836.0,,38.6293687458052
52,85,75,59,,,,6475,229005.0,1.0,18887.0,,38.6293687458052
53,85,75,59,,,,8000,236576.0,1.0,19022.0,,38.6293687458052
54,85,70,63,,,,6000,230304.0,0.56,18834.0,,68.68656766716235
55,85,70,63,,,,6475,232174.0,0.59,18885.0,,68.68656766716235
56,85,70,63,,,,8000,239745.0,0.63,19020.0,,68.68656766716235
57,85,75,63,,,,6000,230440.0,0.68,18823.0,,52.11286489029116
58,85,75,63,,,,6475,232310.0,0.71,18873.0,,52.11286489029116
59,85,75,63,,,,8000,239881.0,0.75,19009.0,,52.11286489029116
60,85,70,67,,,,6000,237294.0,0.43,18804.0,,86.01665325663092
61,85,70,67,,,,6475,239164.0,0.46,18855.0,,86.01665325663092
62,85,70,67,,,,8000,246735.0,0.5,18990.0,,86.01665325663092
63,85,75,67,,,,6000,237430.0,0.55,18793.0,,66.74944445162711
64,85,75,67,,,,6475,239300.0,0.58,18844.0,,66.74944445162711
65,85,75,67,,,,8000,246871.0,0.63,18979.0,,66.74944445162711
66,85,70,71,,,,6000,,,,,104.86212959386695
67,85,70,71,,,,6475,,,,,104.86212959386695
68,85,70,71,,,,8000,,,,,104.86212959386695
69,85,75,71,,,,6000,248108.0,0.42,18926.0,,82.66588712337318
70,85,75,71,,,,6475,249978.0,0.45,18977.0,,82.66588712337318
71,85,75,71,,,,8000,257549.0,0.49,19112.0,,82.66588712337318
72,95,70,59,,,,6000,216486.0,0.65,20952.0,,52.721762416728325
73,95,70,59,,,,6475,218356.0,0.68,21003.0,,52.721762416728325
74,95,70,59,,,,8000,225927.0,1.0,21138.0,,52.721762416728325
75,95,75,59,,,,6000,216622.0,1.0,20941.0,,38.6293687458052
76,95,75,59,,,,6475,218492.0,1.0,20992.0,,38.6293687458052
77,95,75,59,,,,8000,226063.0,1.0,21127.0,,38.6293687458052
78,95,70,63,,,,6000,219791.0,0.58,20938.0,,68.68656766716235
79,95,70,63,,,,6475,221661.0,0.61,20989.0,,68.68656766716235
80,95,70,63,,,,8000,229232.0,0.65,21124.0,,68.68656766716235
81,95,75,63,,,,6000,219927.0,0.7,20927.0,,52.11286489029116
82,95,75,63,,,,6475,221797.0,0.73,20978.0,,52.11286489029116
83,95,75,63,,,,8000,229368.0,0.77,21113.0,,52.11286489029116
84,95,70,67,,,,6000,226781.0,0.45,20909.0,,86.01665325663092
85,95,70,67,,,,6475,228651.0,0.48,20959.0,,86.01665325663092
86,95,70,67,,,,8000,236222.0,0.52,21095.0,,86.01665325663092
87,95,75,67,,,,6000,226917.0,0.57,20897.0,,66.74944445162711
88,95,75,67,,,,6475,228787.0,0.6,20948.0,,66.74944445162711
89,95,75,67,,,,8000,236359.0,0.64,21083.0,,66.74944445162711
90,95,70,71,,,,6000,,,,,104.86212959386695
91,95,70,71,,,,6475,,,,,104.86212959386695
92,95,70,71,,,,8000,,,,,104.86212959386695
93,95,75,71,,,,6000,237595.0,0.44,21031.0,,82.66588712337318
94,95,75,71,,,,6475,239465.0,0.47,21081.0,,82.66588712337318
95,95,75,71,,,,8000,247036.0,0.51,21217.0,,82.66588712337318
96,105,70,59,,,,6000,203638.0,1.0,23303.0,,52.721762416728325
97,105,70,59,,,,6475,205508.0,1.0,23354.0,,52.721762416728325
98,105,70,59,,,,8000,213079.0,1.0,23489.0,,52.721762416728325
99,105,75,59,,,,6000,203774.0,1.0,23292.0,,38.6293687458052
100,105,75,59,,,,6475,205644.0,1.0,23343.0,,38.6293687458052
101,105,75,59,,,,8000,213215.0,1.0,23478.0,,38.6293687458052
102,105,70,63,,,,6000,206943.0,0.6,23290.0,,68.68656766716235
103,105,70,63,,,,6475,208813.0,0.63,23340.0,,68.68656766716235
104,105,70,63,,,,8000,216384.0,0.67,23476.0,,68.68656766716235
105,105,75,63,,,,6000,207079.0,0.72,23278.0,,52.11286489029116
106,105,75,63,,,,6475,208949.0,0.75,23329.0,,52.11286489029116
107,105,75,63,,,,8000,216520.0,0.79,23464.0,,52.11286489029116
108,105,70,67,,,,6000,213933.0,0.47,23260.0,,86.01665325663092
109,105,70,67,,,,6475,215803.0,0.5,23311.0,,86.01665325663092
110,105,70,67,,,,8000,223374.0,0.54,23446.0,,86.01665325663092
111,105,75,67,,,,6000,214069.0,0.59,23249.0,,66.74944445162711
112,105,75,67,,,,6475,215939.0,0.62,23299.0,,66.74944445162711
113,105,75,67,,,,8000,223511.0,0.66,23435.0,,66.74944445162711
114,105,70,71,,,,6000,,,,,104.86212959386695
115,105,70,71,,,,6475,,,,,104.86212959386695
116,105,70,71,,,,8000,,,,,104.86212959386695
117,105,75,71,,,,6000,224747.0,0.46,23382.0,,82.66588712337318
118,105,75,71,,,,6475,226617.0,0.49,23433.0,,82.66588712337318
119,105,75,71,,,,8000,234188.0,0.53,23568.0,,82.66588712337318
120,115,70,59,,,,6000,191909.0,1.0,26062.0,,52.721762416728325
121,115,70,59,,,,6475,193779.0,1.0,26113.0,,52.721762416728325
122,115,70,59,,,,8000,201350.0,1.0,26248.0,,52.721762416728325
123,115,75,59,,,,6000,192045.0,1.0,26051.0,,38.6293687458052
124,115,75,59,,,,6475,193915.0,1.0,26101.0,,38.6293687458052
125,115,75,59,,,,8000,201486.0,1.0,26237.0,,38.6293687458052
126,115,70,63,,,,6000,195214.0,0.65,26048.0,,68.68656766716235
127,115,70,63,,,,6475,197084.0,0.68,26099.0,,68.68656766716235
128,115,70,63,,,,8000,204655.0,0.72,26234.0,,68.68656766716235
129,115,75,63,,,,6000,195350.0,0.77,26037.0,,52.11286489029116
130,115,75,63,,,,6475,197220.0,0.8,26088.0,,52.11286489029116
131,115,75,63,,,,8000,204791.0,1.0,26223.0,,52.11286489029116
132,115,70,67,,,,6000,202204.0,0.52,26018.0,,86.01665325663092
133,115,70,67,,,,6475,204074.0,0.55,26069.0,,86.01665325663092
134,115,70,67,,,,8000,211645.0,0.59,26204.0,,86.01665325663092
135,115,75,67,,,,6000,202340.0,0.64,26007.0,,66.74944445162711
136,115,75,67,,,,6475,204210.0,0.67,26058.0,,66.74944445162711
137,115,75,67,,,,8000,211781.0,0.71,26193.0,,66.74944445162711
138,115,70,71,,,,6000,,,,,104.86212959386695
139,115,70,71,,,,6475,,,,,104.86212959386695
140,115,70,71,,,,8000,,,,,104.86212959386695
141,115,75,71,,,,6000,213018.0,0.51,26140.0,,82.66588712337318
142,115,75,71,,,,6475,214888.0,0.54,26191.0,,82.66588712337318
143,115,75,71,,,,8000,222459.0,0.58,26326.0,,82.66588712337318
0,65,80,59,,,,6000,236552.0,0.84,15159.0,,27.740174916877326
1,65,80,59,,,,6475,238422.0,0.87,15209.0,,27.740174916877326
2,65,80,59,,,,8000,245993.0,1.0,15345.0,,27.740174916877326
3,65,85,59,,,,6000,240495.0,1.0,15192.0,,19.33867393480812
4,65,85,59,,,,6475,242365.0,1.0,15243.0,,19.33867393480812
5,65,85,59,,,,8000,249936.0,1.0,15378.0,,19.33867393480812
6,65,80,63,,,,6000,239857.0,0.77,15145.0,,39.167641557516895
7,65,80,63,,,,6475,241727.0,0.8,15196.0,,39.167641557516895
8,65,80,63,,,,8000,249298.0,0.84,15331.0,,39.167641557516895
9,65,85,63,,,,6000,243800.0,0.87,15178.0,,29.0562938284468
10,65,85,63,,,,6475,245670.0,0.9,15229.0,,29.0562938284468
11,65,85,63,,,,8000,253241.0,0.94,15364.0,,29.0562938284468
12,65,80,67,,,,6000,246847.0,0.64,15115.0,,51.57236381040482
13,65,80,67,,,,6475,248717.0,0.67,15166.0,,51.57236381040482
14,65,80,67,,,,8000,256289.0,0.71,15301.0,,51.57236381040482
15,65,85,67,,,,6000,250790.0,0.74,15149.0,,39.60494643278111
16,65,85,67,,,,6475,252660.0,0.77,15199.0,,39.60494643278111
17,65,85,67,,,,8000,260231.0,0.81,15335.0,,39.60494643278111
18,65,80,71,,,,6000,257525.0,0.51,15248.0,,65.06178938074635
19,65,80,71,,,,6475,259395.0,0.54,15299.0,,65.06178938074635
20,65,80,71,,,,8000,266966.0,0.58,15434.0,,65.06178938074635
21,65,85,71,,,,6000,261468.0,0.6,15282.0,,51.07600247681543
22,65,85,71,,,,6475,263338.0,0.63,15333.0,,51.07600247681543
23,65,85,71,,,,8000,270909.0,0.68,15468.0,,51.07600247681543
24,75,80,59,,,,6000,234457.0,1.0,16901.0,,27.740174916877326
25,75,80,59,,,,6475,236328.0,1.0,16952.0,,27.740174916877326
26,75,80,59,,,,8000,243899.0,1.0,17087.0,,27.740174916877326
27,75,85,59,,,,6000,238400.0,1.0,16934.0,,19.33867393480812
28,75,85,59,,,,6475,240270.0,1.0,16985.0,,19.33867393480812
29,75,85,59,,,,8000,247841.0,1.0,17120.0,,19.33867393480812
30,75,80,63,,,,6000,237763.0,0.78,16887.0,,39.167641557516895
31,75,80,63,,,,6475,239633.0,0.81,16938.0,,39.167641557516895
32,75,80,63,,,,8000,247204.0,0.85,17073.0,,39.167641557516895
33,75,85,63,,,,6000,241705.0,0.87,16920.0,,29.0562938284468
34,75,85,63,,,,6475,243575.0,0.9,16971.0,,29.0562938284468
35,75,85,63,,,,8000,251147.0,1.0,17106.0,,29.0562938284468
36,75,80,67,,,,6000,244753.0,0.65,16857.0,,51.57236381040482
37,75,80,67,,,,6475,246623.0,0.68,16908.0,,51.57236381040482
38,75,80,67,,,,8000,254194.0,0.72,17043.0,,51.57236381040482
39,75,85,67,,,,6000,248696.0,0.74,16891.0,,39.60494643278111
40,75,85,67,,,,6475,250566.0,0.77,16941.0,,39.60494643278111
41,75,85,67,,,,8000,258137.0,0.82,17077.0,,39.60494643278111
42,75,80,71,,,,6000,255430.0,0.51,16991.0,,65.06178938074635
43,75,80,71,,,,6475,257300.0,0.54,17041.0,,65.06178938074635
44,75,80,71,,,,8000,264871.0,0.59,17177.0,,65.06178938074635
45,75,85,71,,,,6000,259373.0,0.61,17024.0,,51.07600247681543
46,75,85,71,,,,6475,261243.0,0.64,17075.0,,51.07600247681543
47,75,85,71,,,,8000,268814.0,0.68,17210.0,,51.07600247681543
48,85,80,59,,,,6000,228347.0,1.0,18845.0,,27.740174916877326
49,85,80,59,,,,6475,230217.0,1.0,18896.0,,27.740174916877326
50,85,80,59,,,,8000,237788.0,1.0,19031.0,,27.740174916877326
51,85,85,59,,,,6000,232290.0,1.0,18879.0,,19.33867393480812
52,85,85,59,,,,6475,234160.0,1.0,18930.0,,19.33867393480812
53,85,85,59,,,,8000,241731.0,1.0,19065.0,,19.33867393480812
54,85,80,63,,,,6000,231652.0,0.8,18832.0,,39.167641557516895
55,85,80,63,,,,6475,233522.0,0.83,18883.0,,39.167641557516895
56,85,80,63,,,,8000,241093.0,0.87,19018.0,,39.167641557516895
57,85,85,63,,,,6000,235595.0,1.0,18865.0,,29.0562938284468
58,85,85,63,,,,6475,237465.0,1.0,18916.0,,29.0562938284468
59,85,85,63,,,,8000,245036.0,1.0,19051.0,,29.0562938284468
60,85,80,67,,,,6000,238642.0,0.67,18802.0,,51.57236381040482
61,85,80,67,,,,6475,240512.0,0.7,18853.0,,51.57236381040482
62,85,80,67,,,,8000,248084.0,0.74,18988.0,,51.57236381040482
63,85,85,67,,,,6000,242585.0,0.77,18835.0,,39.60494643278111
64,85,85,67,,,,6475,244455.0,0.8,18886.0,,39.60494643278111
65,85,85,67,,,,8000,252026.0,0.84,19021.0,,39.60494643278111
66,85,80,71,,,,6000,249320.0,0.54,18935.0,,65.06178938074635
67,85,80,71,,,,6475,251190.0,0.57,18986.0,,65.06178938074635
68,85,80,71,,,,8000,258761.0,0.61,19121.0,,65.06178938074635
69,85,85,71,,,,6000,253263.0,0.63,18969.0,,51.07600247681543
70,85,85,71,,,,6475,255133.0,0.66,19019.0,,51.07600247681543
71,85,85,71,,,,8000,262704.0,0.7,19155.0,,51.07600247681543
72,95,80,59,,,,6000,217834.0,1.0,20950.0,,27.740174916877326
73,95,80,59,,,,6475,219704.0,1.0,21001.0,,27.740174916877326
74,95,80,59,,,,8000,227276.0,1.0,21136.0,,27.740174916877326
75,95,85,59,,,,6000,221777.0,1.0,20983.0,,19.33867393480812
76,95,85,59,,,,6475,223647.0,1.0,21034.0,,19.33867393480812
77,95,85,59,,,,8000,231218.0,1.0,21169.0,,19.33867393480812
78,95,80,63,,,,6000,221139.0,0.82,20936.0,,39.167641557516895
79,95,80,63,,,,6475,223009.0,0.85,20987.0,,39.167641557516895
80,95,80,63,,,,8000,230581.0,1.0,21122.0,,39.167641557516895
81,95,85,63,,,,6000,225082.0,1.0,20970.0,,29.0562938284468
82,95,85,63,,,,6475,226952.0,1.0,21020.0,,29.0562938284468
83,95,85,63,,,,8000,234523.0,1.0,21156.0,,29.0562938284468
84,95,80,67,,,,6000,228130.0,0.69,20906.0,,51.57236381040482
85,95,80,67,,,,6475,230000.0,0.72,20957.0,,51.57236381040482
86,95,80,67,,,,8000,237571.0,0.76,21092.0,,51.57236381040482
87,95,85,67,,,,6000,232072.0,0.79,20940.0,,39.60494643278111
88,95,85,67,,,,6475,233942.0,0.82,20991.0,,39.60494643278111
89,95,85,67,,,,8000,241514.0,0.86,21126.0,,39.60494643278111
90,95,80,71,,,,6000,238807.0,0.55,21040.0,,65.06178938074635
91,95,80,71,,,,6475,240677.0,0.58,21090.0,,65.06178938074635
92,95,80,71,,,,8000,248248.0,0.63,21226.0,,65.06178938074635
93,95,85,71,,,,6000,242750.0,0.65,21073.0,,51.07600247681543
94,95,85,71,,,,6475,244620.0,0.68,21124.0,,51.07600247681543
95,95,85,71,,,,8000,252191.0,0.72,21259.0,,51.07600247681543
96,105,80,59,,,,6000,204986.0,1.0,23301.0,,27.740174916877326
97,105,80,59,,,,6475,206856.0,1.0,23352.0,,27.740174916877326
98,105,80,59,,,,8000,214428.0,1.0,23487.0,,27.740174916877326
99,105,85,59,,,,6000,208929.0,1.0,23335.0,,19.33867393480812
100,105,85,59,,,,6475,210799.0,1.0,23385.0,,19.33867393480812
101,105,85,59,,,,8000,218370.0,1.0,23521.0,,19.33867393480812
102,105,80,63,,,,6000,208291.0,1.0,23287.0,,39.167641557516895
103,105,80,63,,,,6475,210161.0,1.0,23338.0,,39.167641557516895
104,105,80,63,,,,8000,217733.0,1.0,23473.0,,39.167641557516895
105,105,85,63,,,,6000,212234.0,1.0,23321.0,,29.0562938284468
106,105,85,63,,,,6475,214104.0,1.0,23372.0,,29.0562938284468
107,105,85,63,,,,8000,221675.0,1.0,23507.0,,29.0562938284468
108,105,80,67,,,,6000,215282.0,0.71,23258.0,,51.57236381040482
109,105,80,67,,,,6475,217152.0,0.74,23308.0,,51.57236381040482
110,105,80,67,,,,8000,224723.0,0.78,23444.0,,51.57236381040482
111,105,85,67,,,,6000,219224.0,0.81,23291.0,,39.60494643278111
112,105,85,67,,,,6475,221094.0,0.84,23342.0,,39.60494643278111
113,105,85,67,,,,8000,228666.0,0.88,23477.0,,39.60494643278111
114,105,80,71,,,,6000,225959.0,0.58,23391.0,,65.06178938074635
115,105,80,71,,,,6475,227829.0,0.61,23442.0,,65.06178938074635
116,105,80,71,,,,8000,235400.0,0.65,23577.0,,65.06178938074635
117,105,85,71,,,,6000,229902.0,0.67,23424.0,,51.07600247681543
118,105,85,71,,,,6475,231772.0,0.7,23475.0,,51.07600247681543
119,105,85,71,,,,8000,239343.0,0.74,23610.0,,51.07600247681543
120,115,80,59,,,,6000,193257.0,1.0,26060.0,,27.740174916877326
121,115,80,59,,,,6475,195127.0,1.0,26111.0,,27.740174916877326
122,115,80,59,,,,8000,202698.0,1.0,26246.0,,27.740174916877326
123,115,85,59,,,,6000,197200.0,1.0,26093.0,,19.33867393480812
124,115,85,59,,,,6475,199070.0,1.0,26144.0,,19.33867393480812
125,115,85,59,,,,8000,206641.0,1.0,26279.0,,19.33867393480812
126,115,80,63,,,,6000,196562.0,1.0,26046.0,,39.167641557516895
127,115,80,63,,,,6475,198432.0,1.0,26097.0,,39.167641557516895
128,115,80,63,,,,8000,206003.0,1.0,26232.0,,39.167641557516895
129,115,85,63,,,,6000,200505.0,1.0,26079.0,,29.0562938284468
130,115,85,63,,,,6475,202375.0,1.0,26130.0,,29.0562938284468
131,115,85,63,,,,8000,209946.0,1.0,26265.0,,29.0562938284468
132,115,80,67,,,,6000,203552.0,0.76,26016.0,,51.57236381040482
133,115,80,67,,,,6475,205423.0,0.79,26067.0,,51.57236381040482
134,115,80,67,,,,8000,212994.0,0.83,26202.0,,51.57236381040482
135,115,85,67,,,,6000,207495.0,0.86,26050.0,,39.60494643278111
136,115,85,67,,,,6475,209365.0,1.0,26100.0,,39.60494643278111
137,115,85,67,,,,8000,216936.0,1.0,26236.0,,39.60494643278111
138,115,80,71,,,,6000,214230.0,0.62,26150.0,,65.06178938074635
139,115,80,71,,,,6475,216100.0,0.65,26200.0,,65.06178938074635
140,115,80,71,,,,8000,223671.0,0.7,26336.0,,65.06178938074635
141,115,85,71,,,,6000,218173.0,0.72,26183.0,,51.07600247681543
142,115,85,71,,,,6475,220043.0,0.75,26234.0,,51.07600247681543
143,115,85,71,,,,8000,227614.0,0.79,26369.0,,51.07600247681543
0,65,70,59,,,,7500,296034.0,0.58,21453.0,,52.721762416728325
1,65,70,59,,,,8250,298920.0,0.61,21538.0,,52.721762416728325
2,65,70,59,,,,10000,307364.0,0.65,21702.0,,52.721762416728325
3,65,75,59,,,,7500,296206.0,0.7,21438.0,,38.6293687458052
4,65,75,59,,,,8250,299092.0,0.73,21523.0,,38.6293687458052
5,65,75,59,,,,10000,307536.0,0.77,21687.0,,38.6293687458052
6,65,70,63,,,,7500,300201.0,0.51,21434.0,,68.68656766716235
7,65,70,63,,,,8250,303087.0,0.54,21520.0,,68.68656766716235
8,65,70,63,,,,10000,311531.0,0.58,21684.0,,68.68656766716235
9,65,75,63,,,,7500,300373.0,0.63,21419.0,,52.11286489029116
10,65,75,63,,,,8250,303259.0,0.66,21505.0,,52.11286489029116
11,65,75,63,,,,10000,311703.0,0.7,21669.0,,52.11286489029116
12,65,70,67,,,,7500,309015.0,0.38,21395.0,,86.01665325663092
13,65,70,67,,,,8250,311901.0,0.42,21480.0,,86.01665325663092
14,65,70,67,,,,10000,320345.0,0.46,21644.0,,86.01665325663092
15,65,75,67,,,,7500,309187.0,0.5,21380.0,,66.74944445162711
16,65,75,67,,,,8250,312073.0,0.54,21465.0,,66.74944445162711
17,65,75,67,,,,10000,320517.0,0.58,21629.0,,66.74944445162711
18,65,70,71,,,,7500,,,,,104.86212959386695
19,65,70,71,,,,8250,,,,,104.86212959386695
20,65,70,71,,,,10000,,,,,104.86212959386695
21,65,75,71,,,,7500,322650.0,0.37,21557.0,,82.66588712337318
22,65,75,71,,,,8250,325536.0,0.41,21643.0,,82.66588712337318
23,65,75,71,,,,10000,333980.0,0.45,21807.0,,82.66588712337318
24,75,70,59,,,,7500,293393.0,0.58,23779.0,,52.721762416728325
25,75,70,59,,,,8250,296279.0,0.62,23864.0,,52.721762416728325
26,75,70,59,,,,10000,304723.0,0.66,24028.0,,52.721762416728325
27,75,75,59,,,,7500,293564.0,0.7,23764.0,,38.6293687458052
28,75,75,59,,,,8250,296450.0,0.74,23849.0,,38.6293687458052
29,75,75,59,,,,10000,304895.0,0.78,24013.0,,38.6293687458052
30,75,70,63,,,,7500,297560.0,0.51,23761.0,,68.68656766716235
31,75,70,63,,,,8250,300446.0,0.55,23846.0,,68.68656766716235
32,75,70,63,,,,10000,308890.0,0.59,24010.0,,68.68656766716235
33,75,75,63,,,,7500,297732.0,0.63,23746.0,,52.11286489029116
34,75,75,63,,,,8250,300618.0,0.67,23831.0,,52.11286489029116
35,75,75,63,,,,10000,309062.0,0.71,23995.0,,52.11286489029116
36,75,70,67,,,,7500,306374.0,0.39,23721.0,,86.01665325663092
37,75,70,67,,,,8250,309260.0,0.42,23806.0,,86.01665325663092
38,75,70,67,,,,10000,317704.0,0.47,23970.0,,86.01665325663092
39,75,75,67,,,,7500,306546.0,0.51,23706.0,,66.74944445162711
40,75,75,67,,,,8250,309431.0,0.54,23791.0,,66.74944445162711
41,75,75,67,,,,10000,317876.0,0.58,23955.0,,66.74944445162711
42,75,70,71,,,,7500,,,,,104.86212959386695
43,75,70,71,,,,8250,,,,,104.86212959386695
44,75,70,71,,,,10000,,,,,104.86212959386695
45,75,75,71,,,,7500,320009.0,0.37,23884.0,,82.66588712337318
46,75,75,71,,,,8250,322895.0,0.41,23969.0,,82.66588712337318
47,75,75,71,,,,10000,331339.0,0.45,24133.0,,82.66588712337318
48,85,70,59,,,,7500,285688.0,0.61,26376.0,,52.721762416728325
49,85,70,59,,,,8250,288574.0,0.64,26461.0,,52.721762416728325
50,85,70,59,,,,10000,297019.0,0.68,26625.0,,52.721762416728325
51,85,75,59,,,,7500,285860.0,0.72,26360.0,,38.6293687458052
52,85,75,59,,,,8250,288746.0,0.76,26446.0,,38.6293687458052
53,85,75,59,,,,10000,297191.0,1.0,26610.0,,38.6293687458052
54,85,70,63,,,,7500,289855.0,0.54,26357.0,,68.68656766716235
55,85,70,63,,,,8250,292741.0,0.57,26443.0,,68.68656766716235
56,85,70,63,,,,10000,301186.0,0.61,26607.0,,68.68656766716235
57,85,75,63,,,,7500,290027.0,0.65,26342.0,,52.11286489029116
58,85,75,63,,,,8250,292913.0,0.69,26427.0,,52.11286489029116
59,85,75,63,,,,10000,301358.0,0.73,26592.0,,52.11286489029116
60,85,70,67,,,,7500,298669.0,0.41,26318.0,,86.01665325663092
61,85,70,67,,,,8250,301555.0,0.45,26403.0,,86.01665325663092
62,85,70,67,,,,10000,310000.0,0.49,26567.0,,86.01665325663092
63,85,75,67,,,,7500,298841.0,0.53,26302.0,,66.74944445162711
64,85,75,67,,,,8250,301727.0,0.57,26388.0,,66.74944445162711
65,85,75,67,,,,10000,310172.0,0.61,26552.0,,66.74944445162711
66,85,70,71,,,,7500,,,,,104.86212959386695
67,85,70,71,,,,8250,,,,,104.86212959386695
68,85,70,71,,,,10000,,,,,104.86212959386695
69,85,75,71,,,,7500,312304.0,0.4,26480.0,,82.66588712337318
70,85,75,71,,,,8250,315190.0,0.43,26566.0,,82.66588712337318
71,85,75,71,,,,10000,323635.0,0.48,26730.0,,82.66588712337318
72,95,70,59,,,,7500,272433.0,0.62,29186.0,,52.721762416728325
73,95,70,59,,,,8250,275319.0,0.66,29271.0,,52.721762416728325
74,95,70,59,,,,10000,283763.0,0.7,29435.0,,52.721762416728325
75,95,75,59,,,,7500,272605.0,1.0,29171.0,,38.6293687458052
76,95,75,59,,,,8250,275491.0,1.0,29256.0,,38.6293687458052
77,95,75,59,,,,10000,283935.0,1.0,29420.0,,38.6293687458052
78,95,70,63,,,,7500,276600.0,0.55,29167.0,,68.68656766716235
79,95,70,63,,,,8250,279486.0,0.59,29253.0,,68.68656766716235
80,95,70,63,,,,10000,287931.0,0.63,29417.0,,68.68656766716235
81,95,75,63,,,,7500,276772.0,0.67,29152.0,,52.11286489029116
82,95,75,63,,,,8250,279658.0,0.71,29237.0,,52.11286489029116
83,95,75,63,,,,10000,288103.0,0.75,29402.0,,52.11286489029116
84,95,70,67,,,,7500,285414.0,0.43,29128.0,,86.01665325663092
85,95,70,67,,,,8250,288300.0,0.47,29213.0,,86.01665325663092
86,95,70,67,,,,10000,296744.0,0.51,29377.0,,86.01665325663092
87,95,75,67,,,,7500,285586.0,0.55,29112.0,,66.74944445162711
88,95,75,67,,,,8250,288472.0,0.58,29198.0,,66.74944445162711
89,95,75,67,,,,10000,296916.0,0.63,29362.0,,66.74944445162711
90,95,70,71,,,,7500,,,,,104.86212959386695
91,95,70,71,,,,8250,,,,,104.86212959386695
92,95,70,71,,,,10000,,,,,104.86212959386695
93,95,75,71,,,,7500,299049.0,0.42,29290.0,,82.66588712337318
94,95,75,71,,,,8250,301935.0,0.45,29376.0,,82.66588712337318
95,95,75,71,,,,10000,310379.0,0.49,29540.0,,82.66588712337318
96,105,70,59,,,,7500,256233.0,0.64,32325.0,,52.721762416728325
97,105,70,59,,,,8250,259119.0,0.68,32410.0,,52.721762416728325
98,105,70,59,,,,10000,267564.0,1.0,32575.0,,52.721762416728325
99,105,75,59,,,,7500,256405.0,1.0,32310.0,,38.6293687458052
100,105,75,59,,,,8250,259291.0,1.0,32395.0,,38.6293687458052
101,105,75,59,,,,10000,267736.0,1.0,32560.0,,38.6293687458052
102,105,70,63,,,,7500,260400.0,0.57,32307.0,,68.68656766716235
103,105,70,63,,,,8250,263286.0,0.61,32392.0,,68.68656766716235
104,105,70,63,,,,10000,271731.0,0.65,32556.0,,68.68656766716235
105,105,75,63,,,,7500,260572.0,0.69,32292.0,,52.11286489029116
106,105,75,63,,,,8250,263458.0,0.73,32377.0,,52.11286489029116
107,105,75,63,,,,10000,271903.0,0.77,32541.0,,52.11286489029116
108,105,70,67,,,,7500,269214.0,0.45,32267.0,,86.01665325663092
109,105,70,67,,,,8250,272100.0,0.49,32352.0,,86.01665325663092
110,105,70,67,,,,10000,280545.0,0.53,32517.0,,86.01665325663092
111,105,75,67,,,,7500,269386.0,0.57,32252.0,,66.74944445162711
112,105,75,67,,,,8250,272272.0,0.6,32337.0,,66.74944445162711
113,105,75,67,,,,10000,280717.0,0.65,32502.0,,66.74944445162711
114,105,70,71,,,,7500,,,,,104.86212959386695
115,105,70,71,,,,8250,,,,,104.86212959386695
116,105,70,71,,,,10000,,,,,104.86212959386695
117,105,75,71,,,,7500,282849.0,0.44,32430.0,,82.66588712337318
118,105,75,71,,,,8250,285735.0,0.47,32515.0,,82.66588712337318
119,105,75,71,,,,10000,294180.0,0.51,32680.0,,82.66588712337318
120,115,70,59,,,,7500,241444.0,1.0,36009.0,,52.721762416728325
121,115,70,59,,,,8250,244330.0,1.0,36094.0,,52.721762416728325
122,115,70,59,,,,10000,252775.0,1.0,36258.0,,52.721762416728325
123,115,75,59,,,,7500,241616.0,1.0,35994.0,,38.6293687458052
124,115,75,59,,,,8250,244502.0,1.0,36079.0,,38.6293687458052
125,115,75,59,,,,10000,252947.0,1.0,36243.0,,38.6293687458052
126,115,70,63,,,,7500,245611.0,0.62,35990.0,,68.68656766716235
127,115,70,63,,,,8250,248497.0,0.66,36076.0,,68.68656766716235
128,115,70,63,,,,10000,256942.0,0.7,36240.0,,68.68656766716235
129,115,75,63,,,,7500,245783.0,0.74,35975.0,,52.11286489029116
130,115,75,63,,,,8250,248669.0,0.78,36060.0,,52.11286489029116
131,115,75,63,,,,10000,257114.0,0.82,36225.0,,52.11286489029116
132,115,70,67,,,,7500,254425.0,0.5,35951.0,,86.01665325663092
133,115,70,67,,,,8250,257311.0,0.53,36036.0,,86.01665325663092
134,115,70,67,,,,10000,265756.0,0.57,36200.0,,86.01665325663092
135,115,75,67,,,,7500,254597.0,0.61,35935.0,,66.74944445162711
136,115,75,67,,,,8250,257483.0,0.65,36021.0,,66.74944445162711
137,115,75,67,,,,10000,265928.0,0.69,36185.0,,66.74944445162711
138,115,70,71,,,,7500,,,,,104.86212959386695
139,115,70,71,,,,8250,,,,,104.86212959386695
140,115,70,71,,,,10000,,,,,104.86212959386695
141,115,75,71,,,,7500,268060.0,0.48,36113.0,,82.66588712337318
142,115,75,71,,,,8250,270946.0,0.52,36199.0,,82.66588712337318
143,115,75,71,,,,10000,279391.0,0.56,36363.0,,82.66588712337318
0,65,80,59,,,,7500,297734.0,0.81,21450.0,,27.740174916877326
1,65,80,59,,,,8250,300620.0,0.85,21535.0,,27.740174916877326
2,65,80,59,,,,10000,309065.0,0.89,21699.0,,27.740174916877326
3,65,85,59,,,,7500,302705.0,1.0,21494.0,,19.33867393480812
4,65,85,59,,,,8250,305591.0,1.0,21580.0,,19.33867393480812
5,65,85,59,,,,10000,314036.0,1.0,21744.0,,19.33867393480812
6,65,80,63,,,,7500,301901.0,0.74,21432.0,,39.167641557516895
7,65,80,63,,,,8250,304787.0,0.78,21517.0,,39.167641557516895
8,65,80,63,,,,10000,313232.0,0.82,21681.0,,39.167641557516895
9,65,85,63,,,,7500,306873.0,0.83,21476.0,,29.0562938284468
10,65,85,63,,,,8250,309759.0,0.87,21561.0,,29.0562938284468
11,65,85,63,,,,10000,318203.0,0.91,21726.0,,29.0562938284468
12,65,80,67,,,,7500,310715.0,0.62,21392.0,,51.57236381040482
13,65,80,67,,,,8250,313601.0,0.65,21477.0,,51.57236381040482
14,65,80,67,,,,10000,322046.0,0.69,21641.0,,51.57236381040482
15,65,85,67,,,,7500,315686.0,0.71,21436.0,,39.60494643278111
16,65,85,67,,,,8250,318572.0,0.75,21522.0,,39.60494643278111
17,65,85,67,,,,10000,327017.0,0.79,21686.0,,39.60494643278111
18,65,80,71,,,,7500,324178.0,0.48,21570.0,,65.06178938074635
19,65,80,71,,,,8250,327064.0,0.52,21655.0,,65.06178938074635
20,65,80,71,,,,10000,335509.0,0.56,21819.0,,65.06178938074635
21,65,85,71,,,,7500,329149.0,0.58,21614.0,,51.07600247681543
22,65,85,71,,,,8250,332035.0,0.62,21699.0,,51.07600247681543
23,65,85,71,,,,10000,340480.0,0.66,21864.0,,51.07600247681543
24,75,80,59,,,,7500,295093.0,1.0,23776.0,,27.740174916877326
25,75,80,59,,,,8250,297979.0,1.0,23861.0,,27.740174916877326
26,75,80,59,,,,10000,306423.0,1.0,24026.0,,27.740174916877326
27,75,85,59,,,,7500,300064.0,1.0,23821.0,,19.33867393480812
28,75,85,59,,,,8250,302950.0,1.0,23906.0,,19.33867393480812
29,75,85,59,,,,10000,311395.0,1.0,24070.0,,19.33867393480812
30,75,80,63,,,,7500,299260.0,0.75,23758.0,,39.167641557516895
31,75,80,63,,,,8250,302146.0,0.78,23843.0,,39.167641557516895
32,75,80,63,,,,10000,310591.0,0.82,24007.0,,39.167641557516895
33,75,85,63,,,,7500,304232.0,0.84,23802.0,,29.0562938284468
34,75,85,63,,,,8250,307118.0,0.88,23887.0,,29.0562938284468
35,75,85,63,,,,10000,315562.0,0.92,24052.0,,29.0562938284468
36,75,80,67,,,,7500,308074.0,0.62,23718.0,,51.57236381040482
37,75,80,67,,,,8250,310960.0,0.66,23803.0,,51.57236381040482
38,75,80,67,,,,10000,319404.0,0.7,23968.0,,51.57236381040482
39,75,85,67,,,,7500,313045.0,0.72,23762.0,,39.60494643278111
40,75,85,67,,,,8250,315931.0,0.75,23848.0,,39.60494643278111
41,75,85,67,,,,10000,324376.0,0.79,24012.0,,39.60494643278111
42,75,80,71,,,,7500,321537.0,0.49,23896.0,,65.06178938074635
43,75,80,71,,,,8250,324423.0,0.53,23981.0,,65.06178938074635
44,75,80,71,,,,10000,332868.0,0.57,24145.0,,65.06178938074635
45,75,85,71,,,,7500,326508.0,0.58,23940.0,,51.07600247681543
46,75,85,71,,,,8250,329394.0,0.62,24026.0,,51.07600247681543
47,75,85,71,,,,10000,337839.0,0.66,24190.0,,51.07600247681543
48,85,80,59,,,,7500,287389.0,1.0,26373.0,,27.740174916877326
49,85,80,59,,,,8250,290275.0,1.0,26458.0,,27.740174916877326
50,85,80,59,,,,10000,298719.0,1.0,26622.0,,27.740174916877326
51,85,85,59,,,,7500,292360.0,1.0,26417.0,,19.33867393480812
52,85,85,59,,,,8250,295246.0,1.0,26502.0,,19.33867393480812
53,85,85,59,,,,10000,303690.0,1.0,26667.0,,19.33867393480812
54,85,80,63,,,,7500,291556.0,0.77,26354.0,,39.167641557516895
55,85,80,63,,,,8250,294442.0,0.81,26440.0,,39.167641557516895
56,85,80,63,,,,10000,302886.0,0.85,26604.0,,39.167641557516895
57,85,85,63,,,,7500,296527.0,0.86,26399.0,,29.0562938284468
58,85,85,63,,,,8250,299413.0,0.9,26484.0,,29.0562938284468
59,85,85,63,,,,10000,307858.0,1.0,26648.0,,29.0562938284468
60,85,80,67,,,,7500,300370.0,0.64,26315.0,,51.57236381040482
61,85,80,67,,,,8250,303256.0,0.68,26400.0,,51.57236381040482
62,85,80,67,,,,10000,311700.0,0.72,26564.0,,51.57236381040482
63,85,85,67,,,,7500,305341.0,0.74,26359.0,,39.60494643278111
64,85,85,67,,,,8250,308227.0,0.78,26444.0,,39.60494643278111
65,85,85,67,,,,10000,316671.0,0.82,26609.0,,39.60494643278111
66,85,80,71,,,,7500,313833.0,0.51,26493.0,,65.06178938074635
67,85,80,71,,,,8250,316719.0,0.55,26578.0,,65.06178938074635
68,85,80,71,,,,10000,325163.0,0.59,26742.0,,65.06178938074635
69,85,85,71,,,,7500,318804.0,0.61,26537.0,,51.07600247681543
70,85,85,71,,,,8250,321690.0,0.64,26622.0,,51.07600247681543
71,85,85,71,,,,10000,330134.0,0.68,26787.0,,51.07600247681543
72,95,80,59,,,,7500,274133.0,1.0,29183.0,,27.740174916877326
73,95,80,59,,,,8250,277019.0,1.0,29268.0,,27.740174916877326
74,95,80,59,,,,10000,285464.0,1.0,29432.0,,27.740174916877326
75,95,85,59,,,,7500,279105.0,1.0,29227.0,,19.33867393480812
76,95,85,59,,,,8250,281991.0,1.0,29312.0,,19.33867393480812
77,95,85,59,,,,10000,290435.0,1.0,29477.0,,19.33867393480812
78,95,80,63,,,,7500,278301.0,0.79,29164.0,,39.167641557516895
79,95,80,63,,,,8250,281187.0,0.83,29250.0,,39.167641557516895
80,95,80,63,,,,10000,289631.0,0.87,29414.0,,39.167641557516895
81,95,85,63,,,,7500,283272.0,1.0,29209.0,,29.0562938284468
82,95,85,63,,,,8250,286158.0,1.0,29294.0,,29.0562938284468
83,95,85,63,,,,10000,294602.0,1.0,29458.0,,29.0562938284468
84,95,80,67,,,,7500,287114.0,0.66,29125.0,,51.57236381040482
85,95,80,67,,,,8250,290000.0,0.7,29210.0,,51.57236381040482
86,95,80,67,,,,10000,298445.0,0.74,29374.0,,51.57236381040482
87,95,85,67,,,,7500,292086.0,0.76,29169.0,,39.60494643278111
88,95,85,67,,,,8250,294972.0,0.79,29254.0,,39.60494643278111
89,95,85,67,,,,10000,303416.0,0.83,29419.0,,39.60494643278111
90,95,80,71,,,,7500,300577.0,0.53,29303.0,,65.06178938074635
91,95,80,71,,,,8250,303463.0,0.57,29388.0,,65.06178938074635
92,95,80,71,,,,10000,311908.0,0.61,29552.0,,65.06178938074635
93,95,85,71,,,,7500,305549.0,0.62,29347.0,,51.07600247681543
94,95,85,71,,,,8250,308435.0,0.66,29432.0,,51.07600247681543
95,95,85,71,,,,10000,316879.0,0.7,29597.0,,51.07600247681543
96,105,80,59,,,,7500,257934.0,1.0,32322.0,,27.740174916877326
97,105,80,59,,,,8250,260820.0,1.0,32408.0,,27.740174916877326
98,105,80,59,,,,10000,269264.0,1.0,32572.0,,27.740174916877326
99,105,85,59,,,,7500,262905.0,1.0,32367.0,,19.33867393480812
100,105,85,59,,,,8250,265791.0,1.0,32452.0,,19.33867393480812
101,105,85,59,,,,10000,274236.0,1.0,32616.0,,19.33867393480812
102,105,80,63,,,,7500,262101.0,0.81,32304.0,,39.167641557516895
103,105,80,63,,,,8250,264987.0,0.85,32389.0,,39.167641557516895
104,105,80,63,,,,10000,273431.0,1.0,32554.0,,39.167641557516895
105,105,85,63,,,,7500,267072.0,1.0,32349.0,,29.0562938284468
106,105,85,63,,,,8250,269958.0,1.0,32434.0,,29.0562938284468
107,105,85,63,,,,10000,278403.0,1.0,32598.0,,29.0562938284468
108,105,80,67,,,,7500,270915.0,0.68,32264.0,,51.57236381040482
109,105,80,67,,,,8250,273801.0,0.72,32350.0,,51.57236381040482
110,105,80,67,,,,10000,282245.0,0.76,32514.0,,51.57236381040482
111,105,85,67,,,,7500,275886.0,0.78,32309.0,,39.60494643278111
112,105,85,67,,,,8250,278772.0,0.81,32394.0,,39.60494643278111
113,105,85,67,,,,10000,287217.0,0.85,32558.0,,39.60494643278111
114,105,80,71,,,,7500,284378.0,0.55,32442.0,,65.06178938074635
115,105,80,71,,,,8250,287264.0,0.59,32527.0,,65.06178938074635
116,105,80,71,,,,10000,295708.0,0.63,32692.0,,65.06178938074635
117,105,85,71,,,,7500,289349.0,0.64,32487.0,,51.07600247681543
118,105,85,71,,,,8250,292235.0,0.68,32572.0,,51.07600247681543
119,105,85,71,,,,10000,300680.0,0.72,32736.0,,51.07600247681543
120,115,80,59,,,,7500,243145.0,1.0,36006.0,,27.740174916877326
121,115,80,59,,,,8250,246031.0,1.0,36091.0,,27.740174916877326
122,115,80,59,,,,10000,254475.0,1.0,36255.0,,27.740174916877326
123,115,85,59,,,,7500,248116.0,1.0,36050.0,,19.33867393480812
124,115,85,59,,,,8250,251002.0,1.0,36136.0,,19.33867393480812
125,115,85,59,,,,10000,259447.0,1.0,36300.0,,19.33867393480812
126,115,80,63,,,,7500,247312.0,1.0,35988.0,,39.167641557516895
127,115,80,63,,,,8250,250198.0,1.0,36073.0,,39.167641557516895
128,115,80,63,,,,10000,258642.0,1.0,36237.0,,39.167641557516895
129,115,85,63,,,,7500,252283.0,1.0,36032.0,,29.0562938284468
130,115,85,63,,,,8250,255169.0,1.0,36117.0,,29.0562938284468
131,115,85,63,,,,10000,263614.0,1.0,36282.0,,29.0562938284468
132,115,80,67,,,,7500,256126.0,0.73,35948.0,,51.57236381040482
133,115,80,67,,,,8250,259012.0,0.77,36033.0,,51.57236381040482
134,115,80,67,,,,10000,267456.0,0.81,36197.0,,51.57236381040482
135,115,85,67,,,,7500,261097.0,0.82,35992.0,,39.60494643278111
136,115,85,67,,,,8250,263983.0,0.861,36077.0,,39.60494643278111
137,115,85,67,,,,10000,272428.0,0.9,36242.0,,39.60494643278111
138,115,80,71,,,,7500,269589.0,0.6,36126.0,,65.06178938074635
139,115,80,71,,,,8250,272475.0,0.64,36211.0,,65.06178938074635
140,115,80,71,,,,10000,280919.0,0.68,36375.0,,65.06178938074635
141,115,85,71,,,,7500,274560.0,0.69,36170.0,,51.07600247681543
142,115,85,71,,,,8250,277446.0,0.73,36255.0,,51.07600247681543
143,115,85,71,,,,10000,285891.0,0.77,36420.0,,51.07600247681543
