,OADB,IDB,IWB,RH,MBH,Sensible MBH,kW,airflow,SFP,OFP,,ESP,BHP,FME,S2T,W
0,65,70,59,52.72176242,175388,103478.92,10.925,4500,433.1964,,DFC180,0.35,0.5197,0.895,0.59,10925
1,65,70,59,52.72176242,177290,111692.7,10.984,5010,467.0085,,,0.35,0.5603,0.895,0.63,10984
2,65,70,59,52.72176242,181904,121875.68,11.078,6000,867.8291,,,0.35,1.0412,0.895,0.67,11078
3,65,75,59,38.62936875,175490,124597.9,10.916,4500,433.1964,,,0.35,0.5197,0.895,0.71,10916
4,65,75,59,38.62936875,177392,133044,10.975,5010,467.0085,,,0.35,0.5603,0.895,0.75,10975
5,65,75,59,38.62936875,182006,143784.74,11.069,6000,867.8291,,,0.35,1.0412,0.895,0.79,11069
6,65,70,63,68.68656767,177859,92486.68,10.914,4500,433.1964,,,0.35,0.5197,0.895,0.52,10914
7,65,70,63,68.68656767,179762,100666.72,10.973,5010,467.0085,,,0.35,0.5603,0.895,0.56,10973
8,65,70,63,68.68656767,184376,110625.6,11.067,6000,867.8291,,,0.35,1.0412,0.895,0.6,11067
9,65,75,63,52.11286489,177961,113895.04,10.905,4500,433.1964,,,0.35,0.5197,0.895,0.64,10905
10,65,75,63,52.11286489,179864,122307.52,10.964,5010,467.0085,,,0.35,0.5603,0.895,0.68,10964
11,65,75,63,52.11286489,184478,132824.16,11.058,6000,867.8291,,,0.35,1.0412,0.895,0.72,11058
12,65,70,67,86.01665326,183087,71403.93,10.89,4500,433.1964,,,0.35,0.5197,0.895,0.39,10890
13,65,70,67,86.01665326,184989,79545.27,10.949,5010,467.0085,,,0.35,0.5603,0.895,0.43,10949
14,65,70,67,86.01665326,189603,89113.41,11.043,6000,867.8291,,,0.35,1.0412,0.895,0.47,11043
15,65,75,67,66.74944445,183189,93426.39,10.881,4500,433.1964,,,0.35,0.5197,0.895,0.51,10881
16,65,75,67,66.74944445,185091,101800.05,10.94,5010,467.0085,,,0.35,0.5603,0.895,0.55,10940
17,65,75,67,66.74944445,189705,111925.95,11.034,6000,867.8291,,,0.35,1.0412,0.895,0.59,11034
18,65,70,71,104.8621296,,0,0,4500,0,,,,,0.895,,
19,65,70,71,104.8621296,,0,0,5010,0,,,,,0.895,,
20,65,70,71,104.8621296,,0,0,6000,0,,,,,0.895,,
21,65,75,71,82.66588712,191174,70734.38,10.989,4500,433.1964,,,0.35,0.5197,0.895,0.37,10989
22,65,75,71,82.66588712,193076,81091.92,11.048,5010,467.0085,,,0.35,0.5603,0.895,0.42,11048
23,65,75,71,82.66588712,197690,90937.4,11.142,6000,867.8291,,,0.35,1.0412,0.895,0.46,11142
24,75,70,59,52.72176242,173821,102554.39,12.346,4500,433.1964,,,0.35,0.5197,0.895,0.59,12346
25,75,70,59,52.72176242,175724,112463.36,12.404,5010,467.0085,,,0.35,0.5603,0.895,0.64,12404
26,75,70,59,52.72176242,180338,122629.84,12.499,6000,867.8291,,,0.35,1.0412,0.895,0.68,12499
27,75,75,59,38.62936875,173923,125224.56,12.336,4500,433.1964,,,0.35,0.5197,0.895,0.72,12336
28,75,75,59,38.62936875,175826,133627.76,12.395,5010,467.0085,,,0.35,0.5603,0.895,0.76,12395
29,75,75,59,38.62936875,180440,144352,12.489,6000,867.8291,,,0.35,1.0412,0.895,0.8,12489
30,75,70,63,68.68656767,176293,91672.36,12.334,4500,433.1964,,,0.35,0.5197,0.895,0.52,12334
31,75,70,63,68.68656767,178195,101571.15,12.393,5010,467.0085,,,0.35,0.5603,0.895,0.57,12393
32,75,70,63,68.68656767,182809,111513.49,12.487,6000,867.8291,,,0.35,1.0412,0.895,0.61,12487
33,75,75,63,52.11286489,176395,112892.8,12.325,4500,433.1964,,,0.35,0.5197,0.895,0.64,12325
34,75,75,63,52.11286489,178297,123024.93,12.384,5010,467.0085,,,0.35,0.5603,0.895,0.69,12384
35,75,75,63,52.11286489,182911,133525.03,12.478,6000,867.8291,,,0.35,1.0412,0.895,0.73,12478
36,75,70,67,86.01665326,181521,70793.19,12.31,4500,433.1964,,,0.35,0.5197,0.895,0.39,12310
37,75,70,67,86.01665326,183423,80706.12,12.369,5010,467.0085,,,0.35,0.5603,0.895,0.44,12369
38,75,70,67,86.01665326,188037,90257.76,12.463,6000,867.8291,,,0.35,1.0412,0.895,0.48,12463
39,75,75,67,66.74944445,181623,92627.73,12.301,4500,433.1964,,,0.35,0.5197,0.895,0.51,12301
40,75,75,67,66.74944445,183525,102774,12.36,5010,467.0085,,,0.35,0.5603,0.895,0.56,12360
41,75,75,67,66.74944445,188139,112883.4,12.454,6000,867.8291,,,0.35,1.0412,0.895,0.6,12454
42,75,70,71,104.8621296,,0,0,4500,0,,,,,0.895,,
43,75,70,71,104.8621296,,0,0,5010,0,,,,,0.895,,
44,75,70,71,104.8621296,,0,0,6000,0,,,,,0.895,,
45,75,75,71,82.66588712,189608,72051.04,12.41,4500,433.1964,,,0.35,0.5197,0.895,0.38,12410
46,75,75,71,82.66588712,191510,80434.2,12.468,5010,467.0085,,,0.35,0.5603,0.895,0.42,12468
47,75,75,71,82.66588712,196124,90217.04,12.563,6000,867.8291,,,0.35,1.0412,0.895,0.46,12563
48,85,70,59,52.72176242,169252,104936.24,13.931,4500,433.1964,,,0.35,0.5197,0.895,0.62,13931
49,85,70,59,52.72176242,171154,112961.64,13.99,5010,467.0085,,,0.35,0.5603,0.895,0.66,13990
50,85,70,59,52.72176242,175768,123037.6,14.084,6000,867.8291,,,0.35,1.0412,0.895,0.7,14084
51,85,75,59,38.62936875,169354,125321.96,13.922,4500,433.1964,,,0.35,0.5197,0.895,0.74,13922
52,85,75,59,38.62936875,171256,133579.68,13.981,5010,467.0085,,,0.35,0.5603,0.895,0.78,13981
53,85,75,59,38.62936875,175870,144213.4,14.075,6000,867.8291,,,0.35,1.0412,0.895,0.82,14075
54,85,70,63,68.68656767,171724,92730.96,13.92,4500,433.1964,,,0.35,0.5197,0.895,0.54,13920
55,85,70,63,68.68656767,173626,102439.34,13.979,5010,467.0085,,,0.35,0.5603,0.895,0.59,13979
56,85,70,63,68.68656767,178240,112291.2,14.073,6000,867.8291,,,0.35,1.0412,0.895,0.63,14073
57,85,75,63,52.11286489,171826,115123.42,13.911,4500,433.1964,,,0.35,0.5197,0.895,0.67,13911
58,85,75,63,52.11286489,173728,123346.88,13.969,5010,467.0085,,,0.35,0.5603,0.895,0.71,13969
59,85,75,63,52.11286489,178342,133756.5,14.063,6000,867.8291,,,0.35,1.0412,0.895,0.75,14063
60,85,70,67,86.01665326,176951,74319.42,13.896,4500,433.1964,,,0.35,0.5197,0.895,0.42,13896
61,85,70,67,86.01665326,178853,82272.38,13.954,5010,467.0085,,,0.35,0.5603,0.895,0.46,13954
62,85,70,67,86.01665326,183467,91733.5,14.048,6000,867.8291,,,0.35,1.0412,0.895,0.5,14048
63,85,75,67,66.74944445,177053,95608.62,13.886,4500,433.1964,,,0.35,0.5197,0.895,0.54,13886
64,85,75,67,66.74944445,178955,103793.9,13.945,5010,467.0085,,,0.35,0.5603,0.895,0.58,13945
65,85,75,67,66.74944445,183569,113812.78,14.039,6000,867.8291,,,0.35,1.0412,0.895,0.62,14039
66,85,70,71,104.8621296,,0,0,4500,0,,,,,0.895,,
67,85,70,71,104.8621296,,0,0,5010,0,,,,,0.895,,
68,85,70,71,104.8621296,,0,0,6000,0,,,,,0.895,,
69,85,75,71,82.66588712,185038,74015.2,13.995,4500,433.1964,,,0.35,0.5197,0.895,0.4,13995
70,85,75,71,82.66588712,186940,84123,14.054,5010,467.0085,,,0.35,0.5603,0.895,0.45,14054
71,85,75,71,82.66588712,191554,93861.46,14.148,6000,867.8291,,,0.35,1.0412,0.895,0.49,14148
72,95,70,59,52.72176242,161390,103289.6,15.647,4500,433.1964,,,0.35,0.5197,0.895,0.64,15647
73,95,70,59,52.72176242,163292,111038.56,15.705,5010,467.0085,,,0.35,0.5603,0.895,0.68,15705
74,95,70,59,52.72176242,167906,120892.32,15.799,6000,867.8291,,,0.35,1.0412,0.895,0.72,15799
75,95,75,59,38.62936875,161492,122733.92,15.637,4500,433.1964,,,0.35,0.5197,0.895,0.76,15637
76,95,75,59,38.62936875,163394,130715.2,15.696,5010,467.0085,,,0.35,0.5603,0.895,0.8,15696
77,95,75,59,38.62936875,168008,168008,15.79,6000,867.8291,,,0.35,1.0412,0.895,1,15790
78,95,70,63,68.68656767,163862,91762.72,15.635,4500,433.1964,,,0.35,0.5197,0.895,0.56,15635
79,95,70,63,68.68656767,165764,101116.04,15.694,5010,467.0085,,,0.35,0.5603,0.895,0.61,15694
80,95,70,63,68.68656767,170378,110745.7,15.788,6000,867.8291,,,0.35,1.0412,0.895,0.65,15788
81,95,75,63,52.11286489,163964,113135.16,15.626,4500,433.1964,,,0.35,0.5197,0.895,0.69,15626
82,95,75,63,52.11286489,165866,121082.18,15.685,5010,467.0085,,,0.35,0.5603,0.895,0.73,15685
83,95,75,63,52.11286489,170480,131269.6,15.779,6000,867.8291,,,0.35,1.0412,0.895,0.77,15779
84,95,70,67,86.01665326,169089,72708.27,15.611,4500,433.1964,,,0.35,0.5197,0.895,0.43,15611
85,95,70,67,86.01665326,170991,82075.68,15.67,5010,467.0085,,,0.35,0.5603,0.895,0.48,15670
86,95,70,67,86.01665326,175605,91314.6,15.764,6000,867.8291,,,0.35,1.0412,0.895,0.52,15764
87,95,75,67,66.74944445,169191,94746.96,15.602,4500,433.1964,,,0.35,0.5197,0.895,0.56,15602
88,95,75,67,66.74944445,171093,102655.8,15.661,5010,467.0085,,,0.35,0.5603,0.895,0.6,15661
89,95,75,67,66.74944445,175707,112452.48,15.755,6000,867.8291,,,0.35,1.0412,0.895,0.64,15755
90,95,70,71,104.8621296,,0,0,4500,0,,,,,0.895,,
91,95,70,71,104.8621296,,0,0,5010,0,,,,,0.895,,
92,95,70,71,104.8621296,,0,0,6000,0,,,,,0.895,,
93,95,75,71,82.66588712,177176,74413.92,15.711,4500,433.1964,,,0.35,0.5197,0.895,0.42,15711
94,95,75,71,82.66588712,179078,84166.66,15.769,5010,467.0085,,,0.35,0.5603,0.895,0.47,15769
95,95,75,71,82.66588712,183692,93682.92,15.863,6000,867.8291,,,0.35,1.0412,0.895,0.51,15863
96,105,70,59,52.72176242,151782,100176.12,17.563,4500,433.1964,,,0.35,0.5197,0.895,0.66,17563
97,105,70,59,52.72176242,153684,107578.8,17.622,5010,467.0085,,,0.35,0.5603,0.895,0.7,17622
98,105,70,59,52.72176242,158298,117140.52,17.716,6000,867.8291,,,0.35,1.0412,0.895,0.74,17716
99,105,75,59,38.62936875,151884,151884,17.554,4500,433.1964,,,0.35,0.5197,0.895,1,17554
100,105,75,59,38.62936875,153786,153786,17.613,5010,467.0085,,,0.35,0.5603,0.895,1,17613
101,105,75,59,38.62936875,158400,158400,17.707,6000,867.8291,,,0.35,1.0412,0.895,1,17707
102,105,70,63,68.68656767,154254,89467.32,17.552,4500,433.1964,,,0.35,0.5197,0.895,0.58,17552
103,105,70,63,68.68656767,156156,98378.28,17.611,5010,467.0085,,,0.35,0.5603,0.895,0.63,17611
104,105,70,63,68.68656767,160770,107715.9,17.705,6000,867.8291,,,0.35,1.0412,0.895,0.67,17705
105,105,75,63,52.11286489,154356,109592.76,17.543,4500,433.1964,,,0.35,0.5197,0.895,0.71,17543
106,105,75,63,52.11286489,156258,117193.5,17.602,5010,467.0085,,,0.35,0.5603,0.895,0.75,17602
107,105,75,63,52.11286489,160872,127088.88,17.696,6000,867.8291,,,0.35,1.0412,0.895,0.79,17696
108,105,70,67,86.01665326,159481,73361.26,17.528,4500,433.1964,,,0.35,0.5197,0.895,0.46,17528
109,105,70,67,86.01665326,161383,80691.5,17.587,5010,467.0085,,,0.35,0.5603,0.895,0.5,17587
110,105,70,67,86.01665326,165997,89638.38,17.681,6000,867.8291,,,0.35,1.0412,0.895,0.54,17681
111,105,75,67,66.74944445,159583,92558.14,17.519,4500,433.1964,,,0.35,0.5197,0.895,0.58,17519
112,105,75,67,66.74944445,161485,100120.7,17.577,5010,467.0085,,,0.35,0.5603,0.895,0.62,17577
113,105,75,67,66.74944445,166099,109625.34,17.672,6000,867.8291,,,0.35,1.0412,0.895,0.66,17672
114,105,70,71,104.8621296,,0,0,4500,0,,,,,0.895,,
115,105,70,71,104.8621296,,0,0,5010,0,,,,,0.895,,
116,105,70,71,104.8621296,,0,0,6000,0,,,,,0.895,,
117,105,75,71,82.66588712,167568,73729.92,17.627,4500,433.1964,,,0.35,0.5197,0.895,0.44,17627
118,105,75,71,82.66588712,169470,83040.3,17.686,5010,467.0085,,,0.35,0.5603,0.895,0.49,17686
119,105,75,71,82.66588712,174084,92264.52,17.78,6000,867.8291,,,0.35,1.0412,0.895,0.53,17780
120,115,70,59,52.72176242,143011,101537.81,19.812,4500,433.1964,,,0.35,0.5197,0.895,0.71,19812
121,115,70,59,52.72176242,144913,108684.75,19.871,5010,467.0085,,,0.35,0.5603,0.895,0.75,19871
122,115,70,59,52.72176242,149527,149527,19.965,6000,867.8291,,,0.35,1.0412,0.895,1,19965
123,115,75,59,38.62936875,143113,143113,19.803,4500,433.1964,,,0.35,0.5197,0.895,1,19803
124,115,75,59,38.62936875,145015,145015,19.862,5010,467.0085,,,0.35,0.5603,0.895,1,19862
125,115,75,59,38.62936875,149629,149629,19.956,6000,867.8291,,,0.35,1.0412,0.895,1,19956
126,115,70,63,68.68656767,145482,91653.66,19.801,4500,433.1964,,,0.35,0.5197,0.895,0.63,19801
127,115,70,63,68.68656767,147385,100221.8,19.86,5010,467.0085,,,0.35,0.5603,0.895,0.68,19860
128,115,70,63,68.68656767,151999,109439.28,19.954,6000,867.8291,,,0.35,1.0412,0.895,0.72,19954
129,115,75,63,52.11286489,145584,110643.84,19.792,4500,433.1964,,,0.35,0.5197,0.895,0.76,19792
130,115,75,63,52.11286489,147487,117989.6,19.851,5010,467.0085,,,0.35,0.5603,0.895,0.8,19851
131,115,75,63,52.11286489,152100,127764,19.945,6000,867.8291,,,0.35,1.0412,0.895,0.84,19945
132,115,70,67,86.01665326,150710,75355,19.777,4500,433.1964,,,0.35,0.5197,0.895,0.5,19777
133,115,70,67,86.01665326,152612,83936.6,19.836,5010,467.0085,,,0.35,0.5603,0.895,0.55,19836
134,115,70,67,86.01665326,157226,92763.34,19.93,6000,867.8291,,,0.35,1.0412,0.895,0.59,19930
135,115,75,67,66.74944445,150812,95011.56,19.768,4500,433.1964,,,0.35,0.5197,0.895,0.63,19768
136,115,75,67,66.74944445,152714,102318.38,19.826,5010,467.0085,,,0.35,0.5603,0.895,0.67,19826
137,115,75,67,66.74944445,157328,111702.88,19.92,6000,867.8291,,,0.35,1.0412,0.895,0.71,19920
138,115,70,71,104.8621296,,0,0,4500,0,,,,,0.895,,
139,115,70,71,104.8621296,,0,0,5010,0,,,,,0.895,,
140,115,70,71,104.8621296,,0,0,6000,0,,,,,0.895,,
141,115,75,71,82.66588712,158797,77810.53,19.876,4500,433.1964,,,0.35,0.5197,0.895,0.49,19876
142,115,75,71,82.66588712,160699,86777.46,19.935,5010,467.0085,,,0.35,0.5603,0.895,0.54,19935
143,115,75,71,82.66588712,165313,95881.54,20.029,6000,867.8291,,,0.35,1.0412,0.895,0.58,20029
0,65,80,59,27.74017492,176396,146408.68,10.924,4500,433.1964,,,0.35,0.5197,0.895,0.83,10924
1,65,80,59,27.74017492,178299,155120.13,10.983,5010,467.0085,,,0.35,0.5603,0.895,0.87,10983
2,65,80,59,27.74017492,182913,166450.83,11.077,6000,867.8291,,,0.35,1.0412,0.895,0.91,11077
3,65,85,59,19.33867393,179345,179345,10.951,4500,433.1964,,,0.35,0.5197,0.895,1,10951
4,65,85,59,19.33867393,181247,181247,11.01,5010,467.0085,,,0.35,0.5603,0.895,1,11010
5,65,85,59,19.33867393,185861,185861,11.104,6000,867.8291,,,0.35,1.0412,0.895,1,11104
6,65,80,63,39.16764156,178868,135939.68,10.913,4500,433.1964,,,0.35,0.5197,0.895,0.76,10913
7,65,80,63,39.16764156,180770,144616,10.971,5010,467.0085,,,0.35,0.5603,0.895,0.8,10971
8,65,80,63,39.16764156,185384,155722.56,11.065,6000,867.8291,,,0.35,1.0412,0.895,0.84,11065
9,65,85,63,29.05629383,181817,154544.45,10.94,4500,433.1964,,,0.35,0.5197,0.895,0.85,10940
10,65,85,63,29.05629383,183719,165347.1,10.999,5010,467.0085,,,0.35,0.5603,0.895,0.9,10999
11,65,85,63,29.05629383,188333,177033.02,11.093,6000,867.8291,,,0.35,1.0412,0.895,0.94,11093
12,65,80,67,51.57236381,184096,115980.48,10.888,4500,433.1964,,,0.35,0.5197,0.895,0.63,10888
13,65,80,67,51.57236381,185998,124618.66,10.947,5010,467.0085,,,0.35,0.5603,0.895,0.67,10947
14,65,80,67,51.57236381,190612,135334.52,11.041,6000,867.8291,,,0.35,1.0412,0.895,0.71,11041
15,65,85,67,39.60494643,187044,134671.68,10.915,4500,433.1964,,,0.35,0.5197,0.895,0.72,10915
16,65,85,67,39.60494643,188946,145488.42,10.974,5010,467.0085,,,0.35,0.5603,0.895,0.77,10974
17,65,85,67,39.60494643,193560,156783.6,11.068,6000,867.8291,,,0.35,1.0412,0.895,0.81,11068
18,65,80,71,65.06178938,192080,94119.2,10.997,4500,433.1964,,,0.35,0.5197,0.895,0.49,10997
19,65,80,71,65.06178938,193983,104750.82,11.056,5010,467.0085,,,0.35,0.5603,0.895,0.54,11056
20,65,80,71,65.06178938,198597,115186.26,11.15,6000,867.8291,,,0.35,1.0412,0.895,0.58,11150
21,65,85,71,51.07600248,195029,115067.11,11.024,4500,433.1964,,,0.35,0.5197,0.895,0.59,11024
22,65,85,71,51.07600248,196931,124066.53,11.083,5010,467.0085,,,0.35,0.5603,0.895,0.63,11083
23,65,85,71,51.07600248,201545,135035.15,11.177,6000,867.8291,,,0.35,1.0412,0.895,0.67,11177
24,75,80,59,27.74017492,174830,145108.9,12.344,4500,433.1964,,,0.35,0.5197,0.895,0.83,12344
25,75,80,59,27.74017492,176732,155524.16,12.403,5010,467.0085,,,0.35,0.5603,0.895,0.88,12403
26,75,80,59,27.74017492,181346,181346,12.497,6000,867.8291,,,0.35,1.0412,0.895,1,12497
27,75,85,59,19.33867393,177779,177779,12.371,4500,433.1964,,,0.35,0.5197,0.895,1,12371
28,75,85,59,19.33867393,179681,179681,12.43,5010,467.0085,,,0.35,0.5603,0.895,1,12430
29,75,85,59,19.33867393,184295,184295,12.524,6000,867.8291,,,0.35,1.0412,0.895,1,12524
30,75,80,63,39.16764156,177302,134749.52,12.333,4500,433.1964,,,0.35,0.5197,0.895,0.76,12333
31,75,80,63,39.16764156,179204,145155.24,12.392,5010,467.0085,,,0.35,0.5603,0.895,0.81,12392
32,75,80,63,39.16764156,183818,156245.3,12.486,6000,867.8291,,,0.35,1.0412,0.895,0.85,12486
33,75,85,63,29.05629383,180250,155015,12.36,4500,433.1964,,,0.35,0.5197,0.895,0.86,12360
34,75,85,63,29.05629383,182152,163936.8,12.419,5010,467.0085,,,0.35,0.5603,0.895,0.9,12419
35,75,85,63,29.05629383,186766,175560.04,12.513,6000,867.8291,,,0.35,1.0412,0.895,0.94,12513
36,75,80,67,51.57236381,182529,114993.27,12.308,4500,433.1964,,,0.35,0.5197,0.895,0.63,12308
37,75,80,67,51.57236381,184431,125413.08,12.367,5010,467.0085,,,0.35,0.5603,0.895,0.68,12367
38,75,80,67,51.57236381,189045,136112.4,12.461,6000,867.8291,,,0.35,1.0412,0.895,0.72,12461
39,75,85,67,39.60494643,185478,135398.94,12.336,4500,433.1964,,,0.35,0.5197,0.895,0.73,12336
40,75,85,67,39.60494643,187380,144282.6,12.394,5010,467.0085,,,0.35,0.5603,0.895,0.77,12394
41,75,85,67,39.60494643,191994,155515.14,12.489,6000,867.8291,,,0.35,1.0412,0.895,0.81,12489
42,75,80,71,65.06178938,190514,95257,12.417,4500,433.1964,,,0.35,0.5197,0.895,0.5,12417
43,75,80,71,65.06178938,192416,103904.64,12.476,5010,467.0085,,,0.35,0.5603,0.895,0.54,12476
44,75,80,71,65.06178938,197030,114277.4,12.57,6000,867.8291,,,0.35,1.0412,0.895,0.58,12570
45,75,85,71,51.07600248,193463,114143.17,12.444,4500,433.1964,,,0.35,0.5197,0.895,0.59,12444
46,75,85,71,51.07600248,195365,125033.6,12.503,5010,467.0085,,,0.35,0.5603,0.895,0.64,12503
47,75,85,71,51.07600248,199979,135985.72,12.597,6000,867.8291,,,0.35,1.0412,0.895,0.68,12597
48,85,80,59,27.74017492,170261,170261,13.929,4500,433.1964,,,0.35,0.5197,0.895,1,13929
49,85,80,59,27.74017492,172163,172163,13.988,5010,467.0085,,,0.35,0.5603,0.895,1,13988
50,85,80,59,27.74017492,176777,176777,14.082,6000,867.8291,,,0.35,1.0412,0.895,1,14082
51,85,85,59,19.33867393,173209,173209,13.956,4500,433.1964,,,0.35,0.5197,0.895,1,13956
52,85,85,59,19.33867393,175111,175111,14.015,5010,467.0085,,,0.35,0.5603,0.895,1,14015
53,85,85,59,19.33867393,179725,179725,14.109,6000,867.8291,,,0.35,1.0412,0.895,1,14109
54,85,80,63,39.16764156,172732,136458.28,13.918,4500,433.1964,,,0.35,0.5197,0.895,0.79,13918
55,85,80,63,39.16764156,174634,144946.22,13.977,5010,467.0085,,,0.35,0.5603,0.895,0.83,13977
56,85,80,63,39.16764156,179248,155945.76,14.071,6000,867.8291,,,0.35,1.0412,0.895,0.87,14071
57,85,85,63,29.05629383,175681,154599.28,13.945,4500,433.1964,,,0.35,0.5197,0.895,0.88,13945
58,85,85,63,29.05629383,177583,165152.19,14.004,5010,467.0085,,,0.35,0.5603,0.895,0.93,14004
59,85,85,63,29.05629383,182197,176731.09,14.098,6000,867.8291,,,0.35,1.0412,0.895,0.97,14098
60,85,80,67,51.57236381,177960,117453.6,13.894,4500,433.1964,,,0.35,0.5197,0.895,0.66,13894
61,85,80,67,51.57236381,179862,125903.4,13.953,5010,467.0085,,,0.35,0.5603,0.895,0.7,13953
62,85,80,67,51.57236381,184476,136512.24,14.047,6000,867.8291,,,0.35,1.0412,0.895,0.74,14047
63,85,85,67,39.60494643,180908,135681,13.921,4500,433.1964,,,0.35,0.5197,0.895,0.75,13921
64,85,85,67,39.60494643,182810,146248,13.98,5010,467.0085,,,0.35,0.5603,0.895,0.8,13980
65,85,85,67,39.60494643,187424,157436.16,14.074,6000,867.8291,,,0.35,1.0412,0.895,0.84,14074
66,85,80,71,65.06178938,185945,96691.4,14.002,4500,433.1964,,,0.35,0.5197,0.895,0.52,14002
67,85,80,71,65.06178938,187847,107072.79,14.061,5010,467.0085,,,0.35,0.5603,0.895,0.57,14061
68,85,80,71,65.06178938,192461,117401.21,14.155,6000,867.8291,,,0.35,1.0412,0.895,0.61,14155
69,85,85,71,51.07600248,188893,117113.66,14.03,4500,433.1964,,,0.35,0.5197,0.895,0.62,14030
70,85,85,71,51.07600248,190795,125924.7,14.088,5010,467.0085,,,0.35,0.5603,0.895,0.66,14088
71,85,85,71,51.07600248,195409,136786.3,14.182,6000,867.8291,,,0.35,1.0412,0.895,0.7,14182
72,95,80,59,27.74017492,162399,162399,15.645,4500,433.1964,,,0.35,0.5197,0.895,1,15645
73,95,80,59,27.74017492,164301,164301,15.704,5010,467.0085,,,0.35,0.5603,0.895,1,15704
74,95,80,59,27.74017492,168915,168915,15.798,6000,867.8291,,,0.35,1.0412,0.895,1,15798
75,95,85,59,19.33867393,165347,165347,15.672,4500,433.1964,,,0.35,0.5197,0.895,1,15672
76,95,85,59,19.33867393,167249,167249,15.731,5010,467.0085,,,0.35,0.5603,0.895,1,15731
77,95,85,59,19.33867393,171863,171863,15.825,6000,867.8291,,,0.35,1.0412,0.895,1,15825
78,95,80,63,39.16764156,164870,131896,15.634,4500,433.1964,,,0.35,0.5197,0.895,0.8,15634
79,95,80,63,39.16764156,166773,141757.05,15.692,5010,467.0085,,,0.35,0.5603,0.895,0.85,15692
80,95,80,63,39.16764156,171387,152534.43,15.787,6000,867.8291,,,0.35,1.0412,0.895,0.89,15787
81,95,85,63,29.05629383,167819,151037.1,15.661,4500,433.1964,,,0.35,0.5197,0.895,0.9,15661
82,95,85,63,29.05629383,169721,159537.74,15.72,5010,467.0085,,,0.35,0.5603,0.895,0.94,15720
83,95,85,63,29.05629383,174335,174335,15.814,6000,867.8291,,,0.35,1.0412,0.895,1,15814
84,95,80,67,51.57236381,170098,115666.64,15.609,4500,433.1964,,,0.35,0.5197,0.895,0.68,15609
85,95,80,67,51.57236381,172000,123840,15.668,5010,467.0085,,,0.35,0.5603,0.895,0.72,15668
86,95,80,67,51.57236381,176614,134226.64,15.762,6000,867.8291,,,0.35,1.0412,0.895,0.76,15762
87,95,85,67,39.60494643,173046,133245.42,15.637,4500,433.1964,,,0.35,0.5197,0.895,0.77,15637
88,95,85,67,39.60494643,174949,143458.18,15.695,5010,467.0085,,,0.35,0.5603,0.895,0.82,15695
89,95,85,67,39.60494643,179563,154424.18,15.789,6000,867.8291,,,0.35,1.0412,0.895,0.86,15789
90,95,80,71,65.06178938,178083,96164.82,15.718,4500,433.1964,,,0.35,0.5197,0.895,0.54,15718
91,95,80,71,65.06178938,179985,104391.3,15.777,5010,467.0085,,,0.35,0.5603,0.895,0.58,15777
92,95,80,71,65.06178938,184599,116297.37,15.871,6000,867.8291,,,0.35,1.0412,0.895,0.63,15871
93,95,85,71,51.07600248,181031,115859.84,15.745,4500,433.1964,,,0.35,0.5197,0.895,0.64,15745
94,95,85,71,51.07600248,182933,124394.44,15.804,5010,467.0085,,,0.35,0.5603,0.895,0.68,15804
95,95,85,71,51.07600248,187547,135033.84,15.898,6000,867.8291,,,0.35,1.0412,0.895,0.72,15898
96,105,80,59,27.74017492,152791,152791,17.562,4500,433.1964,,,0.35,0.5197,0.895,1,17562
97,105,80,59,27.74017492,154693,154693,17.62,5010,467.0085,,,0.35,0.5603,0.895,1,17620
98,105,80,59,27.74017492,159307,159307,17.715,6000,867.8291,,,0.35,1.0412,0.895,1,17715
99,105,85,59,19.33867393,155739,155739,17.589,4500,433.1964,,,0.35,0.5197,0.895,1,17589
100,105,85,59,19.33867393,157641,157641,17.648,5010,467.0085,,,0.35,0.5603,0.895,1,17648
101,105,85,59,19.33867393,162255,162255,17.742,6000,867.8291,,,0.35,1.0412,0.895,1,17742
102,105,80,63,39.16764156,155262,128867.46,17.55,4500,433.1964,,,0.35,0.5197,0.895,0.83,17550
103,105,80,63,39.16764156,157164,136732.68,17.609,5010,467.0085,,,0.35,0.5603,0.895,0.87,17609
104,105,80,63,39.16764156,161778,147217.98,17.703,6000,867.8291,,,0.35,1.0412,0.895,0.91,17703
105,105,85,63,29.05629383,158211,158211,17.578,4500,433.1964,,,0.35,0.5197,0.895,1,17578
106,105,85,63,29.05629383,160113,160113,17.636,5010,467.0085,,,0.35,0.5603,0.895,1,17636
107,105,85,63,29.05629383,164727,164727,17.73,6000,867.8291,,,0.35,1.0412,0.895,1,17730
108,105,80,67,51.57236381,160490,112343,17.526,4500,433.1964,,,0.35,0.5197,0.895,0.7,17526
109,105,80,67,51.57236381,162392,120170.08,17.585,5010,467.0085,,,0.35,0.5603,0.895,0.74,17585
110,105,80,67,51.57236381,167006,130264.68,17.679,6000,867.8291,,,0.35,1.0412,0.895,0.78,17679
111,105,85,67,39.60494643,163438,129116.02,17.553,4500,433.1964,,,0.35,0.5197,0.895,0.79,17553
112,105,85,67,39.60494643,165340,138885.6,17.612,5010,467.0085,,,0.35,0.5603,0.895,0.84,17612
113,105,85,67,39.60494643,169954,149559.52,17.706,6000,867.8291,,,0.35,1.0412,0.895,0.88,17706
114,105,80,71,65.06178938,168475,94346,17.635,4500,433.1964,,,0.35,0.5197,0.895,0.56,17635
115,105,80,71,65.06178938,170377,103929.97,17.694,5010,467.0085,,,0.35,0.5603,0.895,0.61,17694
116,105,80,71,65.06178938,174991,113744.15,17.788,6000,867.8291,,,0.35,1.0412,0.895,0.65,17788
117,105,85,71,51.07600248,171423,113139.18,17.662,4500,433.1964,,,0.35,0.5197,0.895,0.66,17662
118,105,85,71,51.07600248,173325,121327.5,17.721,5010,467.0085,,,0.35,0.5603,0.895,0.7,17721
119,105,85,71,51.07600248,177939,131674.86,17.815,6000,867.8291,,,0.35,1.0412,0.895,0.74,17815
120,115,80,59,27.74017492,144019,144019,19.81,4500,433.1964,,,0.35,0.5197,0.895,1,19810
121,115,80,59,27.74017492,145921,145921,19.869,5010,467.0085,,,0.35,0.5603,0.895,1,19869
122,115,80,59,27.74017492,150535,150535,19.963,6000,867.8291,,,0.35,1.0412,0.895,1,19963
123,115,85,59,19.33867393,146968,146968,19.838,4500,433.1964,,,0.35,0.5197,0.895,1,19838
124,115,85,59,19.33867393,148870,148870,19.896,5010,467.0085,,,0.35,0.5603,0.895,1,19896
125,115,85,59,19.33867393,153484,153484,19.99,6000,867.8291,,,0.35,1.0412,0.895,1,19990
126,115,80,63,39.16764156,146491,127447.17,19.799,4500,433.1964,,,0.35,0.5197,0.895,0.87,19799
127,115,80,63,39.16764156,148393,136521.56,19.858,5010,467.0085,,,0.35,0.5603,0.895,0.92,19858
128,115,80,63,39.16764156,153007,153007,19.952,6000,867.8291,,,0.35,1.0412,0.895,1,19952
129,115,85,63,29.05629383,149439,149439,19.826,4500,433.1964,,,0.35,0.5197,0.895,1,19826
130,115,85,63,29.05629383,151342,151342,19.885,5010,467.0085,,,0.35,0.5603,0.895,1,19885
131,115,85,63,29.05629383,155956,155956,19.979,6000,867.8291,,,0.35,1.0412,0.895,1,19979
132,115,80,67,51.57236381,151718,113788.5,19.775,4500,433.1964,,,0.35,0.5197,0.895,0.75,19775
133,115,80,67,51.57236381,153621,121360.59,19.834,5010,467.0085,,,0.35,0.5603,0.895,0.79,19834
134,115,80,67,51.57236381,158235,131335.05,19.928,6000,867.8291,,,0.35,1.0412,0.895,0.83,19928
135,115,85,67,39.60494643,154667,129920.28,19.802,4500,433.1964,,,0.35,0.5197,0.895,0.84,19802
136,115,85,67,39.60494643,156569,138720.13,19.861,5010,467.0085,,,0.35,0.5603,0.895,0.886,19861
137,115,85,67,39.60494643,161183,149900.19,19.955,6000,867.8291,,,0.35,1.0412,0.895,0.93,19955
138,115,80,71,65.06178938,159703,97418.83,19.884,4500,433.1964,,,0.35,0.5197,0.895,0.61,19884
139,115,80,71,65.06178938,161606,105043.9,19.942,5010,467.0085,,,0.35,0.5603,0.895,0.65,19942
140,115,80,71,65.06178938,166219,116353.3,20.037,6000,867.8291,,,0.35,1.0412,0.895,0.7,20037
141,115,85,71,51.07600248,162652,115482.92,19.911,4500,433.1964,,,0.35,0.5197,0.895,0.71,19911
142,115,85,71,51.07600248,164554,123415.5,19.97,5010,467.0085,,,0.35,0.5603,0.895,0.75,19970
143,115,85,71,51.07600248,169168,133642.72,20.064,6000,867.8291,,,0.35,1.0412,0.895,0.79,20064
0,65,70,59,52.72176242,235203,141121.8,15.161,6000,717.685,,DFC240,0.4,0.861,0.895,0.6,15161
1,65,70,59,52.72176242,237074,149356.62,15.212,6475,848.7154,,,0.4,1.0182,0.895,0.63,15212
2,65,70,59,52.72176242,244645,163912.15,15.347,8000,1400.3128,,,0.4,1.68,0.895,0.67,15347
3,65,75,59,38.62936875,235340,169444.8,15.15,6000,717.685,,,0.4,0.861,0.895,0.72,15150
4,65,75,59,38.62936875,237210,177907.5,15.2,6475,848.7154,,,0.4,1.0182,0.895,0.75,15200
5,65,75,59,38.62936875,244781,195824.8,15.336,8000,1400.3128,,,0.4,1.68,0.895,0.8,15336
6,65,70,63,68.68656767,238509,126409.77,15.147,6000,717.685,,,0.4,0.861,0.895,0.53,15147
7,65,70,63,68.68656767,240379,134612.24,15.198,6475,848.7154,,,0.4,1.0182,0.895,0.56,15198
8,65,70,63,68.68656767,247950,148770,15.333,8000,1400.3128,,,0.4,1.68,0.895,0.6,15333
9,65,75,63,52.11286489,238645,155119.25,15.136,6000,717.685,,,0.4,0.861,0.895,0.65,15136
10,65,75,63,52.11286489,240515,163550.2,15.187,6475,848.7154,,,0.4,1.0182,0.895,0.68,15187
11,65,75,63,52.11286489,248086,178621.92,15.322,8000,1400.3128,,,0.4,1.68,0.895,0.72,15322
12,65,70,67,86.01665326,245499,98199.6,15.117,6000,717.685,,,0.4,0.861,0.895,0.4,15117
13,65,70,67,86.01665326,247369,106368.67,15.168,6475,848.7154,,,0.4,1.0182,0.895,0.43,15168
14,65,70,67,86.01665326,254940,119821.8,15.303,8000,1400.3128,,,0.4,1.68,0.895,0.47,15303
15,65,75,67,66.74944445,245635,127730.2,15.106,6000,717.685,,,0.4,0.861,0.895,0.52,15106
16,65,75,67,66.74944445,247505,136127.75,15.157,6475,848.7154,,,0.4,1.0182,0.895,0.55,15157
17,65,75,67,66.74944445,255076,153045.6,15.292,8000,1400.3128,,,0.4,1.68,0.895,0.6,15292
18,65,70,71,104.8621296,,0,0,6000,0,,,,,0.895,,
19,65,70,71,104.8621296,,0,0,6475,0,,,,,0.895,,
20,65,70,71,104.8621296,,0,0,8000,0,,,,,0.895,,
21,65,75,71,82.66588712,256313,99962.07,15.239,6000,717.685,,,0.4,0.861,0.895,0.39,15239
22,65,75,71,82.66588712,258183,108436.86,15.29,6475,848.7154,,,0.4,1.0182,0.895,0.42,15290
23,65,75,71,82.66588712,265754,122246.84,15.425,8000,1400.3128,,,0.4,1.68,0.895,0.46,15425
24,75,70,59,52.72176242,233109,142196.49,16.903,6000,717.685,,,0.4,0.861,0.895,0.61,16903
25,75,70,59,52.72176242,234979,150386.56,16.954,6475,848.7154,,,0.4,1.0182,0.895,0.64,16954
26,75,70,59,52.72176242,242550,164934,17.089,8000,1400.3128,,,0.4,1.68,0.895,0.68,17089
27,75,75,59,38.62936875,233245,170268.85,16.892,6000,717.685,,,0.4,0.861,0.895,0.73,16892
28,75,75,59,38.62936875,235115,178687.4,16.942,6475,848.7154,,,0.4,1.0182,0.895,0.76,16942
29,75,75,59,38.62936875,242686,194148.8,17.078,8000,1400.3128,,,0.4,1.68,0.895,0.8,17078
30,75,70,63,68.68656767,236414,127663.56,16.889,6000,717.685,,,0.4,0.861,0.895,0.54,16889
31,75,70,63,68.68656767,238284,135821.88,16.94,6475,848.7154,,,0.4,1.0182,0.895,0.57,16940
32,75,70,63,68.68656767,245855,149971.55,17.075,8000,1400.3128,,,0.4,1.68,0.895,0.61,17075
33,75,75,63,52.11286489,236550,156123,16.878,6000,717.685,,,0.4,0.861,0.895,0.66,16878
34,75,75,63,52.11286489,238420,164509.8,16.929,6475,848.7154,,,0.4,1.0182,0.895,0.69,16929
35,75,75,63,52.11286489,245991,179573.43,17.064,8000,1400.3128,,,0.4,1.68,0.895,0.73,17064
36,75,70,67,86.01665326,243404,99795.64,16.859,6000,717.685,,,0.4,0.861,0.895,0.41,16859
37,75,70,67,86.01665326,245274,107920.56,16.91,6475,848.7154,,,0.4,1.0182,0.895,0.44,16910
38,75,70,67,86.01665326,252845,121365.6,17.045,8000,1400.3128,,,0.4,1.68,0.895,0.48,17045
39,75,75,67,66.74944445,243541,129076.73,16.848,6000,717.685,,,0.4,0.861,0.895,0.53,16848
40,75,75,67,66.74944445,245411,137430.16,16.899,6475,848.7154,,,0.4,1.0182,0.895,0.56,16899
41,75,75,67,66.74944445,252982,151789.2,17.034,8000,1400.3128,,,0.4,1.68,0.895,0.6,17034
42,75,70,71,104.8621296,,0,0,6000,0,,,,,0.895,,
43,75,70,71,104.8621296,,0,0,6475,0,,,,,0.895,,
44,75,70,71,104.8621296,,0,0,8000,0,,,,,0.895,,
45,75,75,71,82.66588712,254218,99145.02,16.981,6000,717.685,,,0.4,0.861,0.895,0.39,16981
46,75,75,71,82.66588712,256088,107556.96,17.032,6475,848.7154,,,0.4,1.0182,0.895,0.42,17032
47,75,75,71,82.66588712,263659,123919.73,17.167,8000,1400.3128,,,0.4,1.68,0.895,0.47,17167
48,85,70,59,52.72176242,226999,143009.37,18.848,6000,717.685,,,0.4,0.861,0.895,0.63,18848
49,85,70,59,52.72176242,228869,151053.54,18.898,6475,848.7154,,,0.4,1.0182,0.895,0.66,18898
50,85,70,59,52.72176242,236440,165508,19.034,8000,1400.3128,,,0.4,1.68,0.895,0.7,19034
51,85,75,59,38.62936875,227135,227135,18.836,6000,717.685,,,0.4,0.861,0.895,1,18836
52,85,75,59,38.62936875,229005,229005,18.887,6475,848.7154,,,0.4,1.0182,0.895,1,18887
53,85,75,59,38.62936875,236576,236576,19.022,8000,1400.3128,,,0.4,1.68,0.895,1,19022
54,85,70,63,68.68656767,230304,128970.24,18.834,6000,717.685,,,0.4,0.861,0.895,0.56,18834
55,85,70,63,68.68656767,232174,136982.66,18.885,6475,848.7154,,,0.4,1.0182,0.895,0.59,18885
56,85,70,63,68.68656767,239745,151039.35,19.02,8000,1400.3128,,,0.4,1.68,0.895,0.63,19020
57,85,75,63,52.11286489,230440,156699.2,18.823,6000,717.685,,,0.4,0.861,0.895,0.68,18823
58,85,75,63,52.11286489,232310,164940.1,18.873,6475,848.7154,,,0.4,1.0182,0.895,0.71,18873
59,85,75,63,52.11286489,239881,179910.75,19.009,8000,1400.3128,,,0.4,1.68,0.895,0.75,19009
60,85,70,67,86.01665326,237294,102036.42,18.804,6000,717.685,,,0.4,0.861,0.895,0.43,18804
61,85,70,67,86.01665326,239164,110015.44,18.855,6475,848.7154,,,0.4,1.0182,0.895,0.46,18855
62,85,70,67,86.01665326,246735,123367.5,18.99,8000,1400.3128,,,0.4,1.68,0.895,0.5,18990
63,85,75,67,66.74944445,237430,130586.5,18.793,6000,717.685,,,0.4,0.861,0.895,0.55,18793
64,85,75,67,66.74944445,239300,138794,18.844,6475,848.7154,,,0.4,1.0182,0.895,0.58,18844
65,85,75,67,66.74944445,246871,155528.73,18.979,8000,1400.3128,,,0.4,1.68,0.895,0.63,18979
66,85,70,71,104.8621296,,0,0,6000,0,,,,,0.895,,
67,85,70,71,104.8621296,,0,0,6475,0,,,,,0.895,,
68,85,70,71,104.8621296,,0,0,8000,0,,,,,0.895,,
69,85,75,71,82.66588712,248108,104205.36,18.926,6000,717.685,,,0.4,0.861,0.895,0.42,18926
70,85,75,71,82.66588712,249978,112490.1,18.977,6475,848.7154,,,0.4,1.0182,0.895,0.45,18977
71,85,75,71,82.66588712,257549,126199.01,19.112,8000,1400.3128,,,0.4,1.68,0.895,0.49,19112
72,95,70,59,52.72176242,216486,140715.9,20.952,6000,717.685,,,0.4,0.861,0.895,0.65,20952
73,95,70,59,52.72176242,218356,148482.08,21.003,6475,848.7154,,,0.4,1.0182,0.895,0.68,21003
74,95,70,59,52.72176242,225927,225927,21.138,8000,1400.3128,,,0.4,1.68,0.895,1,21138
75,95,75,59,38.62936875,216622,216622,20.941,6000,717.685,,,0.4,0.861,0.895,1,20941
76,95,75,59,38.62936875,218492,218492,20.992,6475,848.7154,,,0.4,1.0182,0.895,1,20992
77,95,75,59,38.62936875,226063,226063,21.127,8000,1400.3128,,,0.4,1.68,0.895,1,21127
78,95,70,63,68.68656767,219791,127478.78,20.938,6000,717.685,,,0.4,0.861,0.895,0.58,20938
79,95,70,63,68.68656767,221661,135213.21,20.989,6475,848.7154,,,0.4,1.0182,0.895,0.61,20989
80,95,70,63,68.68656767,229232,149000.8,21.124,8000,1400.3128,,,0.4,1.68,0.895,0.65,21124
81,95,75,63,52.11286489,219927,153948.9,20.927,6000,717.685,,,0.4,0.861,0.895,0.7,20927
82,95,75,63,52.11286489,221797,161911.81,20.978,6475,848.7154,,,0.4,1.0182,0.895,0.73,20978
83,95,75,63,52.11286489,229368,176613.36,21.113,8000,1400.3128,,,0.4,1.68,0.895,0.77,21113
84,95,70,67,86.01665326,226781,102051.45,20.909,6000,717.685,,,0.4,0.861,0.895,0.45,20909
85,95,70,67,86.01665326,228651,109752.48,20.959,6475,848.7154,,,0.4,1.0182,0.895,0.48,20959
86,95,70,67,86.01665326,236222,122835.44,21.095,8000,1400.3128,,,0.4,1.68,0.895,0.52,21095
87,95,75,67,66.74944445,226917,129342.69,20.897,6000,717.685,,,0.4,0.861,0.895,0.57,20897
88,95,75,67,66.74944445,228787,137272.2,20.948,6475,848.7154,,,0.4,1.0182,0.895,0.6,20948
89,95,75,67,66.74944445,236359,151269.76,21.083,8000,1400.3128,,,0.4,1.68,0.895,0.64,21083
90,95,70,71,104.8621296,,0,0,6000,0,,,,,0.895,,
91,95,70,71,104.8621296,,0,0,6475,0,,,,,0.895,,
92,95,70,71,104.8621296,,0,0,8000,0,,,,,0.895,,
93,95,75,71,82.66588712,237595,104541.8,21.031,6000,717.685,,,0.4,0.861,0.895,0.44,21031
94,95,75,71,82.66588712,239465,112548.55,21.081,6475,848.7154,,,0.4,1.0182,0.895,0.47,21081
95,95,75,71,82.66588712,247036,125988.36,21.217,8000,1400.3128,,,0.4,1.68,0.895,0.51,21217
96,105,70,59,52.72176242,203638,203638,23.303,6000,588.334,,,0.35,0.7058,0.895,1,23303
97,105,70,59,52.72176242,205508,205508,23.354,6475,773.3623,,,0.35,0.9278,0.895,1,23354
98,105,70,59,52.72176242,213079,213079,23.489,8000,1400.3128,,,0.4,1.68,0.895,1,23489
99,105,75,59,38.62936875,203774,203774,23.292,6000,588.334,,,0.35,0.7058,0.895,1,23292
100,105,75,59,38.62936875,205644,205644,23.343,6475,773.3623,,,0.35,0.9278,0.895,1,23343
101,105,75,59,38.62936875,213215,213215,23.478,8000,1400.3128,,,0.4,1.68,0.895,1,23478
102,105,70,63,68.68656767,206943,124165.8,23.29,6000,588.334,,,0.35,0.7058,0.895,0.6,23290
103,105,70,63,68.68656767,208813,131552.19,23.34,6475,773.3623,,,0.35,0.9278,0.895,0.63,23340
104,105,70,63,68.68656767,216384,144977.28,23.476,8000,1400.3128,,,0.4,1.68,0.895,0.67,23476
105,105,75,63,52.11286489,207079,149096.88,23.278,6000,588.334,,,0.35,0.7058,0.895,0.72,23278
106,105,75,63,52.11286489,208949,156711.75,23.329,6475,773.3623,,,0.35,0.9278,0.895,0.75,23329
107,105,75,63,52.11286489,216520,171050.8,23.464,8000,1400.3128,,,0.4,1.68,0.895,0.79,23464
108,105,70,67,86.01665326,213933,100548.51,23.26,6000,717.685,,,0.4,0.861,0.895,0.47,23260
109,105,70,67,86.01665326,215803,107901.5,23.311,6475,848.7154,,,0.4,1.0182,0.895,0.5,23311
110,105,70,67,86.01665326,223374,120621.96,23.446,8000,1400.3128,,,0.4,1.68,0.895,0.54,23446
111,105,75,67,66.74944445,214069,126300.71,23.249,6000,717.685,,,0.4,0.861,0.895,0.59,23249
112,105,75,67,66.74944445,215939,133882.18,23.299,6475,848.7154,,,0.4,1.0182,0.895,0.62,23299
113,105,75,67,66.74944445,223511,147517.26,23.435,8000,1400.3128,,,0.4,1.68,0.895,0.66,23435
114,105,70,71,104.8621296,,0,0,6000,0,,,,,0.895,,
115,105,70,71,104.8621296,,0,0,6475,0,,,,,0.895,,
116,105,70,71,104.8621296,,0,0,8000,0,,,,,0.895,,
117,105,75,71,82.66588712,224747,103383.62,23.382,6000,717.685,,,0.4,0.861,0.895,0.46,23382
118,105,75,71,82.66588712,226617,111042.33,23.433,6475,848.7154,,,0.4,1.0182,0.895,0.49,23433
119,105,75,71,82.66588712,234188,124119.64,23.568,8000,1400.3128,,,0.4,1.68,0.895,0.53,23568
120,115,70,59,52.72176242,191909,191909,26.062,6000,588.334,,,0.35,0.7058,0.895,1,26062
121,115,70,59,52.72176242,193779,193779,26.113,6475,773.3623,,,0.35,0.9278,0.895,1,26113
122,115,70,59,52.72176242,201350,201350,26.248,8000,1381.5587,,,0.35,1.6575,0.895,1,26248
123,115,75,59,38.62936875,192045,192045,26.051,6000,588.334,,,0.35,0.7058,0.895,1,26051
124,115,75,59,38.62936875,193915,193915,26.101,6475,773.3623,,,0.35,0.9278,0.895,1,26101
125,115,75,59,38.62936875,201486,201486,26.237,8000,1381.5587,,,0.35,1.6575,0.895,1,26237
126,115,70,63,68.68656767,195214,126889.1,26.048,6000,588.334,,,0.35,0.7058,0.895,0.65,26048
127,115,70,63,68.68656767,197084,134017.12,26.099,6475,773.3623,,,0.35,0.9278,0.895,0.68,26099
128,115,70,63,68.68656767,204655,147351.6,26.234,8000,1381.5587,,,0.35,1.6575,0.895,0.72,26234
129,115,75,63,52.11286489,195350,150419.5,26.037,6000,588.334,,,0.35,0.7058,0.895,0.77,26037
130,115,75,63,52.11286489,197220,157776,26.088,6475,773.3623,,,0.35,0.9278,0.895,0.8,26088
131,115,75,63,52.11286489,204791,204791,26.223,8000,1381.5587,,,0.35,1.6575,0.895,1,26223
132,115,70,67,86.01665326,202204,105146.08,26.018,6000,588.334,,,0.35,0.7058,0.895,0.52,26018
133,115,70,67,86.01665326,204074,112240.7,26.069,6475,773.3623,,,0.35,0.9278,0.895,0.55,26069
134,115,70,67,86.01665326,211645,124870.55,26.204,8000,1400.3128,,,0.4,1.68,0.895,0.59,26204
135,115,75,67,66.74944445,202340,129497.6,26.007,6000,588.334,,,0.35,0.7058,0.895,0.64,26007
136,115,75,67,66.74944445,204210,136820.7,26.058,6475,773.3623,,,0.35,0.9278,0.895,0.67,26058
137,115,75,67,66.74944445,211781,150364.51,26.193,8000,1400.3128,,,0.4,1.68,0.895,0.71,26193
138,115,70,71,104.8621296,,0,0,6000,0,,,,,0.895,,
139,115,70,71,104.8621296,,0,0,6475,0,,,,,0.895,,
140,115,70,71,104.8621296,,0,0,8000,0,,,,,0.895,,
141,115,75,71,82.66588712,213018,108639.18,26.14,6000,717.685,,,0.4,0.861,0.895,0.51,26140
142,115,75,71,82.66588712,214888,116039.52,26.191,6475,848.7154,,,0.4,1.0182,0.895,0.54,26191
143,115,75,71,82.66588712,222459,129026.22,26.326,8000,1400.3128,,,0.4,1.68,0.895,0.58,26326
0,65,80,59,27.74017492,236552,198703.68,15.159,6000,717.685,,,0.4,0.861,0.895,0.84,15159
1,65,80,59,27.74017492,238422,207427.14,15.209,6475,848.7154,,,0.4,1.0182,0.895,0.87,15209
2,65,80,59,27.74017492,245993,245993,15.345,8000,1400.3128,,,0.4,1.68,0.895,1,15345
3,65,85,59,19.33867393,240495,240495,15.192,6000,717.685,,,0.4,0.861,0.895,1,15192
4,65,85,59,19.33867393,242365,242365,15.243,6475,848.7154,,,0.4,1.0182,0.895,1,15243
5,65,85,59,19.33867393,249936,249936,15.378,8000,1400.3128,,,0.4,1.68,0.895,1,15378
6,65,80,63,39.16764156,239857,184689.89,15.145,6000,717.685,,,0.4,0.861,0.895,0.77,15145
7,65,80,63,39.16764156,241727,193381.6,15.196,6475,848.7154,,,0.4,1.0182,0.895,0.8,15196
8,65,80,63,39.16764156,249298,209410.32,15.331,8000,1400.3128,,,0.4,1.68,0.895,0.84,15331
9,65,85,63,29.05629383,243800,212106,15.178,6000,717.685,,,0.4,0.861,0.895,0.87,15178
10,65,85,63,29.05629383,245670,221103,15.229,6475,848.7154,,,0.4,1.0182,0.895,0.9,15229
11,65,85,63,29.05629383,253241,238046.54,15.364,8000,1400.3128,,,0.4,1.68,0.895,0.94,15364
12,65,80,67,51.57236381,246847,157982.08,15.115,6000,717.685,,,0.4,0.861,0.895,0.64,15115
13,65,80,67,51.57236381,248717,166640.39,15.166,6475,848.7154,,,0.4,1.0182,0.895,0.67,15166
14,65,80,67,51.57236381,256289,181965.19,15.301,8000,1400.3128,,,0.4,1.68,0.895,0.71,15301
15,65,85,67,39.60494643,250790,185584.6,15.149,6000,717.685,,,0.4,0.861,0.895,0.74,15149
16,65,85,67,39.60494643,252660,194548.2,15.199,6475,848.7154,,,0.4,1.0182,0.895,0.77,15199
17,65,85,67,39.60494643,260231,210787.11,15.335,8000,1400.3128,,,0.4,1.68,0.895,0.81,15335
18,65,80,71,65.06178938,257525,131337.75,15.248,6000,717.685,,,0.4,0.861,0.895,0.51,15248
19,65,80,71,65.06178938,259395,140073.3,15.299,6475,848.7154,,,0.4,1.0182,0.895,0.54,15299
20,65,80,71,65.06178938,266966,154840.28,15.434,8000,1400.3128,,,0.4,1.68,0.895,0.58,15434
21,65,85,71,51.07600248,261468,156880.8,15.282,6000,717.685,,,0.4,0.861,0.895,0.6,15282
22,65,85,71,51.07600248,263338,165902.94,15.333,6475,848.7154,,,0.4,1.0182,0.895,0.63,15333
23,65,85,71,51.07600248,270909,184218.12,15.468,8000,1400.3128,,,0.4,1.68,0.895,0.68,15468
24,75,80,59,27.74017492,234457,234457,16.901,6000,717.685,,,0.4,0.861,0.895,1,16901
25,75,80,59,27.74017492,236328,236328,16.952,6475,848.7154,,,0.4,1.0182,0.895,1,16952
26,75,80,59,27.74017492,243899,243899,17.087,8000,1400.3128,,,0.4,1.68,0.895,1,17087
27,75,85,59,19.33867393,238400,238400,16.934,6000,717.685,,,0.4,0.861,0.895,1,16934
28,75,85,59,19.33867393,240270,240270,16.985,6475,848.7154,,,0.4,1.0182,0.895,1,16985
29,75,85,59,19.33867393,247841,247841,17.12,8000,1400.3128,,,0.4,1.68,0.895,1,17120
30,75,80,63,39.16764156,237763,185455.14,16.887,6000,717.685,,,0.4,0.861,0.895,0.78,16887
31,75,80,63,39.16764156,239633,194102.73,16.938,6475,848.7154,,,0.4,1.0182,0.895,0.81,16938
32,75,80,63,39.16764156,247204,210123.4,17.073,8000,1400.3128,,,0.4,1.68,0.895,0.85,17073
33,75,85,63,29.05629383,241705,210283.35,16.92,6000,717.685,,,0.4,0.861,0.895,0.87,16920
34,75,85,63,29.05629383,243575,219217.5,16.971,6475,848.7154,,,0.4,1.0182,0.895,0.9,16971
35,75,85,63,29.05629383,251147,251147,17.106,8000,1400.3128,,,0.4,1.68,0.895,1,17106
36,75,80,67,51.57236381,244753,159089.45,16.857,6000,717.685,,,0.4,0.861,0.895,0.65,16857
37,75,80,67,51.57236381,246623,167703.64,16.908,6475,848.7154,,,0.4,1.0182,0.895,0.68,16908
38,75,80,67,51.57236381,254194,183019.68,17.043,8000,1400.3128,,,0.4,1.68,0.895,0.72,17043
39,75,85,67,39.60494643,248696,184035.04,16.891,6000,717.685,,,0.4,0.861,0.895,0.74,16891
40,75,85,67,39.60494643,250566,192935.82,16.941,6475,848.7154,,,0.4,1.0182,0.895,0.77,16941
41,75,85,67,39.60494643,258137,211672.34,17.077,8000,1400.3128,,,0.4,1.68,0.895,0.82,17077
42,75,80,71,65.06178938,255430,130269.3,16.991,6000,717.685,,,0.4,0.861,0.895,0.51,16991
43,75,80,71,65.06178938,257300,138942,17.041,6475,848.7154,,,0.4,1.0182,0.895,0.54,17041
44,75,80,71,65.06178938,264871,156273.89,17.177,8000,1400.3128,,,0.4,1.68,0.895,0.59,17177
45,75,85,71,51.07600248,259373,158217.53,17.024,6000,717.685,,,0.4,0.861,0.895,0.61,17024
46,75,85,71,51.07600248,261243,167195.52,17.075,6475,848.7154,,,0.4,1.0182,0.895,0.64,17075
47,75,85,71,51.07600248,268814,182793.52,17.21,8000,1400.3128,,,0.4,1.68,0.895,0.68,17210
48,85,80,59,27.74017492,228347,228347,18.845,6000,717.685,,,0.4,0.861,0.895,1,18845
49,85,80,59,27.74017492,230217,230217,18.896,6475,848.7154,,,0.4,1.0182,0.895,1,18896
50,85,80,59,27.74017492,237788,237788,19.031,8000,1400.3128,,,0.4,1.68,0.895,1,19031
51,85,85,59,19.33867393,232290,232290,18.879,6000,717.685,,,0.4,0.861,0.895,1,18879
52,85,85,59,19.33867393,234160,234160,18.93,6475,848.7154,,,0.4,1.0182,0.895,1,18930
53,85,85,59,19.33867393,241731,241731,19.065,8000,1400.3128,,,0.4,1.68,0.895,1,19065
54,85,80,63,39.16764156,231652,185321.6,18.832,6000,717.685,,,0.4,0.861,0.895,0.8,18832
55,85,80,63,39.16764156,233522,193823.26,18.883,6475,848.7154,,,0.4,1.0182,0.895,0.83,18883
56,85,80,63,39.16764156,241093,209750.91,19.018,8000,1400.3128,,,0.4,1.68,0.895,0.87,19018
57,85,85,63,29.05629383,235595,235595,18.865,6000,717.685,,,0.4,0.861,0.895,1,18865
58,85,85,63,29.05629383,237465,237465,18.916,6475,848.7154,,,0.4,1.0182,0.895,1,18916
59,85,85,63,29.05629383,245036,245036,19.051,8000,1400.3128,,,0.4,1.68,0.895,1,19051
60,85,80,67,51.57236381,238642,159890.14,18.802,6000,717.685,,,0.4,0.861,0.895,0.67,18802
61,85,80,67,51.57236381,240512,168358.4,18.853,6475,848.7154,,,0.4,1.0182,0.895,0.7,18853
62,85,80,67,51.57236381,248084,183582.16,18.988,8000,1400.3128,,,0.4,1.68,0.895,0.74,18988
63,85,85,67,39.60494643,242585,186790.45,18.835,6000,717.685,,,0.4,0.861,0.895,0.77,18835
64,85,85,67,39.60494643,244455,195564,18.886,6475,848.7154,,,0.4,1.0182,0.895,0.8,18886
65,85,85,67,39.60494643,252026,211701.84,19.021,8000,1400.3128,,,0.4,1.68,0.895,0.84,19021
66,85,80,71,65.06178938,249320,134632.8,18.935,6000,717.685,,,0.4,0.861,0.895,0.54,18935
67,85,80,71,65.06178938,251190,143178.3,18.986,6475,848.7154,,,0.4,1.0182,0.895,0.57,18986
68,85,80,71,65.06178938,258761,157844.21,19.121,8000,1400.3128,,,0.4,1.68,0.895,0.61,19121
69,85,85,71,51.07600248,253263,159555.69,18.969,6000,717.685,,,0.4,0.861,0.895,0.63,18969
70,85,85,71,51.07600248,255133,168387.78,19.019,6475,848.7154,,,0.4,1.0182,0.895,0.66,19019
71,85,85,71,51.07600248,262704,183892.8,19.155,8000,1400.3128,,,0.4,1.68,0.895,0.7,19155
72,95,80,59,27.74017492,217834,217834,20.95,6000,717.685,,,0.4,0.861,0.895,1,20950
73,95,80,59,27.74017492,219704,219704,21.001,6475,848.7154,,,0.4,1.0182,0.895,1,21001
74,95,80,59,27.74017492,227276,227276,21.136,8000,1400.3128,,,0.4,1.68,0.895,1,21136
75,95,85,59,19.33867393,221777,221777,20.983,6000,717.685,,,0.4,0.861,0.895,1,20983
76,95,85,59,19.33867393,223647,223647,21.034,6475,848.7154,,,0.4,1.0182,0.895,1,21034
77,95,85,59,19.33867393,231218,231218,21.169,8000,1400.3128,,,0.4,1.68,0.895,1,21169
78,95,80,63,39.16764156,221139,181333.98,20.936,6000,717.685,,,0.4,0.861,0.895,0.82,20936
79,95,80,63,39.16764156,223009,189557.65,20.987,6475,848.7154,,,0.4,1.0182,0.895,0.85,20987
80,95,80,63,39.16764156,230581,230581,21.122,8000,1400.3128,,,0.4,1.68,0.895,1,21122
81,95,85,63,29.05629383,225082,225082,20.97,6000,717.685,,,0.4,0.861,0.895,1,20970
82,95,85,63,29.05629383,226952,226952,21.02,6475,848.7154,,,0.4,1.0182,0.895,1,21020
83,95,85,63,29.05629383,234523,234523,21.156,8000,1400.3128,,,0.4,1.68,0.895,1,21156
84,95,80,67,51.57236381,228130,157409.7,20.906,6000,717.685,,,0.4,0.861,0.895,0.69,20906
85,95,80,67,51.57236381,230000,165600,20.957,6475,848.7154,,,0.4,1.0182,0.895,0.72,20957
86,95,80,67,51.57236381,237571,180553.96,21.092,8000,1400.3128,,,0.4,1.68,0.895,0.76,21092
87,95,85,67,39.60494643,232072,183336.88,20.94,6000,717.685,,,0.4,0.861,0.895,0.79,20940
88,95,85,67,39.60494643,233942,191832.44,20.991,6475,848.7154,,,0.4,1.0182,0.895,0.82,20991
89,95,85,67,39.60494643,241514,207702.04,21.126,8000,1400.3128,,,0.4,1.68,0.895,0.86,21126
90,95,80,71,65.06178938,238807,131343.85,21.04,6000,717.685,,,0.4,0.861,0.895,0.55,21040
91,95,80,71,65.06178938,240677,139592.66,21.09,6475,848.7154,,,0.4,1.0182,0.895,0.58,21090
92,95,80,71,65.06178938,248248,156396.24,21.226,8000,1400.3128,,,0.4,1.68,0.895,0.63,21226
93,95,85,71,51.07600248,242750,157787.5,21.073,6000,717.685,,,0.4,0.861,0.895,0.65,21073
94,95,85,71,51.07600248,244620,166341.6,21.124,6475,848.7154,,,0.4,1.0182,0.895,0.68,21124
95,95,85,71,51.07600248,252191,181577.52,21.259,8000,1400.3128,,,0.4,1.68,0.895,0.72,21259
96,105,80,59,27.74017492,204986,204986,23.301,6000,588.334,,,0.35,0.7058,0.895,1,23301
97,105,80,59,27.74017492,206856,206856,23.352,6475,773.3623,,,0.35,0.9278,0.895,1,23352
98,105,80,59,27.74017492,214428,214428,23.487,8000,1400.3128,,,0.4,1.68,0.895,1,23487
99,105,85,59,19.33867393,208929,208929,23.335,6000,588.334,,,0.35,0.7058,0.895,1,23335
100,105,85,59,19.33867393,210799,210799,23.385,6475,773.3623,,,0.35,0.9278,0.895,1,23385
101,105,85,59,19.33867393,218370,218370,23.521,8000,1400.3128,,,0.4,1.68,0.895,1,23521
102,105,80,63,39.16764156,208291,208291,23.287,6000,588.334,,,0.35,0.7058,0.895,1,23287
103,105,80,63,39.16764156,210161,210161,23.338,6475,773.3623,,,0.35,0.9278,0.895,1,23338
104,105,80,63,39.16764156,217733,217733,23.473,8000,1400.3128,,,0.4,1.68,0.895,1,23473
105,105,85,63,29.05629383,212234,212234,23.321,6000,717.685,,,0.4,0.861,0.895,1,23321
106,105,85,63,29.05629383,214104,214104,23.372,6475,848.7154,,,0.4,1.0182,0.895,1,23372
107,105,85,63,29.05629383,221675,221675,23.507,8000,1400.3128,,,0.4,1.68,0.895,1,23507
108,105,80,67,51.57236381,215282,152850.22,23.258,6000,717.685,,,0.4,0.861,0.895,0.71,23258
109,105,80,67,51.57236381,217152,160692.48,23.308,6475,848.7154,,,0.4,1.0182,0.895,0.74,23308
110,105,80,67,51.57236381,224723,175283.94,23.444,8000,1400.3128,,,0.4,1.68,0.895,0.78,23444
111,105,85,67,39.60494643,219224,177571.44,23.291,6000,717.685,,,0.4,0.861,0.895,0.81,23291
112,105,85,67,39.60494643,221094,185718.96,23.342,6475,848.7154,,,0.4,1.0182,0.895,0.84,23342
113,105,85,67,39.60494643,228666,201226.08,23.477,8000,1400.3128,,,0.4,1.68,0.895,0.88,23477
114,105,80,71,65.06178938,225959,131056.22,23.391,6000,717.685,,,0.4,0.861,0.895,0.58,23391
115,105,80,71,65.06178938,227829,138975.69,23.442,6475,848.7154,,,0.4,1.0182,0.895,0.61,23442
116,105,80,71,65.06178938,235400,153010,23.577,8000,1400.3128,,,0.4,1.68,0.895,0.65,23577
117,105,85,71,51.07600248,229902,154034.34,23.424,6000,717.685,,,0.4,0.861,0.895,0.67,23424
118,105,85,71,51.07600248,231772,162240.4,23.475,6475,848.7154,,,0.4,1.0182,0.895,0.7,23475
119,105,85,71,51.07600248,239343,177113.82,23.61,8000,1400.3128,,,0.4,1.68,0.895,0.74,23610
120,115,80,59,27.74017492,193257,193257,26.06,6000,588.334,,,0.35,0.7058,0.895,1,26060
121,115,80,59,27.74017492,195127,195127,26.111,6475,773.3623,,,0.35,0.9278,0.895,1,26111
122,115,80,59,27.74017492,202698,202698,26.246,8000,1381.5587,,,0.35,1.6575,0.895,1,26246
123,115,85,59,19.33867393,197200,197200,26.093,6000,588.334,,,0.35,0.7058,0.895,1,26093
124,115,85,59,19.33867393,199070,199070,26.144,6475,773.3623,,,0.35,0.9278,0.895,1,26144
125,115,85,59,19.33867393,206641,206641,26.279,8000,1381.5587,,,0.35,1.6575,0.895,1,26279
126,115,80,63,39.16764156,196562,196562,26.046,6000,588.334,,,0.35,0.7058,0.895,1,26046
127,115,80,63,39.16764156,198432,198432,26.097,6475,773.3623,,,0.35,0.9278,0.895,1,26097
128,115,80,63,39.16764156,206003,206003,26.232,8000,1381.5587,,,0.35,1.6575,0.895,1,26232
129,115,85,63,29.05629383,200505,200505,26.079,6000,588.334,,,0.35,0.7058,0.895,1,26079
130,115,85,63,29.05629383,202375,202375,26.13,6475,773.3623,,,0.35,0.9278,0.895,1,26130
131,115,85,63,29.05629383,209946,209946,26.265,8000,1381.5587,,,0.35,1.6575,0.895,1,26265
132,115,80,67,51.57236381,203552,154699.52,26.016,6000,588.334,,,0.35,0.7058,0.895,0.76,26016
133,115,80,67,51.57236381,205423,162284.17,26.067,6475,773.3623,,,0.35,0.9278,0.895,0.79,26067
134,115,80,67,51.57236381,212994,176785.02,26.202,8000,1400.3128,,,0.4,1.68,0.895,0.83,26202
135,115,85,67,39.60494643,207495,178445.7,26.05,6000,588.334,,,0.35,0.7058,0.895,0.86,26050
136,115,85,67,39.60494643,209365,209365,26.1,6475,773.3623,,,0.35,0.9278,0.895,1,26100
137,115,85,67,39.60494643,216936,216936,26.236,8000,1400.3128,,,0.4,1.68,0.895,1,26236
138,115,80,71,65.06178938,214230,132822.6,26.15,6000,717.685,,,0.4,0.861,0.895,0.62,26150
139,115,80,71,65.06178938,216100,140465,26.2,6475,848.7154,,,0.4,1.0182,0.895,0.65,26200
140,115,80,71,65.06178938,223671,156569.7,26.336,8000,1400.3128,,,0.4,1.68,0.895,0.7,26336
141,115,85,71,51.07600248,218173,157084.56,26.183,6000,717.685,,,0.4,0.861,0.895,0.72,26183
142,115,85,71,51.07600248,220043,165032.25,26.234,6475,848.7154,,,0.4,1.0182,0.895,0.75,26234
143,115,85,71,51.07600248,227614,179815.06,26.369,8000,1400.3128,,,0.4,1.68,0.895,0.79,26369
0,65,70,59,52.72176242,296034,171699.72,21.453,7500,1034.8004,,DFC300,0.45,1.272,0.917,0.58,21453
1,65,70,59,52.72176242,298920,182341.2,21.538,8250,1380.5097,,,0.45,1.697,0.917,0.61,21538
2,65,70,59,52.72176242,307364,199786.6,21.702,10000,2507.4079,,,0.45,3.0822,0.917,0.65,21702
3,65,75,59,38.62936875,296206,207344.2,21.438,7500,1034.8004,,,0.45,1.272,0.917,0.7,21438
4,65,75,59,38.62936875,299092,218337.16,21.523,8250,1380.5097,,,0.45,1.697,0.917,0.73,21523
5,65,75,59,38.62936875,307536,236802.72,21.687,10000,2507.4079,,,0.45,3.0822,0.917,0.77,21687
6,65,70,63,68.68656767,300201,153102.51,21.434,7500,1034.8004,,,0.45,1.272,0.917,0.51,21434
7,65,70,63,68.68656767,303087,163666.98,21.52,8250,1380.5097,,,0.45,1.697,0.917,0.54,21520
8,65,70,63,68.68656767,311531,180687.98,21.684,10000,2507.4079,,,0.45,3.0822,0.917,0.58,21684
9,65,75,63,52.11286489,300373,189234.99,21.419,7500,1034.8004,,,0.45,1.272,0.917,0.63,21419
10,65,75,63,52.11286489,303259,200150.94,21.505,8250,1380.5097,,,0.45,1.697,0.917,0.66,21505
11,65,75,63,52.11286489,311703,218192.1,21.669,10000,2507.4079,,,0.45,3.0822,0.917,0.7,21669
12,65,70,67,86.01665326,309015,117425.7,21.395,7500,1034.8004,,,0.45,1.272,0.917,0.38,21395
13,65,70,67,86.01665326,311901,130998.42,21.48,8250,1380.5097,,,0.45,1.697,0.917,0.42,21480
14,65,70,67,86.01665326,320345,147358.7,21.644,10000,2507.4079,,,0.45,3.0822,0.917,0.46,21644
15,65,75,67,66.74944445,309187,154593.5,21.38,7500,1034.8004,,,0.45,1.272,0.917,0.5,21380
16,65,75,67,66.74944445,312073,168519.42,21.465,8250,1380.5097,,,0.45,1.697,0.917,0.54,21465
17,65,75,67,66.74944445,320517,185899.86,21.629,10000,2507.4079,,,0.45,3.0822,0.917,0.58,21629
18,65,70,71,104.8621296,,0,0,7500,0,,,,,0.917,,
19,65,70,71,104.8621296,,0,0,8250,0,,,,,0.917,,
20,65,70,71,104.8621296,,0,0,10000,0,,,,,0.917,,
21,65,75,71,82.66588712,322650,119380.5,21.557,7500,1034.8004,,,0.45,1.272,0.917,0.37,21557
22,65,75,71,82.66588712,325536,133469.76,21.643,8250,1380.5097,,,0.45,1.697,0.917,0.41,21643
23,65,75,71,82.66588712,333980,150291,21.807,10000,2507.4079,,,0.45,3.0822,0.917,0.45,21807
24,75,70,59,52.72176242,293393,170167.94,23.779,7500,1034.8004,,,0.45,1.272,0.917,0.58,23779
25,75,70,59,52.72176242,296279,183692.98,23.864,8250,1380.5097,,,0.45,1.697,0.917,0.62,23864
26,75,70,59,52.72176242,304723,201117.18,24.028,10000,2507.4079,,,0.45,3.0822,0.917,0.66,24028
27,75,75,59,38.62936875,293564,205494.8,23.764,7500,1034.8004,,,0.45,1.272,0.917,0.7,23764
28,75,75,59,38.62936875,296450,219373,23.849,8250,1380.5097,,,0.45,1.697,0.917,0.74,23849
29,75,75,59,38.62936875,304895,237818.1,24.013,10000,2507.4079,,,0.45,3.0822,0.917,0.78,24013
30,75,70,63,68.68656767,297560,151755.6,23.761,7500,1034.8004,,,0.45,1.272,0.917,0.51,23761
31,75,70,63,68.68656767,300446,165245.3,23.846,8250,1380.5097,,,0.45,1.697,0.917,0.55,23846
32,75,70,63,68.68656767,308890,182245.1,24.01,10000,2507.4079,,,0.45,3.0822,0.917,0.59,24010
33,75,75,63,52.11286489,297732,187571.16,23.746,7500,1034.8004,,,0.45,1.272,0.917,0.63,23746
34,75,75,63,52.11286489,300618,201414.06,23.831,8250,1380.5097,,,0.45,1.697,0.917,0.67,23831
35,75,75,63,52.11286489,309062,219434.02,23.995,10000,2507.4079,,,0.45,3.0822,0.917,0.71,23995
36,75,70,67,86.01665326,306374,119485.86,23.721,7500,1034.8004,,,0.45,1.272,0.917,0.39,23721
37,75,70,67,86.01665326,309260,129889.2,23.806,8250,1380.5097,,,0.45,1.697,0.917,0.42,23806
38,75,70,67,86.01665326,317704,149320.88,23.97,10000,2507.4079,,,0.45,3.0822,0.917,0.47,23970
39,75,75,67,66.74944445,306546,156338.46,23.706,7500,1034.8004,,,0.45,1.272,0.917,0.51,23706
40,75,75,67,66.74944445,309431,167092.74,23.791,8250,1380.5097,,,0.45,1.697,0.917,0.54,23791
41,75,75,67,66.74944445,317876,184368.08,23.955,10000,2507.4079,,,0.45,3.0822,0.917,0.58,23955
42,75,70,71,104.8621296,,0,0,7500,0,,,,,0.917,,
43,75,70,71,104.8621296,,0,0,8250,0,,,,,0.917,,
44,75,70,71,104.8621296,,0,0,10000,0,,,,,0.917,,
45,75,75,71,82.66588712,320009,118403.33,23.884,7500,1034.8004,,,0.45,1.272,0.917,0.37,23884
46,75,75,71,82.66588712,322895,132386.95,23.969,8250,1380.5097,,,0.45,1.697,0.917,0.41,23969
47,75,75,71,82.66588712,331339,149102.55,24.133,10000,2507.4079,,,0.45,3.0822,0.917,0.45,24133
48,85,70,59,52.72176242,285688,174269.68,26.376,7500,1034.8004,,,0.45,1.272,0.917,0.61,26376
49,85,70,59,52.72176242,288574,184687.36,26.461,8250,1380.5097,,,0.45,1.697,0.917,0.64,26461
50,85,70,59,52.72176242,297019,201972.92,26.625,10000,2507.4079,,,0.45,3.0822,0.917,0.68,26625
51,85,75,59,38.62936875,285860,205819.2,26.36,7500,1034.8004,,,0.45,1.272,0.917,0.72,26360
52,85,75,59,38.62936875,288746,219446.96,26.446,8250,1380.5097,,,0.45,1.697,0.917,0.76,26446
53,85,75,59,38.62936875,297191,297191,26.61,10000,2507.4079,,,0.45,3.0822,0.917,1,26610
54,85,70,63,68.68656767,289855,156521.7,26.357,7500,1034.8004,,,0.45,1.272,0.917,0.54,26357
55,85,70,63,68.68656767,292741,166862.37,26.443,8250,1380.5097,,,0.45,1.697,0.917,0.57,26443
56,85,70,63,68.68656767,301186,183723.46,26.607,10000,2507.4079,,,0.45,3.0822,0.917,0.61,26607
57,85,75,63,52.11286489,290027,188517.55,26.342,7500,1034.8004,,,0.45,1.272,0.917,0.65,26342
58,85,75,63,52.11286489,292913,202109.97,26.427,8250,1380.5097,,,0.45,1.697,0.917,0.69,26427
59,85,75,63,52.11286489,301358,219991.34,26.592,10000,2507.4079,,,0.45,3.0822,0.917,0.73,26592
60,85,70,67,86.01665326,298669,122454.29,26.318,7500,1034.8004,,,0.45,1.272,0.917,0.41,26318
61,85,70,67,86.01665326,301555,135699.75,26.403,8250,1380.5097,,,0.45,1.697,0.917,0.45,26403
62,85,70,67,86.01665326,310000,151900,26.567,10000,2507.4079,,,0.45,3.0822,0.917,0.49,26567
63,85,75,67,66.74944445,298841,158385.73,26.302,7500,1034.8004,,,0.45,1.272,0.917,0.53,26302
64,85,75,67,66.74944445,301727,171984.39,26.388,8250,1380.5097,,,0.45,1.697,0.917,0.57,26388
65,85,75,67,66.74944445,310172,189204.92,26.552,10000,2507.4079,,,0.45,3.0822,0.917,0.61,26552
66,85,70,71,104.8621296,,0,0,7500,0,,,,,0.917,,
67,85,70,71,104.8621296,,0,0,8250,0,,,,,0.917,,
68,85,70,71,104.8621296,,0,0,10000,0,,,,,0.917,,
69,85,75,71,82.66588712,312304,124921.6,26.48,7500,1034.8004,,,0.45,1.272,0.917,0.4,26480
70,85,75,71,82.66588712,315190,135531.7,26.566,8250,1380.5097,,,0.45,1.697,0.917,0.43,26566
71,85,75,71,82.66588712,323635,155344.8,26.73,10000,2507.4079,,,0.45,3.0822,0.917,0.48,26730
72,95,70,59,52.72176242,272433,168908.46,29.186,7500,1020.5467,,,0.4,1.2545,0.917,0.62,29186
73,95,70,59,52.72176242,275319,181710.54,29.271,8250,1354.1248,,,0.4,1.6645,0.917,0.66,29271
74,95,70,59,52.72176242,283763,198634.1,29.435,10000,2507.4079,,,0.45,3.0822,0.917,0.7,29435
75,95,75,59,38.62936875,272605,272605,29.171,7500,1020.5467,,,0.4,1.2545,0.917,1,29171
76,95,75,59,38.62936875,275491,275491,29.256,8250,1354.1248,,,0.4,1.6645,0.917,1,29256
77,95,75,59,38.62936875,283935,283935,29.42,10000,2507.4079,,,0.45,3.0822,0.917,1,29420
78,95,70,63,68.68656767,276600,152130,29.167,7500,1020.5467,,,0.4,1.2545,0.917,0.55,29167
79,95,70,63,68.68656767,279486,164896.74,29.253,8250,1354.1248,,,0.4,1.6645,0.917,0.59,29253
80,95,70,63,68.68656767,287931,181396.53,29.417,10000,2507.4079,,,0.45,3.0822,0.917,0.63,29417
81,95,75,63,52.11286489,276772,185437.24,29.152,7500,1020.5467,,,0.4,1.2545,0.917,0.67,29152
82,95,75,63,52.11286489,279658,198557.18,29.237,8250,1354.1248,,,0.4,1.6645,0.917,0.71,29237
83,95,75,63,52.11286489,288103,216077.25,29.402,10000,2507.4079,,,0.45,3.0822,0.917,0.75,29402
84,95,70,67,86.01665326,285414,122728.02,29.128,7500,1034.8004,,,0.45,1.272,0.917,0.43,29128
85,95,70,67,86.01665326,288300,135501,29.213,8250,1380.5097,,,0.45,1.697,0.917,0.47,29213
86,95,70,67,86.01665326,296744,151339.44,29.377,10000,2507.4079,,,0.45,3.0822,0.917,0.51,29377
87,95,75,67,66.74944445,285586,157072.3,29.112,7500,1034.8004,,,0.45,1.272,0.917,0.55,29112
88,95,75,67,66.74944445,288472,167313.76,29.198,8250,1380.5097,,,0.45,1.697,0.917,0.58,29198
89,95,75,67,66.74944445,296916,187057.08,29.362,10000,2507.4079,,,0.45,3.0822,0.917,0.63,29362
90,95,70,71,104.8621296,,0,0,7500,0,,,,,0.917,,
91,95,70,71,104.8621296,,0,0,8250,0,,,,,0.917,,
92,95,70,71,104.8621296,,0,0,10000,0,,,,,0.917,,
93,95,75,71,82.66588712,299049,125600.58,29.29,7500,1034.8004,,,0.45,1.272,0.917,0.42,29290
94,95,75,71,82.66588712,301935,135870.75,29.376,8250,1380.5097,,,0.45,1.697,0.917,0.45,29376
95,95,75,71,82.66588712,310379,152085.71,29.54,10000,2507.4079,,,0.45,3.0822,0.917,0.49,29540
96,105,70,59,52.72176242,256233,163989.12,32.325,7500,1020.5467,,,0.4,1.2545,0.917,0.64,32325
97,105,70,59,52.72176242,259119,176200.92,32.41,8250,1354.1248,,,0.4,1.6645,0.917,0.68,32410
98,105,70,59,52.72176242,267564,267564,32.575,10000,2483.4847,,,0.4,3.0528,0.917,1,32575
99,105,75,59,38.62936875,256405,256405,32.31,7500,1020.5467,,,0.4,1.2545,0.917,1,32310
100,105,75,59,38.62936875,259291,259291,32.395,8250,1354.1248,,,0.4,1.6645,0.917,1,32395
101,105,75,59,38.62936875,267736,267736,32.56,10000,2483.4847,,,0.4,3.0528,0.917,1,32560
102,105,70,63,68.68656767,260400,148428,32.307,7500,1020.5467,,,0.4,1.2545,0.917,0.57,32307
103,105,70,63,68.68656767,263286,160604.46,32.392,8250,1354.1248,,,0.4,1.6645,0.917,0.61,32392
104,105,70,63,68.68656767,271731,176625.15,32.556,10000,2483.4847,,,0.4,3.0528,0.917,0.65,32556
105,105,75,63,52.11286489,260572,179794.68,32.292,7500,1020.5467,,,0.4,1.2545,0.917,0.69,32292
106,105,75,63,52.11286489,263458,192324.34,32.377,8250,1354.1248,,,0.4,1.6645,0.917,0.73,32377
107,105,75,63,52.11286489,271903,209365.31,32.541,10000,2483.4847,,,0.4,3.0528,0.917,0.77,32541
108,105,70,67,86.01665326,269214,121146.3,32.267,7500,1020.5467,,,0.4,1.2545,0.917,0.45,32267
109,105,70,67,86.01665326,272100,133329,32.352,8250,1354.1248,,,0.4,1.6645,0.917,0.49,32352
110,105,70,67,86.01665326,280545,148688.85,32.517,10000,2507.4079,,,0.45,3.0822,0.917,0.53,32517
111,105,75,67,66.74944445,269386,153550.02,32.252,7500,1020.5467,,,0.4,1.2545,0.917,0.57,32252
112,105,75,67,66.74944445,272272,163363.2,32.337,8250,1354.1248,,,0.4,1.6645,0.917,0.6,32337
113,105,75,67,66.74944445,280717,182466.05,32.502,10000,2507.4079,,,0.45,3.0822,0.917,0.65,32502
114,105,70,71,104.8621296,,0,0,7500,0,,,,,0.917,,
115,105,70,71,104.8621296,,0,0,8250,0,,,,,0.917,,
116,105,70,71,104.8621296,,0,0,10000,0,,,,,0.917,,
117,105,75,71,82.66588712,282849,124453.56,32.43,7500,1034.8004,,,0.45,1.272,0.917,0.44,32430
118,105,75,71,82.66588712,285735,134295.45,32.515,8250,1380.5097,,,0.45,1.697,0.917,0.47,32515
119,105,75,71,82.66588712,294180,150031.8,32.68,10000,2507.4079,,,0.45,3.0822,0.917,0.51,32680
120,115,70,59,52.72176242,241444,241444,36.009,7500,1020.5467,,,0.4,1.2545,0.917,1,36009
121,115,70,59,52.72176242,244330,244330,36.094,8250,1354.1248,,,0.4,1.6645,0.917,1,36094
122,115,70,59,52.72176242,252775,252775,36.258,10000,2483.4847,,,0.4,3.0528,0.917,1,36258
123,115,75,59,38.62936875,241616,241616,35.994,7500,1020.5467,,,0.4,1.2545,0.917,1,35994
124,115,75,59,38.62936875,244502,244502,36.079,8250,1354.1248,,,0.4,1.6645,0.917,1,36079
125,115,75,59,38.62936875,252947,252947,36.243,10000,2483.4847,,,0.4,3.0528,0.917,1,36243
126,115,70,63,68.68656767,245611,152278.82,35.99,7500,1020.5467,,,0.4,1.2545,0.917,0.62,35990
127,115,70,63,68.68656767,248497,164008.02,36.076,8250,1354.1248,,,0.4,1.6645,0.917,0.66,36076
128,115,70,63,68.68656767,256942,179859.4,36.24,10000,2483.4847,,,0.4,3.0528,0.917,0.7,36240
129,115,75,63,52.11286489,245783,181879.42,35.975,7500,1020.5467,,,0.4,1.2545,0.917,0.74,35975
130,115,75,63,52.11286489,248669,193961.82,36.06,8250,1354.1248,,,0.4,1.6645,0.917,0.78,36060
131,115,75,63,52.11286489,257114,210833.48,36.225,10000,2483.4847,,,0.4,3.0528,0.917,0.82,36225
132,115,70,67,86.01665326,254425,127212.5,35.951,7500,1020.5467,,,0.4,1.2545,0.917,0.5,35951
133,115,70,67,86.01665326,257311,136374.83,36.036,8250,1354.1248,,,0.4,1.6645,0.917,0.53,36036
134,115,70,67,86.01665326,265756,151480.92,36.2,10000,2483.4847,,,0.4,3.0528,0.917,0.57,36200
135,115,75,67,66.74944445,254597,155304.17,35.935,7500,1020.5467,,,0.4,1.2545,0.917,0.61,35935
136,115,75,67,66.74944445,257483,167363.95,36.021,8250,1354.1248,,,0.4,1.6645,0.917,0.65,36021
137,115,75,67,66.74944445,265928,183490.32,36.185,10000,2483.4847,,,0.4,3.0528,0.917,0.69,36185
138,115,70,71,104.8621296,,0,0,7500,0,,,,,0.917,,
139,115,70,71,104.8621296,,0,0,8250,0,,,,,0.917,,
140,115,70,71,104.8621296,,0,0,10000,0,,,,,0.917,,
141,115,75,71,82.66588712,268060,128668.8,36.113,7500,1020.5467,,,0.4,1.2545,0.917,0.48,36113
142,115,75,71,82.66588712,270946,140891.92,36.199,8250,1354.1248,,,0.4,1.6645,0.917,0.52,36199
143,115,75,71,82.66588712,279391,156458.96,36.363,10000,2483.4847,,,0.4,3.0528,0.917,0.56,36363
0,65,80,59,27.74017492,297734,241164.54,21.45,7500,1034.8004,,,0.45,1.272,0.917,0.81,21450
1,65,80,59,27.74017492,300620,255527,21.535,8250,1380.5097,,,0.45,1.697,0.917,0.85,21535
2,65,80,59,27.74017492,309065,275067.85,21.699,10000,2507.4079,,,0.45,3.0822,0.917,0.89,21699
3,65,85,59,19.33867393,302705,302705,21.494,7500,1034.8004,,,0.45,1.272,0.917,1,21494
4,65,85,59,19.33867393,305591,305591,21.58,8250,1380.5097,,,0.45,1.697,0.917,1,21580
5,65,85,59,19.33867393,314036,314036,21.744,10000,2507.4079,,,0.45,3.0822,0.917,1,21744
6,65,80,63,39.16764156,301901,223406.74,21.432,7500,1034.8004,,,0.45,1.272,0.917,0.74,21432
7,65,80,63,39.16764156,304787,237733.86,21.517,8250,1380.5097,,,0.45,1.697,0.917,0.78,21517
8,65,80,63,39.16764156,313232,256850.24,21.681,10000,2507.4079,,,0.45,3.0822,0.917,0.82,21681
9,65,85,63,29.05629383,306873,254704.59,21.476,7500,1034.8004,,,0.45,1.272,0.917,0.83,21476
10,65,85,63,29.05629383,309759,269490.33,21.561,8250,1380.5097,,,0.45,1.697,0.917,0.87,21561
11,65,85,63,29.05629383,318203,289564.73,21.726,10000,2507.4079,,,0.45,3.0822,0.917,0.91,21726
12,65,80,67,51.57236381,310715,192643.3,21.392,7500,1034.8004,,,0.45,1.272,0.917,0.62,21392
13,65,80,67,51.57236381,313601,203840.65,21.477,8250,1380.5097,,,0.45,1.697,0.917,0.65,21477
14,65,80,67,51.57236381,322046,222211.74,21.641,10000,2507.4079,,,0.45,3.0822,0.917,0.69,21641
15,65,85,67,39.60494643,315686,224137.06,21.436,7500,1034.8004,,,0.45,1.272,0.917,0.71,21436
16,65,85,67,39.60494643,318572,238929,21.522,8250,1380.5097,,,0.45,1.697,0.917,0.75,21522
17,65,85,67,39.60494643,327017,258343.43,21.686,10000,2507.4079,,,0.45,3.0822,0.917,0.79,21686
18,65,80,71,65.06178938,324178,155605.44,21.57,7500,1034.8004,,,0.45,1.272,0.917,0.48,21570
19,65,80,71,65.06178938,327064,170073.28,21.655,8250,1380.5097,,,0.45,1.697,0.917,0.52,21655
20,65,80,71,65.06178938,335509,187885.04,21.819,10000,2507.4079,,,0.45,3.0822,0.917,0.56,21819
21,65,85,71,51.07600248,329149,190906.42,21.614,7500,1034.8004,,,0.45,1.272,0.917,0.58,21614
22,65,85,71,51.07600248,332035,205861.7,21.699,8250,1380.5097,,,0.45,1.697,0.917,0.62,21699
23,65,85,71,51.07600248,340480,224716.8,21.864,10000,2507.4079,,,0.45,3.0822,0.917,0.66,21864
24,75,80,59,27.74017492,295093,295093,23.776,7500,1034.8004,,,0.45,1.272,0.917,1,23776
25,75,80,59,27.74017492,297979,297979,23.861,8250,1380.5097,,,0.45,1.697,0.917,1,23861
26,75,80,59,27.74017492,306423,306423,24.026,10000,2507.4079,,,0.45,3.0822,0.917,1,24026
27,75,85,59,19.33867393,300064,300064,23.821,7500,1034.8004,,,0.45,1.272,0.917,1,23821
28,75,85,59,19.33867393,302950,302950,23.906,8250,1380.5097,,,0.45,1.697,0.917,1,23906
29,75,85,59,19.33867393,311395,311395,24.07,10000,2507.4079,,,0.45,3.0822,0.917,1,24070
30,75,80,63,39.16764156,299260,224445,23.758,7500,1034.8004,,,0.45,1.272,0.917,0.75,23758
31,75,80,63,39.16764156,302146,235673.88,23.843,8250,1380.5097,,,0.45,1.697,0.917,0.78,23843
32,75,80,63,39.16764156,310591,254684.62,24.007,10000,2507.4079,,,0.45,3.0822,0.917,0.82,24007
33,75,85,63,29.05629383,304232,255554.88,23.802,7500,1034.8004,,,0.45,1.272,0.917,0.84,23802
34,75,85,63,29.05629383,307118,270263.84,23.887,8250,1380.5097,,,0.45,1.697,0.917,0.88,23887
35,75,85,63,29.05629383,315562,290317.04,24.052,10000,2507.4079,,,0.45,3.0822,0.917,0.92,24052
36,75,80,67,51.57236381,308074,191005.88,23.718,7500,1034.8004,,,0.45,1.272,0.917,0.62,23718
37,75,80,67,51.57236381,310960,205233.6,23.803,8250,1380.5097,,,0.45,1.697,0.917,0.66,23803
38,75,80,67,51.57236381,319404,223582.8,23.968,10000,2507.4079,,,0.45,3.0822,0.917,0.7,23968
39,75,85,67,39.60494643,313045,225392.4,23.762,7500,1034.8004,,,0.45,1.272,0.917,0.72,23762
40,75,85,67,39.60494643,315931,236948.25,23.848,8250,1380.5097,,,0.45,1.697,0.917,0.75,23848
41,75,85,67,39.60494643,324376,256257.04,24.012,10000,2507.4079,,,0.45,3.0822,0.917,0.79,24012
42,75,80,71,65.06178938,321537,157553.13,23.896,7500,1034.8004,,,0.45,1.272,0.917,0.49,23896
43,75,80,71,65.06178938,324423,171944.19,23.981,8250,1380.5097,,,0.45,1.697,0.917,0.53,23981
44,75,80,71,65.06178938,332868,189734.76,24.145,10000,2507.4079,,,0.45,3.0822,0.917,0.57,24145
45,75,85,71,51.07600248,326508,189374.64,23.94,7500,1034.8004,,,0.45,1.272,0.917,0.58,23940
46,75,85,71,51.07600248,329394,204224.28,24.026,8250,1380.5097,,,0.45,1.697,0.917,0.62,24026
47,75,85,71,51.07600248,337839,222973.74,24.19,10000,2507.4079,,,0.45,3.0822,0.917,0.66,24190
48,85,80,59,27.74017492,287389,287389,26.373,7500,1034.8004,,,0.45,1.272,0.917,1,26373
49,85,80,59,27.74017492,290275,290275,26.458,8250,1380.5097,,,0.45,1.697,0.917,1,26458
50,85,80,59,27.74017492,298719,298719,26.622,10000,2507.4079,,,0.45,3.0822,0.917,1,26622
51,85,85,59,19.33867393,292360,292360,26.417,7500,1034.8004,,,0.45,1.272,0.917,1,26417
52,85,85,59,19.33867393,295246,295246,26.502,8250,1380.5097,,,0.45,1.697,0.917,1,26502
53,85,85,59,19.33867393,303690,303690,26.667,10000,2507.4079,,,0.45,3.0822,0.917,1,26667
54,85,80,63,39.16764156,291556,224498.12,26.354,7500,1034.8004,,,0.45,1.272,0.917,0.77,26354
55,85,80,63,39.16764156,294442,238498.02,26.44,8250,1380.5097,,,0.45,1.697,0.917,0.81,26440
56,85,80,63,39.16764156,302886,257453.1,26.604,10000,2507.4079,,,0.45,3.0822,0.917,0.85,26604
57,85,85,63,29.05629383,296527,255013.22,26.399,7500,1034.8004,,,0.45,1.272,0.917,0.86,26399
58,85,85,63,29.05629383,299413,269471.7,26.484,8250,1380.5097,,,0.45,1.697,0.917,0.9,26484
59,85,85,63,29.05629383,307858,307858,26.648,10000,2507.4079,,,0.45,3.0822,0.917,1,26648
60,85,80,67,51.57236381,300370,192236.8,26.315,7500,1034.8004,,,0.45,1.272,0.917,0.64,26315
61,85,80,67,51.57236381,303256,206214.08,26.4,8250,1380.5097,,,0.45,1.697,0.917,0.68,26400
62,85,80,67,51.57236381,311700,224424,26.564,10000,2507.4079,,,0.45,3.0822,0.917,0.72,26564
63,85,85,67,39.60494643,305341,225952.34,26.359,7500,1034.8004,,,0.45,1.272,0.917,0.74,26359
64,85,85,67,39.60494643,308227,240417.06,26.444,8250,1380.5097,,,0.45,1.697,0.917,0.78,26444
65,85,85,67,39.60494643,316671,259670.22,26.609,10000,2507.4079,,,0.45,3.0822,0.917,0.82,26609
66,85,80,71,65.06178938,313833,160054.83,26.493,7500,1034.8004,,,0.45,1.272,0.917,0.51,26493
67,85,80,71,65.06178938,316719,174195.45,26.578,8250,1380.5097,,,0.45,1.697,0.917,0.55,26578
68,85,80,71,65.06178938,325163,191846.17,26.742,10000,2507.4079,,,0.45,3.0822,0.917,0.59,26742
69,85,85,71,51.07600248,318804,194470.44,26.537,7500,1034.8004,,,0.45,1.272,0.917,0.61,26537
70,85,85,71,51.07600248,321690,205881.6,26.622,8250,1380.5097,,,0.45,1.697,0.917,0.64,26622
71,85,85,71,51.07600248,330134,224491.12,26.787,10000,2507.4079,,,0.45,3.0822,0.917,0.68,26787
72,95,80,59,27.74017492,274133,274133,29.183,7500,1020.5467,,,0.4,1.2545,0.917,1,29183
73,95,80,59,27.74017492,277019,277019,29.268,8250,1354.1248,,,0.4,1.6645,0.917,1,29268
74,95,80,59,27.74017492,285464,285464,29.432,10000,2507.4079,,,0.45,3.0822,0.917,1,29432
75,95,85,59,19.33867393,279105,279105,29.227,7500,1020.5467,,,0.4,1.2545,0.917,1,29227
76,95,85,59,19.33867393,281991,281991,29.312,8250,1380.5097,,,0.45,1.697,0.917,1,29312
77,95,85,59,19.33867393,290435,290435,29.477,10000,2507.4079,,,0.45,3.0822,0.917,1,29477
78,95,80,63,39.16764156,278301,219857.79,29.164,7500,1020.5467,,,0.4,1.2545,0.917,0.79,29164
79,95,80,63,39.16764156,281187,233385.21,29.25,8250,1380.5097,,,0.45,1.697,0.917,0.83,29250
80,95,80,63,39.16764156,289631,251978.97,29.414,10000,2507.4079,,,0.45,3.0822,0.917,0.87,29414
81,95,85,63,29.05629383,283272,283272,29.209,7500,1034.8004,,,0.45,1.272,0.917,1,29209
82,95,85,63,29.05629383,286158,286158,29.294,8250,1380.5097,,,0.45,1.697,0.917,1,29294
83,95,85,63,29.05629383,294602,294602,29.458,10000,2507.4079,,,0.45,3.0822,0.917,1,29458
84,95,80,67,51.57236381,287114,189495.24,29.125,7500,1034.8004,,,0.45,1.272,0.917,0.66,29125
85,95,80,67,51.57236381,290000,203000,29.21,8250,1380.5097,,,0.45,1.697,0.917,0.7,29210
86,95,80,67,51.57236381,298445,220849.3,29.374,10000,2507.4079,,,0.45,3.0822,0.917,0.74,29374
87,95,85,67,39.60494643,292086,221985.36,29.169,7500,1034.8004,,,0.45,1.272,0.917,0.76,29169
88,95,85,67,39.60494643,294972,233027.88,29.254,8250,1380.5097,,,0.45,1.697,0.917,0.79,29254
89,95,85,67,39.60494643,303416,251835.28,29.419,10000,2507.4079,,,0.45,3.0822,0.917,0.83,29419
90,95,80,71,65.06178938,300577,159305.81,29.303,7500,1034.8004,,,0.45,1.272,0.917,0.53,29303
91,95,80,71,65.06178938,303463,172973.91,29.388,8250,1380.5097,,,0.45,1.697,0.917,0.57,29388
92,95,80,71,65.06178938,311908,190263.88,29.552,10000,2507.4079,,,0.45,3.0822,0.917,0.61,29552
93,95,85,71,51.07600248,305549,189440.38,29.347,7500,1034.8004,,,0.45,1.272,0.917,0.62,29347
94,95,85,71,51.07600248,308435,203567.1,29.432,8250,1380.5097,,,0.45,1.697,0.917,0.66,29432
95,95,85,71,51.07600248,316879,221815.3,29.597,10000,2507.4079,,,0.45,3.0822,0.917,0.7,29597
96,105,80,59,27.74017492,257934,257934,32.322,7500,1020.5467,,,0.4,1.2545,0.917,1,32322
97,105,80,59,27.74017492,260820,260820,32.408,8250,1354.1248,,,0.4,1.6645,0.917,1,32408
98,105,80,59,27.74017492,269264,269264,32.572,10000,2483.4847,,,0.4,3.0528,0.917,1,32572
99,105,85,59,19.33867393,262905,262905,32.367,7500,1020.5467,,,0.4,1.2545,0.917,1,32367
100,105,85,59,19.33867393,265791,265791,32.452,8250,1354.1248,,,0.4,1.6645,0.917,1,32452
101,105,85,59,19.33867393,274236,274236,32.616,10000,2483.4847,,,0.4,3.0528,0.917,1,32616
102,105,80,63,39.16764156,262101,212301.81,32.304,7500,1020.5467,,,0.4,1.2545,0.917,0.81,32304
103,105,80,63,39.16764156,264987,225238.95,32.389,8250,1354.1248,,,0.4,1.6645,0.917,0.85,32389
104,105,80,63,39.16764156,273431,273431,32.554,10000,2483.4847,,,0.4,3.0528,0.917,1,32554
105,105,85,63,29.05629383,267072,267072,32.349,7500,1020.5467,,,0.4,1.2545,0.917,1,32349
106,105,85,63,29.05629383,269958,269958,32.434,8250,1354.1248,,,0.4,1.6645,0.917,1,32434
107,105,85,63,29.05629383,278403,278403,32.598,10000,2483.4847,,,0.4,3.0528,0.917,1,32598
108,105,80,67,51.57236381,270915,184222.2,32.264,7500,1020.5467,,,0.4,1.2545,0.917,0.68,32264
109,105,80,67,51.57236381,273801,197136.72,32.35,8250,1354.1248,,,0.4,1.6645,0.917,0.72,32350
110,105,80,67,51.57236381,282245,214506.2,32.514,10000,2507.4079,,,0.45,3.0822,0.917,0.76,32514
111,105,85,67,39.60494643,275886,215191.08,32.309,7500,1020.5467,,,0.4,1.2545,0.917,0.78,32309
112,105,85,67,39.60494643,278772,225805.32,32.394,8250,1354.1248,,,0.4,1.6645,0.917,0.81,32394
113,105,85,67,39.60494643,287217,244134.45,32.558,10000,2507.4079,,,0.45,3.0822,0.917,0.85,32558
114,105,80,71,65.06178938,284378,156407.9,32.442,7500,1034.8004,,,0.45,1.272,0.917,0.55,32442
115,105,80,71,65.06178938,287264,169485.76,32.527,8250,1380.5097,,,0.45,1.697,0.917,0.59,32527
116,105,80,71,65.06178938,295708,186296.04,32.692,10000,2507.4079,,,0.45,3.0822,0.917,0.63,32692
117,105,85,71,51.07600248,289349,185183.36,32.487,7500,1034.8004,,,0.45,1.272,0.917,0.64,32487
118,105,85,71,51.07600248,292235,198719.8,32.572,8250,1380.5097,,,0.45,1.697,0.917,0.68,32572
119,105,85,71,51.07600248,300680,216489.6,32.736,10000,2507.4079,,,0.45,3.0822,0.917,0.72,32736
120,115,80,59,27.74017492,243145,243145,36.006,7500,1020.5467,,,0.4,1.2545,0.917,1,36006
121,115,80,59,27.74017492,246031,246031,36.091,8250,1354.1248,,,0.4,1.6645,0.917,1,36091
122,115,80,59,27.74017492,254475,254475,36.255,10000,2483.4847,,,0.4,3.0528,0.917,1,36255
123,115,85,59,19.33867393,248116,248116,36.05,7500,1020.5467,,,0.4,1.2545,0.917,1,36050
124,115,85,59,19.33867393,251002,251002,36.136,8250,1354.1248,,,0.4,1.6645,0.917,1,36136
125,115,85,59,19.33867393,259447,259447,36.3,10000,2483.4847,,,0.4,3.0528,0.917,1,36300
126,115,80,63,39.16764156,247312,247312,35.988,7500,1020.5467,,,0.4,1.2545,0.917,1,35988
127,115,80,63,39.16764156,250198,250198,36.073,8250,1354.1248,,,0.4,1.6645,0.917,1,36073
128,115,80,63,39.16764156,258642,258642,36.237,10000,2483.4847,,,0.4,3.0528,0.917,1,36237
129,115,85,63,29.05629383,252283,252283,36.032,7500,1020.5467,,,0.4,1.2545,0.917,1,36032
130,115,85,63,29.05629383,255169,255169,36.117,8250,1354.1248,,,0.4,1.6645,0.917,1,36117
131,115,85,63,29.05629383,263614,263614,36.282,10000,2483.4847,,,0.4,3.0528,0.917,1,36282
132,115,80,67,51.57236381,256126,186971.98,35.948,7500,1020.5467,,,0.4,1.2545,0.917,0.73,35948
133,115,80,67,51.57236381,259012,199439.24,36.033,8250,1354.1248,,,0.4,1.6645,0.917,0.77,36033
134,115,80,67,51.57236381,267456,216639.36,36.197,10000,2483.4847,,,0.4,3.0528,0.917,0.81,36197
135,115,85,67,39.60494643,261097,214099.54,35.992,7500,1020.5467,,,0.4,1.2545,0.917,0.82,35992
136,115,85,67,39.60494643,263983,227289.36,36.077,8250,1354.1248,,,0.4,1.6645,0.917,0.861,36077
137,115,85,67,39.60494643,272428,245185.2,36.242,10000,2483.4847,,,0.4,3.0528,0.917,0.9,36242
138,115,80,71,65.06178938,269589,161753.4,36.126,7500,1020.5467,,,0.4,1.2545,0.917,0.6,36126
139,115,80,71,65.06178938,272475,174384,36.211,8250,1354.1248,,,0.4,1.6645,0.917,0.64,36211
140,115,80,71,65.06178938,280919,191024.92,36.375,10000,2507.4079,,,0.45,3.0822,0.917,0.68,36375
141,115,85,71,51.07600248,274560,189446.4,36.17,7500,1020.5467,,,0.4,1.2545,0.917,0.69,36170
142,115,85,71,51.07600248,277446,202535.58,36.255,8250,1354.1248,,,0.4,1.6645,0.917,0.73,36255
143,115,85,71,51.07600248,285891,220136.07,36.42,10000,2507.4079,,,0.45,3.0822,0.917,0.77,36420
