OADB,EADB,EAWB,RH,TC,SHC,kW,airflow,SFP,BF,,,,,,
75,80,75,79.75271186,268000,109000,14.1,4000,1983.776536,0,,,,,,
75,80,72,68.61710395,258000,119000,14,4000,1983.776536,0,,,,,,
75,80,67,51.57236381,236000,141000,13.8,4000,1983.776536,0.09,,,,,,
75,80,62,36.22315701,214000,161000,13.7,4000,1983.776536,0.15,,,,,,
75,80,57,22.36175345,195000,179000,13.6,4000,1948.351955,0.14,,,,,,
75,80,75,79.75271186,284000,113000,14.3,5000,2448.463687,0,,,,,,
75,80,72,68.61710395,272000,128000,14.2,5000,2408.871508,0,,,,,,
75,80,67,51.57236381,250000,155000,14,5000,2408.871508,0.19,,,,,,
75,80,62,36.22315701,228000,180000,13.8,5000,2408.871508,0.16,,,,,,
75,80,57,22.36175345,208000,201000,13.7,5000,2371.363128,0.17,,,,,,
75,80,75,79.75271186,294000,116000,14.5,6000,2958.994413,0,,,,,,
75,80,72,68.61710395,282000,136000,14.3,6000,2958.994413,0.27,,,,,,
75,80,67,51.57236381,260000,168000,14.1,6000,2917.318436,0.18,,,,,,
75,80,62,36.22315701,239000,197000,13.9,6000,2917.318436,0.17,,,,,,
75,80,57,22.36175345,224000,224000,13.8,6000,2917.318436,0.24,,,,,,
75,80,75,79.75271186,302000,121000,14.6,7000,3538.290503,0,,,,,,
75,80,72,68.61710395,289000,144000,14.4,7000,3538.290503,0.23,,,,,,
75,80,67,51.57236381,268000,180000,14.1,7000,3492.446927,0.19,,,,,,
75,80,62,36.22315701,246000,213000,13.9,7000,3492.446927,0.17,,,,,,
75,80,57,22.36175345,232000,232000,13.8,7000,3492.446927,0.28,,,,,,
85,80,75,79.75271186,261000,106000,16,4000,1983.776536,0.02,,,,,,
85,80,72,68.61710395,250000,115000,16,4000,1983.776536,0,,,,,,
85,80,67,51.57236381,228000,138000,15.8,4000,1983.776536,0.21,,,,,,
85,80,62,36.22315701,207000,158000,15.7,4000,1948.351955,0.15,,,,,,
85,80,57,22.36175345,188000,176000,15.5,4000,1948.351955,0.13,,,,,,
85,80,75,79.75271186,276000,110000,16.2,5000,2408.871508,0,,,,,,
85,80,72,68.61710395,264000,125000,16.1,5000,2408.871508,0.14,,,,,,
85,80,67,51.57236381,242000,152000,15.9,5000,2408.871508,0.18,,,,,,
85,80,62,36.22315701,221000,176000,15.8,5000,2408.871508,0.15,,,,,,
85,80,57,22.36175345,200000,194000,15.6,5000,2371.363128,0.17,,,,,,
85,80,75,79.75271186,286000,112000,16.4,6000,2958.994413,0,,,,,,
85,80,72,68.61710395,273000,133000,16.2,6000,2917.318436,0.24,,,,,,
85,80,67,51.57236381,252000,164000,16,6000,2917.318436,0.18,,,,,,
85,80,62,36.22315701,230000,193000,15.8,6000,2917.318436,0.16,,,,,,
85,80,57,22.36175345,218000,218000,15.8,6000,2917.318436,0.26,,,,,,
85,80,75,79.75271186,293000,118000,16.5,7000,3538.290503,0.15,,,,,,
85,80,72,68.61710395,280000,141000,16.3,7000,3492.446927,0.22,,,,,,
85,80,67,51.57236381,259000,176000,16.1,7000,3492.446927,0.18,,,,,,
85,80,62,36.22315701,238000,210000,15.9,7000,3492.446927,0.17,,,,,,
85,80,57,22.36175345,226000,226000,15.8,7000,3492.446927,0.3,,,,,,
95,80,75,79.75271186,253000,102000,18.2,4000,1983.776536,0,,,,,,
95,80,72,68.61710395,242000,112000,18.2,4000,1983.776536,0,,,,,,
95,80,67,51.57236381,220000,134000,18,4000,1983.776536,0.18,,,,,,
95,80,62,36.22315701,200000,154000,17.9,4000,1948.351955,0.14,,,,,,
95,80,57,22.36175345,181000,172000,17.9,4000,1948.351955,0.13,,,,,,
95,80,75,79.75271186,267000,106000,18.4,5000,2408.871508,0,,,,,,
95,80,72,68.61710395,254000,122000,18.3,5000,2408.871508,0.12,,,,,,
95,80,67,51.57236381,233000,148000,18.2,5000,2408.871508,0.17,,,,,,
95,80,62,36.22315701,212000,172000,18,5000,2408.871508,0.15,,,,,,
95,80,57,22.36175345,198000,198000,17.9,5000,2371.363128,0.2,,,,,,
95,80,75,79.75271186,277000,109000,18.5,6000,2917.318436,0,,,,,,
95,80,72,68.61710395,264000,130000,18.4,6000,2917.318436,0.22,,,,,,
95,80,67,51.57236381,242000,161000,18.2,6000,2917.318436,0.17,,,,,,
95,80,62,36.22315701,221000,190000,18.1,6000,2917.318436,0.16,,,,,,
95,80,57,22.36175345,207000,207000,18,6000,2873.558659,0.25,,,,,,
95,80,75,79.75271186,283000,115000,18.6,7000,3538.290503,0.13,,,,,,
95,80,72,68.61710395,271000,137000,18.5,7000,3492.446927,0.21,,,,,,
95,80,67,51.57236381,249000,173000,18.3,7000,3492.446927,0.18,,,,,,
95,80,62,36.22315701,228000,206000,18.1,7000,3492.446927,0.17,,,,,,
95,80,57,22.36175345,218000,218000,18,7000,3492.446927,0.32,,,,,,
105,80,75,79.75271186,244000,97000,20.7,4000,1983.776536,0,,,,,,
105,80,72,68.61710395,232000,109000,20.6,4000,1983.776536,0,,,,,,
105,80,67,51.57236381,211000,130000,20.6,4000,1983.776536,0.17,,,,,,
105,80,62,36.22315701,191000,150000,20.7,4000,1948.351955,0.13,,,,,,
105,80,57,22.36175345,174000,168000,20.8,4000,1948.351955,0.13,,,,,,
105,80,75,79.75271186,257000,101000,20.8,5000,2408.871508,0,,,,,,
105,80,72,68.61710395,244000,118000,20.8,5000,2408.871508,0.25,,,,,,
105,80,67,51.57236381,223000,144000,20.6,5000,2408.871508,0.16,,,,,,
105,80,62,36.22315701,203000,168000,20.6,5000,2371.363128,0.14,,,,,,
105,80,57,22.36175345,187000,187000,20.8,5000,2371.363128,0.19,,,,,,
105,80,75,79.75271186,266000,106000,20.9,6000,2917.318436,0,,,,,,
105,80,72,68.61710395,253000,126000,20.8,6000,2917.318436,0.2,,,,,,
105,80,67,51.57236381,232000,156000,20.7,6000,2917.318436,0.16,,,,,,
105,80,62,36.22315701,211000,185000,20.6,6000,2917.318436,0.15,,,,,,
105,80,57,22.36175345,200000,200000,20.7,6000,2873.558659,0.28,,,,,,
105,80,75,79.75271186,272000,112000,21,7000,3492.446927,0.28,,,,,,
105,80,72,68.61710395,260000,134000,20.9,7000,3492.446927,0.2,,,,,,
105,80,67,51.57236381,238000,168000,20.7,7000,3492.446927,0.17,,,,,,
105,80,62,36.22315701,218000,201000,20.6,7000,3492.446927,0.17,,,,,,
105,80,57,22.36175345,211000,211000,20.6,7000,3492.446927,0.35,,,,,,
115,80,75,79.75271186,234000,93000,23.4,4000,1983.776536,0,,,,,,
115,80,72,68.61710395,222000,105000,23.4,4000,1983.776536,0,,,,,,
115,80,67,51.57236381,201000,126000,23.6,4000,1948.351955,0.15,,,,,,
115,80,62,36.22315701,182000,146000,23.9,4000,1948.351955,0.13,,,,,,
115,80,57,22.36175345,166000,162000,24.3,4000,1948.351955,0.15,,,,,,
115,80,75,79.75271186,246000,97000,23.5,5000,2408.871508,0,,,,,,
115,80,72,68.61710395,233000,114000,23.4,5000,2408.871508,0.21,,,,,,
115,80,67,51.57236381,212000,139000,23.5,5000,2408.871508,0.15,,,,,,
115,80,62,36.22315701,193000,164000,23.7,5000,2371.363128,0.14,,,,,,
115,80,57,22.36175345,180000,180000,24,5000,2371.363128,0.22,,,,,,
115,80,75,79.75271186,254000,103000,23.6,6000,2917.318436,0.13,,,,,,
115,80,72,68.61710395,241000,122000,23.5,6000,2917.318436,0.19,,,,,,
115,80,67,51.57236381,220000,152000,23.5,6000,2917.318436,0.16,,,,,,
115,80,62,36.22315701,201000,180000,23.7,6000,2873.558659,0.15,,,,,,
115,80,57,22.36175345,192000,192000,23.8,6000,2873.558659,0.31,,,,,,
115,80,75,79.75271186,260000,108000,23.7,7000,3492.446927,0.24,,,,,,
115,80,72,68.61710395,247000,129000,23.6,7000,3492.446927,0.19,,,,,,
115,80,67,51.57236381,227000,164000,23.5,7000,3492.446927,0.17,,,,,,
115,80,62,36.22315701,207000,195000,23.7,7000,3444.519553,0.18,,,,,,
115,80,57,22.36175345,202000,202000,23.7,7000,3444.519553,0.38,,,,,,
120,80,75,79.75271186,228000,91000,24.9,4000,1983.776536,0,,,,,,
120,80,72,68.61710395,216000,103000,25.1,4000,1983.776536,0.12,,,,,,
120,80,67,51.57236381,196000,124000,25.4,4000,1948.351955,0.14,,,,,,
120,80,62,36.22315701,178000,143000,25.7,4000,1948.351955,0.12,,,,,,
120,80,57,22.36175345,161000,159000,26.3,4000,1948.351955,0.15,,,,,,
120,80,75,79.75271186,240000,95000,24.9,5000,2408.871508,0,,,,,,
120,80,72,68.61710395,227000,112000,25,5000,2408.871508,0.2,,,,,,
120,80,67,51.57236381,207000,137000,25.2,5000,2371.363128,0.15,,,,,,
120,80,62,36.22315701,188000,161000,25.5,5000,2371.363128,0.14,,,,,,
120,80,57,22.36175345,175000,175000,25.8,5000,2371.363128,0.24,,,,,,
120,80,75,79.75271186,247000,101000,25,6000,2917.318436,0.29,,,,,,
120,80,72,68.61710395,235000,120000,25,6000,2917.318436,0.18,,,,,,
120,80,67,51.57236381,215000,150000,25.1,6000,2917.318436,0.16,,,,,,
120,80,62,36.22315701,195000,178000,25.4,6000,2873.558659,0.15,,,,,,
120,80,57,22.36175345,188000,188000,25.6,6000,2873.558659,0.32,,,,,,
120,80,75,79.75271186,253000,106000,25.1,7000,3492.446927,0.23,,,,,,
120,80,72,68.61710395,241000,127000,25,7000,3492.446927,0.18,,,,,,
120,80,67,51.57236381,220000,162000,25.1,7000,3492.446927,0.17,,,,,,
120,80,62,36.22315701,201000,192000,25.3,7000,3444.519553,0.18,,,,,,
120,80,57,22.36175345,198000,198000,25.4,7000,3444.519553,0.39,,,,,,
75,80,75,79.75271186,308000,126000,14.7,8000,4192.603352,0.34,,,,,,
75,80,72,68.61710395,295000,151000,14.5,8000,4192.603352,0.22,,,,,,
75,80,67,51.57236381,274000,191000,14.2,8000,4142.592179,0.19,,,,,,
75,80,62,36.22315701,252000,228000,14,8000,4142.592179,0.19,,,,,,
75,80,57,22.36175345,243000,243000,13.9,8000,4142.592179,0.34,,,,,,
75,80,75,79.75271186,313000,130000,14.8,9000,4930.268156,0.28,,,,,,
75,80,72,68.61710395,299000,158000,14.5,9000,4930.268156,0.22,,,,,,
75,80,67,51.57236381,278000,202000,14.3,9000,4876.089385,0.2,,,,,,
75,80,62,36.22315701,257000,242000,14,9000,4876.089385,0.21,,,,,,
75,80,57,22.36175345,251000,251000,14,9000,4876.089385,0.4,,,,,,
75,80,75,79.75271186,317000,135000,14.8,10000,5767.955307,0.26,,,,,,
75,80,72,68.61710395,303000,164000,14.6,10000,5767.955307,0.23,,,,,,
75,80,67,51.57236381,282000,212000,14.3,10000,5767.955307,0.21,,,,,,
75,80,62,36.22315701,262000,251000,14.1,10000,5709.608939,0.25,,,,,,
75,80,57,22.36175345,259000,259000,14.1,10000,5709.608939,0.44,,,,,,
85,80,75,79.75271186,298000,123000,16.6,8000,4192.603352,0.29,,,,,,
85,80,72,68.61710395,286000,148000,16.4,8000,4192.603352,0.21,,,,,,
85,80,67,51.57236381,265000,188000,16.1,8000,4142.592179,0.19,,,,,,
85,80,62,36.22315701,243000,224000,16,8000,4142.592179,0.19,,,,,,
85,80,57,22.36175345,236000,236000,15.9,8000,4142.592179,0.36,,,,,,
85,80,75,79.75271186,302000,127000,16.6,9000,4930.268156,0.26,,,,,,
85,80,72,68.61710395,290000,155000,16.4,9000,4930.268156,0.22,,,,,,
85,80,67,51.57236381,269000,199000,16.2,9000,4876.089385,0.2,,,,,,
85,80,62,36.22315701,248000,236000,16,9000,4876.089385,0.22,,,,,,
85,80,57,22.36175345,244000,244000,16,9000,4876.089385,0.41,,,,,,
85,80,75,79.75271186,306000,131000,16.7,10000,5767.955307,0.25,,,,,,
85,80,72,68.61710395,294000,161000,16.5,10000,5767.955307,0.22,,,,,,
85,80,67,51.57236381,273000,209000,16.2,10000,5709.608939,0.21,,,,,,
85,80,62,36.22315701,253000,247000,16.1,10000,5709.608939,0.25,,,,,,
85,80,57,22.36175345,251000,251000,16,10000,5709.608939,0.46,,,,,,
95,80,75,79.75271186,288000,120000,18.7,8000,4192.603352,0.27,,,,,,
95,80,72,68.61710395,276000,145000,18.5,8000,4142.592179,0.21,,,,,,
95,80,67,51.57236381,255000,184000,18.3,8000,4142.592179,0.18,,,,,,
95,80,62,36.22315701,234000,219000,18.2,8000,4142.592179,0.19,,,,,,
95,80,57,22.36175345,228000,228000,18.1,8000,4142.592179,0.38,,,,,,
95,80,75,79.75271186,293000,124000,18.7,9000,4930.268156,0.25,,,,,,
95,80,72,68.61710395,280000,151000,18.6,9000,4876.089385,0.21,,,,,,
95,80,67,51.57236381,259000,195000,18.4,9000,4876.089385,0.19,,,,,,
95,80,62,36.22315701,239000,230000,18.2,9000,4876.089385,0.23,,,,,,
95,80,57,22.36175345,236000,236000,18.2,9000,4876.089385,0.43,,,,,,
95,80,75,79.75271186,296000,129000,18.8,10000,5767.955307,0.24,,,,,,
95,80,72,68.61710395,284000,158000,18.6,10000,5767.955307,0.22,,,,,,
95,80,67,51.57236381,262000,205000,18.4,10000,5709.608939,0.2,,,,,,
95,80,62,36.22315701,245000,239000,18.2,10000,5709.608939,0.28,,,,,,
95,80,57,22.36175345,243000,243000,18.3,10000,5709.608939,0.47,,,,,,
105,80,75,79.75271186,277000,116000,21.1,8000,4142.592179,0.24,,,,,,
105,80,72,68.61710395,265000,141000,20.9,8000,4142.592179,0.2,,,,,,
105,80,67,51.57236381,243000,180000,20.8,8000,4142.592179,0.18,,,,,,
105,80,62,36.22315701,223000,213000,20.6,8000,4142.592179,0.21,,,,,,
105,80,57,22.36175345,220000,220000,20.6,8000,4142.592179,0.41,,,,,,
105,80,75,79.75271186,281000,121000,21.1,9000,4930.268156,0.23,,,,,,
105,80,72,68.61710395,269000,148000,21,9000,4876.089385,0.2,,,,,,
105,80,67,51.57236381,248000,191000,20.8,9000,4876.089385,0.19,,,,,,
105,80,62,36.22315701,229000,223000,20.6,9000,4876.089385,0.25,,,,,,
105,80,57,22.36175345,227000,227000,20.6,9000,4876.089385,0.45,,,,,,
105,80,75,79.75271186,284000,125000,21.2,10000,5767.955307,0.23,,,,,,
105,80,72,68.61710395,272000,154000,21,10000,5709.608939,0.21,,,,,,
105,80,67,51.57236381,251000,201000,20.8,10000,5709.608939,0.2,,,,,,
105,80,62,36.22315701,235000,232000,20.7,10000,5709.608939,0.29,,,,,,
105,80,57,22.36175345,234000,234000,20.7,10000,5709.608939,0.49,,,,,,
115,80,75,79.75271186,264000,113000,23.7,8000,4142.592179,0.22,,,,,,
115,80,72,68.61710395,252000,137000,23.6,8000,4142.592179,0.19,,,,,,
115,80,67,51.57236381,231000,175000,23.5,8000,4142.592179,0.18,,,,,,
115,80,62,36.22315701,213000,206000,23.6,8000,4142.592179,0.22,,,,,,
115,80,57,22.36175345,211000,211000,23.6,8000,4142.592179,0.43,,,,,,
115,80,75,79.75271186,268000,117000,23.8,9000,4876.089385,0.22,,,,,,
115,80,72,68.61710395,256000,144000,23.7,9000,4876.089385,0.2,,,,,,
115,80,67,51.57236381,235000,186000,23.5,9000,4876.089385,0.19,,,,,,
115,80,62,36.22315701,219000,216000,23.5,9000,4876.089385,0.26,,,,,,
115,80,57,22.36175345,218000,218000,23.6,9000,4876.089385,0.48,,,,,,
115,80,75,79.75271186,271000,121000,23.8,10000,5709.608939,0.22,,,,,,
115,80,72,68.61710395,258000,150000,23.7,10000,5709.608939,0.21,,,,,,
115,80,67,51.57236381,238000,197000,23.5,10000,5709.608939,0.2,,,,,,
115,80,62,36.22315701,225000,221000,23.5,10000,5709.608939,0.32,,,,,,
115,80,57,22.36175345,224000,224000,23.5,10000,5709.608939,0.52,,,,,,
120,80,75,79.75271186,257000,110000,25.1,8000,4142.592179,0.22,,,,,,
120,80,72,68.61710395,245000,134000,25.1,8000,4142.592179,0.19,,,,,,
120,80,67,51.57236381,225000,173000,25.1,8000,4142.592179,0.18,,,,,,
120,80,62,36.22315701,207000,202000,25.2,8000,4092.581006,0.23,,,,,,
120,80,57,22.36175345,206000,206000,25.3,8000,4092.581006,0.44,,,,,,
120,80,75,79.75271186,261000,115000,25.2,9000,4876.089385,0.22,,,,,,
120,80,72,68.61710395,248000,141000,25.1,9000,4876.089385,0.2,,,,,,
120,80,67,51.57236381,229000,184000,25,9000,4876.089385,0.19,,,,,,
120,80,62,36.22315701,215000,215000,25.2,9000,4876.089385,0.29,,,,,,
120,80,57,22.36175345,213000,213000,25.2,9000,4876.089385,0.49,,,,,,
120,80,75,79.75271186,263000,119000,25.3,10000,5709.608939,0.22,,,,,,
120,80,72,68.61710395,251000,148000,25.1,10000,5709.608939,0.21,,,,,,
120,80,67,51.57236381,232000,194000,25,10000,5709.608939,0.2,,,,,,
120,80,62,36.22315701,219000,219000,25.1,10000,5709.608939,0.32,,,,,,
120,80,57,22.36175345,219000,219000,25.1,10000,5709.608939,0.53,,,,,,
75,80,75,79.75271186,318000,128000,18.7,5000,898.1173184,0,,,,211,175,386
75,80,72,68.61710395,305000,142000,18.4,5000,898.1173184,0,,,,,,
75,80,67,51.57236381,281000,173000,17.9,5000,898.1173184,0.18,,,,,,
75,80,62,36.22315701,260000,201000,17.6,5000,858.5251397,0.13,,,,,,
75,80,57,22.36175345,239000,226000,17.2,5000,858.5251397,0.11,,,,,,
75,80,75,79.75271186,335000,133000,19,6250,1358.636872,0,,,,,,
75,80,72,68.61710395,320000,154000,18.7,6250,1358.636872,0.11,,,,,,
75,80,67,51.57236381,296000,190000,18.2,6250,1358.636872,0.16,,,,,,
75,80,62,36.22315701,274000,224000,17.8,6250,1316.960894,0.13,,,,,,
75,80,57,22.36175345,253000,251000,17.4,6250,1316.960894,0.16,,,,,,
75,80,75,79.75271186,347000,138000,19.3,7500,1969.189944,0,,,,,,
75,80,72,68.61710395,331000,165000,18.9,7500,1969.189944,0.22,,,,,,
75,80,67,51.57236381,307000,205000,18.4,7500,1969.189944,0.17,,,,,,
75,80,62,36.22315701,284000,242000,18,7500,1969.189944,0.15,,,,,,
75,80,57,22.36175345,268000,268000,17.7,7500,1925.430168,0.24,,,,,,
75,80,75,79.75271186,354000,145000,19.4,8750,2829.798883,0.13,,,,,,
75,80,72,68.61710395,339000,175000,19.1,8750,2738.111732,0.21,,,,,,
75,80,67,51.57236381,315000,220000,18.6,8750,2738.111732,0.17,,,,,,
75,80,62,36.22315701,292000,264000,18.1,8750,2738.111732,0.16,,,,,,
75,80,57,22.36175345,280000,280000,17.9,8750,2692.268156,0.32,,,,,,
85,80,75,79.75271186,308000,124000,20.8,5000,898.1173184,0,,,,,,
85,80,72,68.61710395,295000,139000,20.5,5000,898.1173184,0,,,,,,
85,80,67,51.57236381,274000,170000,20.1,5000,858.5251397,0.17,,,,,,
85,80,62,36.22315701,253000,197000,19.8,5000,858.5251397,0.12,,,,,,
85,80,57,22.36175345,232000,222000,19.5,5000,858.5251397,0.12,,,,,,
85,80,75,79.75271186,324000,127000,21.1,6250,1358.636872,0,,,,,,
85,80,72,68.61710395,309000,151000,20.8,6250,1358.636872,0.1,,,,,,
85,80,67,51.57236381,287000,186000,20.3,6250,1358.636872,0.16,,,,,,
85,80,62,36.22315701,266000,220000,20,6250,1316.960894,0.13,,,,,,
85,80,57,22.36175345,248000,248000,19.6,6250,1316.960894,0.18,,,,,,
85,80,75,79.75271186,334000,135000,21.3,7500,1969.189944,0,,,,,,
85,80,72,68.61710395,319000,161000,21,7500,1969.189944,0.21,,,,,,
85,80,67,51.57236381,297000,202000,20.5,7500,1969.189944,0.16,,,,,,
85,80,62,36.22315701,275000,242000,20.1,7500,1925.430168,0.15,,,,,,
85,80,57,22.36175345,261000,261000,19.9,7500,1925.430168,0.26,,,,,,
85,80,75,79.75271186,341000,141000,21.5,8750,2738.111732,0.11,,,,,,
85,80,72,68.61710395,327000,170000,21.2,8750,2738.111732,0.2,,,,,,
85,80,67,51.57236381,305000,216000,20.7,8750,2738.111732,0.17,,,,,,
85,80,62,36.22315701,283000,260000,20.3,8750,2738.111732,0.16,,,,,,
85,80,57,22.36175345,273000,273000,20.1,8750,2692.268156,0.33,,,,,,
95,80,75,79.75271186,298000,119000,23.1,5000,898.1173184,0,,,,,,
95,80,72,68.61710395,286000,136000,22.8,5000,898.1173184,0,,,,,,
95,80,67,51.57236381,265000,166000,22.5,5000,858.5251397,0.15,,,,,,
95,80,62,36.22315701,244000,193000,22.3,5000,858.5251397,0.12,,,,,,
95,80,57,22.36175345,224000,217000,22,5000,858.5251397,0.12,,,,,,
95,80,75,79.75271186,312000,124000,23.4,6250,1358.636872,0,,,,,,
95,80,72,68.61710395,300000,147000,23.1,6250,1358.636872,0.24,,,,,,
95,80,67,51.57236381,278000,182000,22.8,6250,1316.960894,0.15,,,,,,
95,80,62,36.22315701,257000,216000,22.5,6250,1316.960894,0.13,,,,,,
95,80,57,22.36175345,241000,241000,22.2,6250,1316.960894,0.2,,,,,,
95,80,75,79.75271186,321000,131000,23.6,7500,1969.189944,0.13,,,,,,
95,80,72,68.61710395,309000,157000,23.4,7500,1969.189944,0.2,,,,,,
95,80,67,51.57236381,288000,198000,23,7500,1969.189944,0.16,,,,,,
95,80,62,36.22315701,266000,236000,22.6,7500,1925.430168,0.15,,,,,,
95,80,57,22.36175345,254000,254000,22.4,7500,1925.430168,0.28,,,,,,
95,80,75,79.75271186,328000,137000,23.8,8750,2738.111732,0.26,,,,,,
95,80,72,68.61710395,316000,166000,23.5,8750,2738.111732,0.19,,,,,,
95,80,67,51.57236381,295000,212000,23.1,8750,2738.111732,0.17,,,,,,
95,80,62,36.22315701,273000,255000,22.7,8750,2692.268156,0.17,,,,,,
95,80,57,22.36175345,265000,265000,22.6,8750,2692.268156,0.35,,,,,,
105,80,75,79.75271186,289000,116000,25.7,5000,898.1173184,0,,,,,,
105,80,72,68.61710395,277000,133000,25.6,5000,858.5251397,0,,,,,,
105,80,67,51.57236381,256000,162000,25.3,5000,858.5251397,0.14,,,,,,
105,80,62,36.22315701,235000,188000,25.1,5000,858.5251397,0.11,,,,,,
105,80,57,22.36175345,214000,208000,24.9,5000,858.5251397,0.12,,,,,,
105,80,75,79.75271186,302000,121000,26,6250,1358.636872,0,,,,,,
105,80,72,68.61710395,290000,144000,25.9,6250,1358.636872,0.21,,,,,,
105,80,67,51.57236381,268000,178000,25.6,6250,1316.960894,0.15,,,,,,
105,80,62,36.22315701,247000,211000,25.3,6250,1316.960894,0.13,,,,,,
105,80,57,22.36175345,231000,228000,25,6250,1316.960894,0.22,,,,,,
105,80,75,79.75271186,311000,128000,26.2,7500,1969.189944,0.11,,,,,,
105,80,72,68.61710395,298000,153000,26,7500,1969.189944,0.18,,,,,,
105,80,67,51.57236381,277000,193000,25.8,7500,1925.430168,0.15,,,,,,
105,80,62,36.22315701,255000,231000,25.5,7500,1925.430168,0.15,,,,,,
105,80,57,22.36175345,245000,245000,25.3,7500,1925.430168,0.3,,,,,,
105,80,75,79.75271186,318000,134000,26.4,8750,2738.111732,0.24,,,,,,
105,80,72,68.61710395,304000,163000,26.2,8750,2738.111732,0.18,,,,,,
105,80,67,51.57236381,283000,208000,25.9,8750,2738.111732,0.17,,,,,,
105,80,62,36.22315701,262000,249000,25.5,8750,2692.268156,0.17,,,,,,
105,80,57,22.36175345,257000,257000,25.4,8750,2692.268156,0.37,,,,,,
115,80,75,79.75271186,278000,111000,28.7,5000,858.5251397,0,,,,,,
115,80,72,68.61710395,266000,128000,28.6,5000,858.5251397,0.09,,,,,,
115,80,67,51.57236381,245000,157000,28.5,5000,858.5251397,0.13,,,,,,
115,80,62,36.22315701,224000,183000,28.6,5000,858.5251397,0.11,,,,,,
115,80,57,22.36175345,207000,203000,28.3,5000,821.0167598,0.16,,,,,,
115,80,75,79.75271186,289000,117000,29,6250,1358.636872,0,,,,,,
115,80,72,68.61710395,278000,139000,28.9,6250,1316.960894,0.19,,,,,,
115,80,67,51.57236381,256000,173000,28.7,6250,1316.960894,0.14,,,,,,
115,80,62,36.22315701,236000,205000,28.7,6250,1316.960894,0.13,,,,,,
115,80,57,22.36175345,223000,223000,28.5,6250,1316.960894,0.24,,,,,,
115,80,75,79.75271186,298000,124000,29.2,7500,1969.189944,0.26,,,,,,
115,80,72,68.61710395,285000,149000,29.1,7500,1969.189944,0.17,,,,,,
115,80,67,51.57236381,264000,188000,28.9,7500,1925.430168,0.15,,,,,,
115,80,62,36.22315701,243000,225000,28.7,7500,1925.430168,0.15,,,,,,
115,80,57,22.36175345,236000,236000,28.5,7500,1925.430168,0.33,,,,,,
115,80,75,79.75271186,305000,130000,29.4,8750,2738.111732,0.22,,,,,,
115,80,72,68.61710395,290000,158000,29.1,8750,2738.111732,0.17,,,,,,
115,80,67,51.57236381,270000,203000,28.9,8750,2692.268156,0.16,,,,,,
115,80,62,36.22315701,250000,242000,28.7,8750,2692.268156,0.18,,,,,,
115,80,57,22.36175345,247000,247000,28.6,8750,2692.268156,0.4,,,,,,
75,80,75,79.75271186,361000,152000,19.6,10000,3771.675978,0.28,,,,,,
75,80,72,68.61710395,346000,184000,19.2,10000,3679.988827,0.2,,,,,,
75,80,67,51.57236381,321000,234000,18.7,10000,3679.988827,0.18,,,,,,
75,80,62,36.22315701,297000,281000,18.2,10000,3679.988827,0.19,,,,,,
75,80,57,22.36175345,291000,291000,18.1,10000,3679.988827,0.38,,,,,,
75,80,75,79.75271186,367000,158000,19.7,11250,4936.519553,0.25,,,,,,
75,80,72,68.61710395,351000,192000,19.3,11250,4936.519553,0.21,,,,,,
75,80,67,51.57236381,326000,248000,18.8,11250,4840.664804,0.19,,,,,,
75,80,62,36.22315701,303000,295000,18.4,11250,4840.664804,0.21,,,,,,
75,80,57,22.36175345,300000,300000,18.3,11250,4840.664804,0.43,,,,,,
75,80,75,79.75271186,372000,163000,19.8,12500,6286.821229,0.25,,,,,,
75,80,72,68.61710395,355000,201000,19.4,12500,6286.821229,0.22,,,,,,
75,80,67,51.57236381,330000,261000,18.9,12500,6190.96648,0.2,,,,,,
75,80,62,36.22315701,309000,305000,18.5,12500,6190.96648,0.26,,,,,,
75,80,57,22.36175345,307000,307000,18.4,12500,6190.96648,0.48,,,,,,
85,80,75,79.75271186,348000,148000,21.6,10000,3679.988827,0.25,,,,,,
85,80,72,68.61710395,332000,179000,21.3,10000,3679.988827,0.2,,,,,,
85,80,67,51.57236381,310000,230000,20.8,10000,3679.988827,0.18,,,,,,
85,80,62,36.22315701,288000,275000,20.4,10000,3679.988827,0.19,,,,,,
85,80,57,22.36175345,283000,283000,20.3,10000,3679.988827,0.4,,,,,,
85,80,75,79.75271186,353000,153000,21.8,11250,4936.519553,0.24,,,,,,
85,80,72,68.61710395,337000,188000,21.4,11250,4840.664804,0.21,,,,,,
85,80,67,51.57236381,315000,244000,20.9,11250,4840.664804,0.19,,,,,,
85,80,62,36.22315701,294000,288000,20.5,11250,4840.664804,0.23,,,,,,
85,80,57,22.36175345,291000,291000,20.4,11250,4840.664804,0.45,,,,,,
85,80,75,79.75271186,357000,159000,21.8,12500,6286.821229,0.24,,,,,,
85,80,72,68.61710395,341000,197000,21.5,12500,6190.96648,0.21,,,,,,
85,80,67,51.57236381,318000,257000,21,12500,6190.96648,0.2,,,,,,
85,80,62,36.22315701,299000,296000,20.6,12500,6190.96648,0.26,,,,,,
85,80,57,22.36175345,299000,299000,20.6,12500,6190.96648,0.49,,,,,,
95,80,75,79.75271186,335000,144000,23.9,10000,3679.988827,0.24,,,,,,
95,80,72,68.61710395,321000,175000,23.6,10000,3679.988827,0.19,,,,,,
95,80,67,51.57236381,300000,226000,23.2,10000,3679.988827,0.18,,,,,,
95,80,62,36.22315701,278000,270000,22.8,10000,3634.145251,0.19,,,,,,
95,80,57,22.36175345,275000,275000,22.7,10000,3634.145251,0.41,,,,,,
95,80,75,79.75271186,340000,150000,24,11250,4840.664804,0.23,,,,,,
95,80,72,68.61710395,325000,184000,23.7,11250,4840.664804,0.19,,,,,,
95,80,67,51.57236381,304000,240000,23.3,11250,4840.664804,0.19,,,,,,
95,80,62,36.22315701,284000,281000,22.9,11250,4840.664804,0.24,,,,,,
95,80,57,22.36175345,283000,283000,22.9,11250,4840.664804,0.46,,,,,,
95,80,75,79.75271186,343000,155000,24.1,12500,6190.96648,0.23,,,,,,
95,80,72,68.61710395,330000,192000,23.8,12500,6190.96648,0.21,,,,,,
95,80,67,51.57236381,308000,253000,23.4,12500,6190.96648,0.2,,,,,,
95,80,62,36.22315701,290000,290000,23,12500,6190.96648,0.29,,,,,,
95,80,57,22.36175345,290000,290000,23,12500,6190.96648,0.5,,,,,,
105,80,75,79.75271186,323000,140000,26.6,10000,3679.988827,0.22,,,,,,
105,80,72,68.61710395,310000,172000,26.3,10000,3679.988827,0.18,,,,,,
105,80,67,51.57236381,288000,222000,26,10000,3679.988827,0.18,,,,,,
105,80,62,36.22315701,268000,260000,25.5,10000,3634.145251,0.22,,,,,,
105,80,57,22.36175345,266000,266000,25.5,10000,3634.145251,0.43,,,,,,
105,80,75,79.75271186,328000,146000,26.7,11250,4840.664804,0.22,,,,,,
105,80,72,68.61710395,314000,180000,26.4,11250,4840.664804,0.2,,,,,,
105,80,67,51.57236381,292000,235000,26,11250,4840.664804,0.19,,,,,,
105,80,62,36.22315701,275000,268000,25.6,11250,4792.73743,0.27,,,,,,
105,80,57,22.36175345,274000,274000,25.7,11250,4792.73743,0.48,,,,,,
105,80,75,79.75271186,331000,151000,26.8,12500,6190.96648,0.22,,,,,,
105,80,72,68.61710395,318000,188000,26.5,12500,6190.96648,0.21,,,,,,
105,80,67,51.57236381,296000,248000,26.1,12500,6190.96648,0.2,,,,,,
105,80,62,36.22315701,280000,280000,25.8,12500,6143.039106,0.31,,,,,,
105,80,57,22.36175345,280000,280000,25.8,12500,6143.039106,0.52,,,,,,
115,80,75,79.75271186,309000,136000,29.6,10000,3679.988827,0.21,,,,,,
115,80,72,68.61710395,297000,167000,29.4,10000,3679.988827,0.19,,,,,,
115,80,67,51.57236381,275000,217000,29,10000,3634.145251,0.18,,,,,,
115,80,62,36.22315701,256000,254000,28.7,10000,3634.145251,0.23,,,,,,
115,80,57,22.36175345,255000,255000,28.7,10000,3634.145251,0.46,,,,,,
115,80,75,79.75271186,313000,142000,29.7,11250,4840.664804,0.21,,,,,,
115,80,72,68.61710395,300000,175000,29.4,11250,4840.664804,0.2,,,,,,
115,80,67,51.57236381,278000,230000,29.1,11250,4792.73743,0.19,,,,,,
115,80,62,36.22315701,263000,261000,28.8,11250,4792.73743,0.3,,,,,,
115,80,57,22.36175345,263000,263000,28.8,11250,4792.73743,0.5,,,,,,
115,80,75,79.75271186,317000,147000,29.8,12500,6190.96648,0.21,,,,,,
115,80,72,68.61710395,303000,184000,29.5,12500,6190.96648,0.21,,,,,,
115,80,67,51.57236381,281000,243000,29.1,12500,6190.96648,0.2,,,,,,
115,80,62,36.22315701,269000,269000,28.9,12500,6143.039106,0.34,,,,,,
115,80,57,22.36175345,269000,269000,28.9,12500,6143.039106,0.54,,,,,,
75,80,75,79.75271186,339000,138000,19,5500,1075.240223,0,,,386,175,561,
75,80,72,68.61710395,324000,154000,18.7,5500,1075.240223,0,,,,,,
75,80,67,51.57236381,297000,186000,18.3,5500,1075.240223,0.15,,,,,,
75,80,62,36.22315701,273000,215000,17.9,5500,1033.564246,0.11,,,,,,
75,80,57,22.36175345,251000,242000,17.6,5500,1033.564246,0.11,,,,,,
75,80,75,79.75271186,356000,145000,19.4,6875,1723.301676,0,,,,,,
75,80,72,68.61710395,340000,168000,19,6875,1635.782123,0.07,,,,,,
75,80,67,51.57236381,312000,204000,18.5,6875,1635.782123,0.14,,,,,,
75,80,62,36.22315701,288000,240000,18.1,6875,1635.782123,0.12,,,,,,
75,80,57,22.36175345,268000,265000,17.8,6875,1592.022346,0.19,,,,,,
75,80,75,79.75271186,368000,153000,19.6,8250,2498.47486,0.11,,,,,,
75,80,72,68.61710395,351000,180000,19.3,8250,2498.47486,0.19,,,,,,
75,80,67,51.57236381,323000,222000,18.7,8250,2410.955307,0.15,,,,,,
75,80,62,36.22315701,298000,263000,18.3,8250,2410.955307,0.13,,,,,,
75,80,57,22.36175345,283000,283000,18.1,8250,2410.955307,0.26,,,,,,
75,80,75,79.75271186,377000,161000,19.8,9625,3479.944134,0.27,,,,,,
75,80,72,68.61710395,359000,190000,19.4,9625,3479.944134,0.18,,,,,,
75,80,67,51.57236381,331000,238000,18.9,9625,3388.256983,0.16,,,,,,
75,80,62,36.22315701,305000,284000,18.5,9625,3388.256983,0.15,,,,,,
75,80,57,22.36175345,296000,296000,18.3,9625,3388.256983,0.34,,,,,,
85,80,75,79.75271186,329000,134000,21.1,5500,1075.240223,0,,,,,,
85,80,72,68.61710395,313000,151000,20.8,5500,1075.240223,0.09,,,,,,
85,80,67,51.57236381,289000,182000,20.4,5500,1075.240223,0.13,,,,,,
85,80,62,36.22315701,265000,211000,20.1,5500,1033.564246,0.11,,,,,,
85,80,57,22.36175345,243000,237000,19.8,5500,1033.564246,0.11,,,,,,
85,80,75,79.75271186,344000,141000,21.5,6875,1635.782123,0,,,,,,
85,80,72,68.61710395,329000,164000,21.2,6875,1635.782123,0.21,,,,,,
85,80,67,51.57236381,303000,201000,20.7,6875,1635.782123,0.14,,,,,,
85,80,62,36.22315701,279000,236000,20.4,6875,1592.022346,0.12,,,,,,
85,80,57,22.36175345,262000,262000,20.1,6875,1592.022346,0.2,,,,,,
85,80,75,79.75271186,355000,149000,21.7,8250,2498.47486,0.09,,,,,,
85,80,72,68.61710395,339000,175000,21.4,8250,2410.955307,0.18,,,,,,
85,80,67,51.57236381,313000,218000,20.9,8250,2410.955307,0.14,,,,,,
85,80,62,36.22315701,289000,262000,20.5,8250,2410.955307,0.14,,,,,,
85,80,57,22.36175345,276000,276000,20.3,8250,2367.195531,0.28,,,,,,
85,80,75,79.75271186,364000,156000,21.9,9625,3479.944134,0.24,,,,,,
85,80,72,68.61710395,346000,186000,21.5,9625,3388.256983,0.17,,,,,,
85,80,67,51.57236381,321000,234000,21.1,9625,3388.256983,0.15,,,,,,
85,80,62,36.22315701,295000,279000,20.6,9625,3388.256983,0.16,,,,,,
85,80,57,22.36175345,288000,288000,20.5,9625,3388.256983,0.36,,,,,,
95,80,75,79.75271186,319000,130000,23.5,5500,1075.240223,0,,,,,,
95,80,72,68.61710395,305000,148000,23.3,5500,1075.240223,0.08,,,,,,
95,80,67,51.57236381,280000,178000,23,5500,1033.564246,0.13,,,,,,
95,80,62,36.22315701,256000,207000,22.7,5500,1033.564246,0.1,,,,,,
95,80,57,22.36175345,235000,230000,22.4,5500,1033.564246,0.13,,,,,,
95,80,75,79.75271186,333000,137000,23.8,6875,1635.782123,0.13,,,,,,
95,80,72,68.61710395,319000,160000,23.6,6875,1635.782123,0.19,,,,,,
95,80,67,51.57236381,293000,196000,23.3,6875,1635.782123,0.13,,,,,,
95,80,62,36.22315701,270000,234000,23,6875,1592.022346,0.12,,,,,,
95,80,57,22.36175345,254000,254000,22.6,6875,1592.022346,0.22,,,,,,
95,80,75,79.75271186,344000,145000,24.1,8250,2410.955307,0.08,,,,,,
95,80,72,68.61710395,328000,172000,23.8,8250,2410.955307,0.17,,,,,,
95,80,67,51.57236381,303000,214000,23.4,8250,2410.955307,0.14,,,,,,
95,80,62,36.22315701,278000,254000,23.1,8250,2367.195531,0.13,,,,,,
95,80,57,22.36175345,268000,268000,22.9,8250,2367.195531,0.3,,,,,,
95,80,75,79.75271186,352000,153000,24.3,9625,3479.944134,0.23,,,,,,
95,80,72,68.61710395,335000,182000,24,9625,3388.256983,0.17,,,,,,
95,80,67,51.57236381,309000,230000,23.6,9625,3388.256983,0.15,,,,,,
95,80,62,36.22315701,285000,273000,23.1,9625,3388.256983,0.16,,,,,,
95,80,57,22.36175345,280000,280000,23.1,9625,3342.413408,0.37,,,,,,
105,80,75,79.75271186,309000,125000,26.3,5500,1075.240223,0,,,,,,
105,80,72,68.61710395,294000,144000,26.1,5500,1075.240223,0.07,,,,,,
105,80,67,51.57236381,269000,173000,25.9,5500,1033.564246,0.12,,,,,,
105,80,62,36.22315701,246000,202000,25.7,5500,1033.564246,0.1,,,,,,
105,80,57,22.36175345,228000,226000,25.4,5500,1033.564246,0.16,,,,,,
105,80,75,79.75271186,322000,133000,26.6,6875,1635.782123,0.1,,,,,,
105,80,72,68.61710395,307000,156000,26.4,6875,1635.782123,0.17,,,,,,
105,80,67,51.57236381,282000,192000,26.2,6875,1635.782123,0.13,,,,,,
105,80,62,36.22315701,258000,226000,25.9,6875,1592.022346,0.12,,,,,,
105,80,57,22.36175345,244000,244000,25.7,6875,1592.022346,0.24,,,,,,
105,80,75,79.75271186,332000,142000,26.9,8250,2410.955307,0.25,,,,,,
105,80,72,68.61710395,316000,168000,26.7,8250,2410.955307,0.16,,,,,,
105,80,67,51.57236381,290000,209000,26.3,8250,2410.955307,0.14,,,,,,
105,80,62,36.22315701,266000,248000,26,8250,2367.195531,0.14,,,,,,
105,80,57,22.36175345,258000,258000,25.8,8250,2367.195531,0.33,,,,,,
105,80,75,79.75271186,339000,149000,27,9625,3388.256983,0.2,,,,,,
105,80,72,68.61710395,323000,178000,26.8,9625,3388.256983,0.16,,,,,,
105,80,67,51.57236381,297000,225000,26.4,9625,3388.256983,0.15,,,,,,
105,80,62,36.22315701,274000,264000,26,9625,3342.413408,0.18,,,,,,
105,80,57,22.36175345,270000,270000,26,9625,3342.413408,0.4,,,,,,
115,80,75,79.75271186,296000,120000,29.3,5500,1075.240223,0,,,,,,
115,80,72,68.61710395,281000,139000,29.3,5500,1075.240223,0.2,,,,,,
115,80,67,51.57236381,257000,168000,29.4,5500,1033.564246,0.12,,,,,,
115,80,62,36.22315701,235000,196000,29.5,5500,1033.564246,0.1,,,,,,
115,80,57,22.36175345,220000,218000,29.3,5500,1033.564246,0.19,,,,,,
115,80,75,79.75271186,309000,129000,29.7,6875,1635.782123,0.08,,,,,,
115,80,72,68.61710395,293000,151000,29.6,6875,1635.782123,0.15,,,,,,
115,80,67,51.57236381,269000,186000,29.5,6875,1592.022346,0.12,,,,,,
115,80,62,36.22315701,246000,221000,29.5,6875,1592.022346,0.12,,,,,,
115,80,57,22.36175345,235000,235000,29.4,6875,1592.022346,0.27,,,,,,
115,80,75,79.75271186,317000,137000,30,8250,2410.955307,0.21,,,,,,
115,80,72,68.61710395,302000,162000,29.8,8250,2410.955307,0.15,,,,,,
115,80,67,51.57236381,277000,203000,29.6,8250,2367.195531,0.13,,,,,,
115,80,62,36.22315701,254000,242000,29.5,8250,2367.195531,0.14,,,,,,
115,80,57,22.36175345,249000,249000,29.4,8250,2367.195531,0.35,,,,,,
115,80,75,79.75271186,324000,144000,30.2,9625,3388.256983,0.19,,,,,,
115,80,72,68.61710395,308000,172000,29.9,9625,3388.256983,0.16,,,,,,
115,80,67,51.57236381,282000,219000,29.7,9625,3388.256983,0.15,,,,,,
115,80,62,36.22315701,262000,254000,29.4,9625,3342.413408,0.2,,,,,,
115,80,57,22.36175345,259000,259000,29.4,9625,3342.413408,0.42,,,,,,
75,80,75,79.75271186,384000,168000,19.9,11000,4678.128492,0.23,,,,,,
75,80,72,68.61710395,365000,201000,19.6,11000,4678.128492,0.18,,,,,,
75,80,67,51.57236381,337000,254000,19,11000,4582.273743,0.17,,,,,,
75,80,62,36.22315701,311000,301000,18.6,11000,4582.273743,0.18,,,,,,
75,80,57,22.36175345,307000,307000,18.5,11000,4582.273743,0.4,,,,,,
75,80,75,79.75271186,389000,174000,20,12375,6145.122905,0.22,,,,,,
75,80,72,68.61710395,371000,210000,19.7,12375,6145.122905,0.19,,,,,,
75,80,67,51.57236381,342000,269000,19.1,12375,6049.268156,0.18,,,,,,
75,80,62,36.22315701,319000,309000,18.7,12375,6049.268156,0.24,,,,,,
75,80,57,22.36175345,316000,316000,18.7,12375,6049.268156,0.45,,,,,,
75,80,75,79.75271186,394000,181000,20.1,13750,7853.837989,0.22,,,,,,
75,80,72,68.61710395,375000,219000,19.8,13750,7853.837989,0.2,,,,,,
75,80,67,51.57236381,346000,284000,19.2,13750,7757.98324,0.19,,,,,,
75,80,62,36.22315701,324000,324000,18.8,13750,7757.98324,0.27,,,,,,
75,80,57,22.36175345,324000,324000,18.8,13750,7757.98324,0.49,,,,,,
85,80,75,79.75271186,370000,163000,22,11000,4678.128492,0.22,,,,,,
85,80,72,68.61710395,353000,196000,21.7,11000,4678.128492,0.18,,,,,,
85,80,67,51.57236381,326000,250000,21.2,11000,4582.273743,0.17,,,,,,
85,80,62,36.22315701,302000,294000,20.8,11000,4582.273743,0.19,,,,,,
85,80,57,22.36175345,299000,299000,20.7,11000,4582.273743,0.41,,,,,,
85,80,75,79.75271186,375000,170000,22.1,12375,6145.122905,0.21,,,,,,
85,80,72,68.61710395,358000,206000,21.8,12375,6145.122905,0.19,,,,,,
85,80,67,51.57236381,331000,265000,21.3,12375,6049.268156,0.18,,,,,,
85,80,62,36.22315701,309000,301000,20.9,12375,6049.268156,0.26,,,,,,
85,80,57,22.36175345,307000,307000,20.8,12375,6049.268156,0.46,,,,,,
85,80,75,79.75271186,380000,176000,22.2,13750,7853.837989,0.21,,,,,,
85,80,72,68.61710395,362000,215000,21.9,13750,7853.837989,0.2,,,,,,
85,80,67,51.57236381,334000,279000,21.3,13750,7757.98324,0.19,,,,,,
85,80,62,36.22315701,315000,315000,21,13750,7757.98324,0.29,,,,,,
85,80,57,22.36175345,315000,315000,21,13750,7757.98324,0.51,,,,,,
95,80,75,79.75271186,358000,160000,24.4,11000,4678.128492,0.21,,,,,,
95,80,72,68.61710395,342000,192000,24.1,11000,4582.273743,0.18,,,,,,
95,80,67,51.57236381,315000,245000,23.7,11000,4582.273743,0.16,,,,,,
95,80,62,36.22315701,292000,284000,23.3,11000,4582.273743,0.22,,,,,,
95,80,57,22.36175345,290000,290000,23.2,11000,4582.273743,0.43,,,,,,
95,80,75,79.75271186,363000,166000,24.5,12375,6145.122905,0.2,,,,,,
95,80,72,68.61710395,346000,202000,24.2,12375,6049.268156,0.19,,,,,,
95,80,67,51.57236381,319000,260000,23.8,12375,6049.268156,0.18,,,,,,
95,80,62,36.22315701,299000,295000,23.4,12375,6049.268156,0.27,,,,,,
95,80,57,22.36175345,298000,298000,23.4,12375,6049.268156,0.48,,,,,,
95,80,75,79.75271186,368000,173000,24.7,13750,7853.837989,0.21,,,,,,
95,80,72,68.61710395,350000,211000,24.3,13750,7757.98324,0.19,,,,,,
95,80,67,51.57236381,322000,275000,23.8,13750,7757.98324,0.19,,,,,,
95,80,62,36.22315701,306000,306000,23.5,13750,7757.98324,0.31,,,,,,
95,80,57,22.36175345,305000,305000,23.5,13750,7757.98324,0.52,,,,,,
105,80,75,79.75271186,345000,155000,27.2,11000,4582.273743,0.2,,,,,,
105,80,72,68.61710395,328000,188000,26.9,11000,4582.273743,0.17,,,,,,
105,80,67,51.57236381,301000,240000,26.5,11000,4582.273743,0.16,,,,,,
105,80,62,36.22315701,281000,275000,26.1,11000,4582.273743,0.24,,,,,,
105,80,57,22.36175345,280000,280000,26.1,11000,4534.346369,0.45,,,,,,
105,80,75,79.75271186,350000,162000,27.4,12375,6049.268156,0.2,,,,,,
105,80,72,68.61710395,332000,197000,27.1,12375,6049.268156,0.18,,,,,,
105,80,67,51.57236381,305000,255000,26.6,12375,6049.268156,0.18,,,,,,
105,80,62,36.22315701,288000,285000,26.2,12375,6049.268156,0.28,,,,,,
105,80,57,22.36175345,288000,288000,26.3,12375,6049.268156,0.5,,,,,,
105,80,75,79.75271186,353000,168000,27.5,13750,7853.837989,0.2,,,,,,
105,80,72,68.61710395,336000,206000,27.1,13750,7757.98324,0.2,,,,,,
105,80,67,51.57236381,308000,269000,26.6,13750,7757.98324,0.19,,,,,,
105,80,62,36.22315701,295000,295000,26.4,13750,7757.98324,0.35,,,,,,
105,80,57,22.36175345,295000,295000,26.4,13750,7757.98324,0.54,,,,,,
115,80,75,79.75271186,329000,151000,30.4,11000,4582.273743,0.19,,,,,,
115,80,72,68.61710395,312000,183000,30,11000,4582.273743,0.16,,,,,,
115,80,67,51.57236381,287000,235000,29.7,11000,4582.273743,0.16,,,,,,
115,80,62,36.22315701,268000,268000,29.5,11000,4534.346369,0.23,,,,,,
115,80,57,22.36175345,268000,268000,29.5,11000,4534.346369,0.47,,,,,,
115,80,75,79.75271186,333000,157000,30.6,12375,6049.268156,0.19,,,,,,
115,80,72,68.61710395,316000,192000,30.2,12375,6049.268156,0.18,,,,,,
115,80,67,51.57236381,290000,250000,29.7,12375,6049.268156,0.17,,,,,,
115,80,62,36.22315701,276000,276000,29.5,12375,6001.340782,0.31,,,,,,
115,80,57,22.36175345,276000,276000,29.5,12375,6001.340782,0.52,,,,,,
115,80,75,79.75271186,336000,163000,30.7,13750,7757.98324,0.19,,,,,,
115,80,72,68.61710395,320000,201000,30.3,13750,7757.98324,0.19,,,,,,
115,80,67,51.57236381,293000,263000,29.8,13750,7757.98324,0.19,,,,,,
115,80,62,36.22315701,283000,283000,29.6,13750,7757.98324,0.37,,,,,,
115,80,57,22.36175345,282000,282000,29.6,13750,7757.98324,0.56,,,,,,
75,80,75,79.75271186,370000,151000,20.2,6000,1333.631285,0,,,561,175,736,
75,80,72,68.61710395,354000,169000,19.9,6000,1333.631285,0,,,,,,
75,80,67,51.57236381,325000,203000,19.5,6000,1250.27933,0.12,,,,,,
75,80,62,36.22315701,298000,234000,19.2,6000,1250.27933,0.1,,,,,,
75,80,57,22.36175345,272000,263000,18.8,6000,1208.603352,0.1,,,,,,
75,80,75,79.75271186,389000,157000,20.6,7500,2056.709497,0,,,,,,
75,80,72,68.61710395,371000,184000,20.3,7500,2056.709497,0.19,,,,,,
75,80,67,51.57236381,342000,224000,19.8,7500,1969.189944,0.12,,,,,,
75,80,62,36.22315701,314000,262000,19.4,7500,1969.189944,0.11,,,,,,
75,80,57,22.36175345,293000,287000,18.9,7500,1969.189944,0.2,,,,,,
75,80,75,79.75271186,401000,167000,20.9,9000,3090.273743,0.13,,,,,,
75,80,72,68.61710395,384000,196000,20.6,9000,2996.502793,0.16,,,,,,
75,80,67,51.57236381,354000,243000,20.1,9000,2996.502793,0.13,,,,,,
75,80,62,36.22315701,325000,288000,19.6,9000,2904.815642,0.12,,,,,,
75,80,57,22.36175345,309000,309000,19.3,9000,2904.815642,0.26,,,,,,
75,80,75,79.75271186,411000,176000,21.1,10500,4319.715084,0.22,,,,,,
75,80,72,68.61710395,392000,208000,20.7,10500,4221.776536,0.16,,,,,,
75,80,67,51.57236381,362000,261000,20.2,10500,4221.776536,0.14,,,,,,
75,80,62,36.22315701,334000,311000,19.8,10500,4130.089385,0.14,,,,,,
75,80,57,22.36175345,323000,323000,19.5,10500,4130.089385,0.34,,,,,,
85,80,75,79.75271186,362000,147000,22.8,6000,1333.631285,0,,,,,,
85,80,72,68.61710395,345000,166000,22.5,6000,1250.27933,0,,,,,,
85,80,67,51.57236381,316000,199000,22.1,6000,1250.27933,0.12,,,,,,
85,80,62,36.22315701,288000,230000,21.8,6000,1250.27933,0.09,,,,,,
85,80,57,22.36175345,263000,257000,21.4,6000,1208.603352,0.1,,,,,,
85,80,75,79.75271186,379000,154000,23.2,7500,2056.709497,0,,,,,,
85,80,72,68.61710395,361000,180000,22.9,7500,2056.709497,0.17,,,,,,
85,80,67,51.57236381,332000,219000,22.5,7500,1969.189944,0.12,,,,,,
85,80,62,36.22315701,303000,257000,22.1,7500,1969.189944,0.11,,,,,,
85,80,57,22.36175345,276000,276000,21.6,7500,1925.430168,0.13,,,,,,
85,80,75,79.75271186,391000,164000,23.5,9000,2996.502793,0.26,,,,,,
85,80,72,68.61710395,373000,193000,23.2,9000,2996.502793,0.16,,,,,,
85,80,67,51.57236381,343000,238000,22.7,9000,2904.815642,0.13,,,,,,
85,80,62,36.22315701,314000,282000,22.3,9000,2904.815642,0.12,,,,,,
85,80,57,22.36175345,300000,300000,22,9000,2904.815642,0.28,,,,,,
85,80,75,79.75271186,400000,172000,23.7,10500,4221.776536,0.21,,,,,,
85,80,72,68.61710395,381000,204000,23.4,10500,4221.776536,0.16,,,,,,
85,80,67,51.57236381,351000,256000,22.9,10500,4221.776536,0.14,,,,,,
85,80,62,36.22315701,322000,305000,22.4,10500,4130.089385,0.14,,,,,,
85,80,57,22.36175345,315000,315000,22.2,10500,4130.089385,0.35,,,,,,
95,80,75,79.75271186,351000,143000,25.7,6000,1333.631285,0,,,,,,
95,80,72,68.61710395,334000,162000,25.5,6000,1250.27933,0.1,,,,,,
95,80,67,51.57236381,305000,194000,25.1,6000,1250.27933,0.11,,,,,,
95,80,62,36.22315701,278000,225000,25.1,6000,1208.603352,0.09,,,,,,
95,80,57,22.36175345,255000,250000,24.7,6000,1208.603352,0.12,,,,,,
95,80,75,79.75271186,367000,151000,26.1,7500,2056.709497,0,,,,,,
95,80,72,68.61710395,349000,176000,25.9,7500,1969.189944,0.16,,,,,,
95,80,67,51.57236381,320000,214000,25.5,7500,1969.189944,0.12,,,,,,
95,80,62,36.22315701,292000,252000,25.3,7500,1969.189944,0.1,,,,,,
95,80,57,22.36175345,274000,274000,25,7500,1925.430168,0.21,,,,,,
95,80,75,79.75271186,379000,160000,26.4,9000,2996.502793,0.23,,,,,,
95,80,72,68.61710395,360000,188000,26.2,9000,2996.502793,0.15,,,,,,
95,80,67,51.57236381,330000,233000,25.8,9000,2904.815642,0.13,,,,,,
95,80,62,36.22315701,302000,277000,25.4,9000,2904.815642,0.12,,,,,,
95,80,57,22.36175345,291000,291000,25.1,9000,2904.815642,0.3,,,,,,
95,80,75,79.75271186,387000,168000,26.7,10500,4221.776536,0.19,,,,,,
95,80,72,68.61710395,368000,200000,26.3,10500,4221.776536,0.15,,,,,,
95,80,67,51.57236381,338000,251000,25.9,10500,4130.089385,0.14,,,,,,
95,80,62,36.22315701,310000,298000,25.4,10500,4130.089385,0.15,,,,,,
95,80,57,22.36175345,305000,305000,25.3,10500,4130.089385,0.37,,,,,,
105,80,75,79.75271186,339000,138000,29,6000,1250.27933,0,,,,,,
105,80,72,68.61710395,322000,157000,28.9,6000,1250.27933,0.2,,,,,,
105,80,67,51.57236381,293000,189000,29,6000,1250.27933,0.11,,,,,,
105,80,62,36.22315701,267000,219000,29.3,6000,1208.603352,0.09,,,,,,
105,80,57,22.36175345,247000,242000,28.7,6000,1208.603352,0.15,,,,,,
105,80,75,79.75271186,353000,147000,29.3,7500,2056.709497,0.13,,,,,,
105,80,72,68.61710395,336000,171000,29.3,7500,1969.189944,0.15,,,,,,
105,80,67,51.57236381,307000,209000,29.3,7500,1969.189944,0.11,,,,,,
105,80,62,36.22315701,280000,246000,29.4,7500,1925.430168,0.1,,,,,,
105,80,57,22.36175345,265000,265000,29.1,7500,1925.430168,0.24,,,,,,
105,80,75,79.75271186,364000,155000,29.8,9000,2996.502793,0.2,,,,,,
105,80,72,68.61710395,346000,183000,29.5,9000,2904.815642,0.14,,,,,,
105,80,67,51.57236381,317000,228000,29.4,9000,2904.815642,0.12,,,,,,
105,80,62,36.22315701,290000,271000,29.3,9000,2904.815642,0.12,,,,,,
105,80,57,22.36175345,281000,281000,29,9000,2904.815642,0.33,,,,,,
105,80,75,79.75271186,372000,163000,30.1,10500,4221.776536,0.18,,,,,,
105,80,72,68.61710395,353000,195000,29.6,10500,4221.776536,0.14,,,,,,
105,80,67,51.57236381,324000,246000,29.5,10500,4130.089385,0.14,,,,,,
105,80,62,36.22315701,297000,291000,29.2,10500,4130.089385,0.16,,,,,,
105,80,57,22.36175345,294000,294000,29.1,10500,4130.089385,0.4,,,,,,
115,80,75,79.75271186,326000,132000,32.8,6000,1250.27933,0,,,,,,
115,80,72,68.61710395,309000,153000,33.1,6000,1250.27933,0.16,,,,,,
115,80,67,51.57236381,281000,184000,33.8,6000,1250.27933,0.1,,,,,,
115,80,62,36.22315701,256000,214000,34.3,6000,1208.603352,0.08,,,,,,
115,80,57,22.36175345,237000,235000,34.3,6000,1208.603352,0.16,,,,,,
115,80,75,79.75271186,339000,142000,33.3,7500,1969.189944,0.24,,,,,,
115,80,72,68.61710395,322000,166000,33.4,7500,1969.189944,0.13,,,,,,
115,80,67,51.57236381,294000,204000,33.8,7500,1969.189944,0.11,,,,,,
115,80,62,36.22315701,268000,241000,34.2,7500,1925.430168,0.1,,,,,,
115,80,57,22.36175345,256000,256000,34,7500,1925.430168,0.26,,,,,,
115,80,75,79.75271186,349000,150000,33.8,9000,2904.815642,0.18,,,,,,
115,80,72,68.61710395,331000,178000,33.5,9000,2904.815642,0.13,,,,,,
115,80,67,51.57236381,303000,222000,33.8,9000,2904.815642,0.12,,,,,,
115,80,62,36.22315701,277000,264000,34,9000,2858.972067,0.13,,,,,,
115,80,57,22.36175345,271000,271000,33.8,9000,2858.972067,0.35,,,,,,
115,80,75,79.75271186,356000,158000,34.1,10500,4221.776536,0.17,,,,,,
115,80,72,68.61710395,338000,190000,34,10500,4130.089385,0.14,,,,,,
115,80,67,51.57236381,309000,240000,33.8,10500,4130.089385,0.13,,,,,,
115,80,62,36.22315701,286000,280000,33.5,10500,4130.089385,0.19,,,,,,
115,80,57,22.36175345,283000,283000,33.7,10500,4130.089385,0.42,,,,,,
75,80,75,79.75271186,419000,183000,21.3,12000,5803.379888,0.2,,,,,,
75,80,72,68.61710395,399000,219000,20.9,12000,5703.357542,0.16,,,,,,
75,80,67,51.57236381,369000,278000,20.4,12000,5703.357542,0.15,,,,,,
75,80,62,36.22315701,340000,330000,19.9,12000,5607.502793,0.17,,,,,,
75,80,57,22.36175345,336000,336000,19.7,12000,5607.502793,0.4,,,,,,
75,80,75,79.75271186,426000,191000,21.4,13500,7628.787709,0.2,,,,,,
75,80,72,68.61710395,406000,229000,21,13500,7628.787709,0.18,,,,,,
75,80,67,51.57236381,374000,294000,20.5,13500,7528.765363,0.16,,,,,,
75,80,62,36.22315701,347000,343000,19.9,13500,7432.910615,0.22,,,,,,
75,80,57,22.36175345,346000,346000,19.9,13500,7432.910615,0.45,,,,,,
75,80,75,79.75271186,430000,198000,21.5,15000,9739.675978,0.2,,,,,,
75,80,72,68.61710395,411000,240000,21.1,15000,9739.675978,0.18,,,,,,
75,80,67,51.57236381,379000,310000,20.6,15000,9635.486034,0.17,,,,,,
75,80,62,36.22315701,356000,351000,20.1,15000,9635.486034,0.28,,,,,,
75,80,57,22.36175345,354000,354000,20.1,15000,9635.486034,0.49,,,,,,
85,80,75,79.75271186,408000,180000,23.9,12000,5803.379888,0.19,,,,,,
85,80,72,68.61710395,388000,215000,23.5,12000,5703.357542,0.16,,,,,,
85,80,67,51.57236381,357000,273000,23,12000,5703.357542,0.15,,,,,,
85,80,62,36.22315701,329000,322000,22.5,12000,5607.502793,0.19,,,,,,
85,80,57,22.36175345,326000,326000,22.4,12000,5607.502793,0.41,,,,,,
85,80,75,79.75271186,414000,187000,24,13500,7628.787709,0.19,,,,,,
85,80,72,68.61710395,394000,226000,23.7,13500,7528.765363,0.17,,,,,,
85,80,67,51.57236381,362000,290000,23.1,13500,7528.765363,0.16,,,,,,
85,80,62,36.22315701,338000,331000,22.6,13500,7432.910615,0.26,,,,,,
85,80,57,22.36175345,336000,336000,22.6,13500,7432.910615,0.46,,,,,,
85,80,75,79.75271186,418000,194000,24.1,15000,9739.675978,0.19,,,,,,
85,80,72,68.61710395,398000,236000,23.8,15000,9635.486034,0.18,,,,,,
85,80,67,51.57236381,366000,305000,23.2,15000,9635.486034,0.17,,,,,,
85,80,62,36.22315701,344000,337000,22.7,15000,9535.463687,0.28,,,,,,
85,80,57,22.36175345,345000,345000,22.8,15000,9535.463687,0.5,,,,,,
95,80,75,79.75271186,394000,175000,26.9,12000,5703.357542,0.18,,,,,,
95,80,72,68.61710395,375000,211000,26.6,12000,5703.357542,0.16,,,,,,
95,80,67,51.57236381,344000,268000,26,12000,5607.502793,0.15,,,,,,
95,80,62,36.22315701,318000,312000,25.4,12000,5607.502793,0.21,,,,,,
95,80,57,22.36175345,316000,316000,25.5,12000,5607.502793,0.43,,,,,,
95,80,75,79.75271186,399000,182000,27,13500,7528.765363,0.18,,,,,,
95,80,72,68.61710395,380000,221000,26.7,13500,7528.765363,0.17,,,,,,
95,80,67,51.57236381,348000,284000,26.1,13500,7432.910615,0.16,,,,,,
95,80,62,36.22315701,328000,320000,25.6,13500,7432.910615,0.28,,,,,,
95,80,57,22.36175345,326000,326000,25.6,13500,7432.910615,0.48,,,,,,
95,80,75,79.75271186,403000,189000,27.2,15000,9739.675978,0.19,,,,,,
95,80,72,68.61710395,384000,231000,26.8,15000,9635.486034,0.18,,,,,,
95,80,67,51.57236381,352000,300000,26.2,15000,9635.486034,0.17,,,,,,
95,80,62,36.22315701,334000,334000,25.8,15000,9535.463687,0.31,,,,,,
95,80,57,22.36175345,334000,334000,25.8,15000,9535.463687,0.52,,,,,,
105,80,75,79.75271186,378000,170000,30.3,12000,5703.357542,0.17,,,,,,
105,80,72,68.61710395,359000,205000,30,12000,5703.357542,0.16,,,,,,
105,80,67,51.57236381,329000,262000,29.6,12000,5607.502793,0.15,,,,,,
105,80,62,36.22315701,307000,301000,29,12000,5607.502793,0.24,,,,,,
105,80,57,22.36175345,305000,305000,29.2,12000,5607.502793,0.45,,,,,,
105,80,75,79.75271186,383000,177000,30.5,13500,7528.765363,0.18,,,,,,
105,80,72,68.61710395,364000,215000,30.1,13500,7528.765363,0.17,,,,,,
105,80,67,51.57236381,334000,278000,29.6,13500,7432.910615,0.16,,,,,,
105,80,62,36.22315701,314000,314000,29.3,13500,7432.910615,0.28,,,,,,
105,80,57,22.36175345,314000,314000,29.3,13500,7432.910615,0.5,,,,,,
105,80,75,79.75271186,387000,184000,30.7,15000,9635.486034,0.18,,,,,,
105,80,72,68.61710395,367000,225000,30.2,15000,9635.486034,0.18,,,,,,
105,80,67,51.57236381,337000,294000,29.7,15000,9535.463687,0.17,,,,,,
105,80,62,36.22315701,322000,322000,29.4,15000,9535.463687,0.34,,,,,,
105,80,57,22.36175345,322000,322000,29.3,15000,9535.463687,0.54,,,,,,
115,80,75,79.75271186,361000,165000,34.4,12000,5703.357542,0.17,,,,,,
115,80,72,68.61710395,343000,200000,34.2,12000,5607.502793,0.16,,,,,,
115,80,67,51.57236381,314000,257000,33.9,12000,5607.502793,0.15,,,,,,
115,80,62,36.22315701,295000,290000,33.4,12000,5607.502793,0.26,,,,,,
115,80,57,22.36175345,293000,293000,33.6,12000,5607.502793,0.47,,,,,,
115,80,75,79.75271186,366000,172000,34.7,13500,7528.765363,0.17,,,,,,
115,80,72,68.61710395,347000,210000,34.3,13500,7432.910615,0.17,,,,,,
115,80,67,51.57236381,318000,272000,33.9,13500,7432.910615,0.16,,,,,,
115,80,62,36.22315701,302000,302000,33.6,13500,7432.910615,0.31,,,,,,
115,80,57,22.36175345,302000,302000,33.6,13500,7432.910615,0.52,,,,,,
115,80,75,79.75271186,369000,179000,34.9,15000,9635.486034,0.18,,,,,,
115,80,72,68.61710395,351000,220000,34.4,15000,9635.486034,0.18,,,,,,
115,80,67,51.57236381,321000,288000,33.9,15000,9535.463687,0.18,,,,,,
115,80,62,36.22315701,310000,310000,33.7,15000,9535.463687,0.36,,,,,,
115,80,57,22.36175345,309000,309000,33.7,15000,9535.463687,0.56,,,,,,
75,80,75,79.75271186,442000,179000,24.8,7000,2110.888268,0,,736,175,895,,
75,80,72,68.61710395,423000,206000,24.3,7000,2110.888268,0,,,,,,
75,80,67,51.57236381,394000,250000,23.6,7000,2006.698324,0,,,,,,
75,80,62,36.22315701,366000,291000,23.2,7000,2006.698324,0.01,,,,,,
75,80,57,22.36175345,338000,329000,23.1,7000,1902.50838,0.02,,,,,,
75,80,75,79.75271186,459000,189000,25.3,8750,3200.715084,0,,,,,,
75,80,72,68.61710395,440000,222000,24.7,8750,3200.715084,0,,,,,,
75,80,67,51.57236381,410000,275000,24,8750,3200.715084,0.01,,,,,,
75,80,62,36.22315701,383000,327000,23.4,8750,3081.938547,0.01,,,,,,
75,80,57,22.36175345,363000,363000,23.2,8750,3081.938547,0.1,,,,,,
75,80,75,79.75271186,471000,199000,25.6,10500,4592.692737,0.01,,,,,,
75,80,72,68.61710395,452000,237000,25.1,10500,4592.692737,0.01,,,,,,
75,80,67,51.57236381,421000,299000,24.3,10500,4592.692737,0.01,,,,,,
75,80,62,36.22315701,395000,359000,23.6,10500,4461.413408,0.02,,,,,,
75,80,57,22.36175345,383000,383000,23.4,10500,4461.413408,0.21,,,,,,
75,80,75,79.75271186,479000,208000,25.8,12250,6361.837989,0.01,,,,,,
75,80,72,68.61710395,460000,252000,25.3,12250,6361.837989,0.02,,,,,,
75,80,67,51.57236381,430000,323000,24.5,12250,6361.837989,0.02,,,,,,
75,80,62,36.22315701,403000,389000,23.8,12250,6361.837989,0.04,,,,,,
75,80,57,22.36175345,399000,399000,23.7,12250,6220.139665,0.29,,,,,,
85,80,75,79.75271186,428000,174000,27.8,7000,2110.888268,0,,,,,,
85,80,72,68.61710395,412000,201000,27.3,7000,2110.888268,0,,,,,,
85,80,67,51.57236381,384000,245000,26.9,7000,2006.698324,0.01,,,,,,
85,80,62,36.22315701,354000,285000,26.7,7000,2006.698324,0.01,,,,,,
85,80,57,22.36175345,326000,322000,27,7000,1902.50838,0.02,,,,,,
85,80,75,79.75271186,444000,184000,28.2,8750,3200.715084,0,,,,,,
85,80,72,68.61710395,426000,217000,27.7,8750,3200.715084,0,,,,,,
85,80,67,51.57236381,399000,270000,27.1,8750,3081.938547,0.01,,,,,,
85,80,62,36.22315701,372000,321000,26.8,8750,3081.938547,0.01,,,,,,
85,80,57,22.36175345,352000,352000,26.7,8750,3081.938547,0.13,,,,,,
85,80,75,79.75271186,455000,193000,28.5,10500,4592.692737,0.01,,,,,,
85,80,72,68.61710395,437000,231000,28,10500,4592.692737,0.01,,,,,,
85,80,67,51.57236381,410000,294000,27.3,10500,4592.692737,0.01,,,,,,
85,80,62,36.22315701,384000,354000,26.9,10500,4461.413408,0.03,,,,,,
85,80,57,22.36175345,374000,374000,26.8,10500,4461.413408,0.23,,,,,,
85,80,75,79.75271186,463000,203000,28.8,12250,6361.837989,0.02,,,,,,
85,80,72,68.61710395,444000,246000,28.2,12250,6361.837989,0.02,,,,,,
85,80,67,51.57236381,417000,318000,27.5,12250,6361.837989,0.02,,,,,,
85,80,62,36.22315701,393000,384000,27,12250,6220.139665,0.05,,,,,,
85,80,57,22.36175345,389000,389000,26.9,12250,6220.139665,0.31,,,,,,
95,80,75,79.75271186,417000,170000,31.3,7000,2110.888268,0,,,,,,
95,80,72,68.61710395,400000,197000,31.1,7000,2006.698324,0,,,,,,
95,80,67,51.57236381,371000,239000,30.8,7000,2006.698324,0.01,,,,,,
95,80,62,36.22315701,341000,279000,31.3,7000,1902.50838,0.01,,,,,,
95,80,57,22.36175345,312000,312000,32.9,7000,1902.50838,0.03,,,,,,
95,80,75,79.75271186,432000,179000,31.6,8750,3200.715084,0,,,,,,
95,80,72,68.61710395,415000,212000,31.2,8750,3200.715084,0,,,,,,
95,80,67,51.57236381,387000,265000,30.9,8750,3081.938547,0.01,,,,,,
95,80,62,36.22315701,358000,314000,30.8,8750,3081.938547,0.01,,,,,,
95,80,57,22.36175345,341000,341000,31.2,8750,2961.078212,0.16,,,,,,
95,80,75,79.75271186,441000,188000,31.9,10500,4592.692737,0.01,,,,,,
95,80,72,68.61710395,424000,227000,31.4,10500,4592.692737,0.01,,,,,,
95,80,67,51.57236381,397000,289000,31,10500,4461.413408,0.02,,,,,,
95,80,62,36.22315701,370000,348000,30.8,10500,4461.413408,0.03,,,,,,
95,80,57,22.36175345,362000,362000,30.7,10500,4461.413408,0.25,,,,,,
95,80,75,79.75271186,447000,197000,32.1,12250,6361.837989,0.02,,,,,,
95,80,72,68.61710395,431000,241000,31.6,12250,6361.837989,0.02,,,,,,
95,80,67,51.57236381,405000,313000,31,12250,6361.837989,0.02,,,,,,
95,80,62,36.22315701,380000,376000,30.8,12250,6220.139665,0.05,,,,,,
95,80,57,22.36175345,378000,378000,30.8,12250,6220.139665,0.33,,,,,,
105,80,75,79.75271186,403000,165000,35.5,7000,2110.888268,0,,,,,,
105,80,72,68.61710395,385000,191000,35.4,7000,2006.698324,0,,,,,,
105,80,67,51.57236381,356000,232000,36,7000,2006.698324,0.01,,,,,,
105,80,62,36.22315701,325000,271000,37.7,7000,1902.50838,0.01,,,,,,
105,80,57,22.36175345,308000,308000,39.3,7000,1902.50838,0.12,,,,,,
105,80,75,79.75271186,417000,174000,35.7,8750,3200.715084,0,,,,,,
105,80,72,68.61710395,400000,207000,35.5,8750,3081.938547,0.01,,,,,,
105,80,67,51.57236381,372000,258000,35.5,8750,3081.938547,0.01,,,,,,
105,80,62,36.22315701,343000,307000,36.5,8750,2961.078212,0.02,,,,,,
105,80,57,22.36175345,328000,328000,37.4,8750,2961.078212,0.19,,,,,,
105,80,75,79.75271186,427000,184000,35.9,10500,4592.692737,0.01,,,,,,
105,80,72,68.61710395,410000,222000,35.5,10500,4592.692737,0.01,,,,,,
105,80,67,51.57236381,381000,283000,35.3,10500,4461.413408,0.02,,,,,,
105,80,62,36.22315701,355000,340000,35.8,10500,4461.413408,0.03,,,,,,
105,80,57,22.36175345,349000,349000,36.1,10500,4332.217877,0.28,,,,,,
105,80,75,79.75271186,433000,193000,36,12250,6361.837989,0.02,,,,,,
105,80,72,68.61710395,417000,236000,35.6,12250,6361.837989,0.02,,,,,,
105,80,67,51.57236381,389000,307000,35.3,12250,6220.139665,0.02,,,,,,
105,80,62,36.22315701,365000,365000,35.5,12250,6220.139665,0.07,,,,,,
105,80,57,22.36175345,365000,365000,35.5,12250,6220.139665,0.35,,,,,,
115,80,75,79.75271186,380000,156000,39.4,7000,2006.698324,0,,,,,,
115,80,72,68.61710395,364000,182000,39.7,7000,2006.698324,0,,,,,,
115,80,67,51.57236381,337000,224000,40.9,7000,1902.50838,0.01,,,,,,
115,80,75,79.75271186,391000,165000,39.5,8750,3081.938547,0,,,,,,
115,80,72,68.61710395,376000,198000,39.5,8750,3081.938547,0.01,,,,,,
115,80,67,51.57236381,351000,250000,40.1,8750,3081.938547,0.01,,,,,,
115,80,75,79.75271186,398000,174000,39.5,10500,4461.413408,0.01,,,,,,
115,80,72,68.61710395,384000,213000,39.4,10500,4461.413408,0.01,,,,,,
115,80,67,51.57236381,360000,274000,39.8,10500,4461.413408,0.02,,,,,,
115,80,62,36.22315701,335000,330000,40.9,10500,4332.217877,0.04,,,,,,
115,80,57,22.36175345,332000,332000,41.1,10500,4332.217877,0.31,,,,,,
115,80,75,79.75271186,403000,183000,39.6,12250,6361.837989,0.01,,,,,,
115,80,72,68.61710395,389000,227000,39.4,12250,6220.139665,0.02,,,,,,
115,80,67,51.57236381,366000,298000,39.6,12250,6220.139665,0.02,,,,,,
115,80,62,36.22315701,347000,347000,40.2,12250,6074.273743,0.12,,,,,,
115,80,57,22.36175345,347000,347000,40.2,12250,6074.273743,0.39,,,,,,
75,80,75,79.75271186,485000,217000,26,14000,8485.22905,0.02,,,,,,
75,80,72,68.61710395,466000,266000,25.5,14000,8485.22905,0.02,,,,,,
75,80,67,51.57236381,436000,347000,24.7,14000,8485.22905,0.03,,,,,,
75,80,62,36.22315701,412000,411000,24,14000,8485.22905,0.09,,,,,,
75,80,57,22.36175345,411000,411000,24,14000,8485.22905,0.36,,,,,,
75,80,75,79.75271186,490000,226000,26.1,15750,11035.79888,0.03,,,,,,
75,80,72,68.61710395,471000,281000,25.6,15750,11035.79888,0.03,,,,,,
75,80,67,51.57236381,442000,369000,24.8,15750,11035.79888,0.04,,,,,,
75,80,62,36.22315701,422000,422000,24.3,15750,11035.79888,0.17,,,,,,
75,80,57,22.36175345,422000,422000,24.3,15750,11035.79888,0.42,,,,,,
75,80,72,68.61710395,475000,295000,25.7,17500,13990.6257,0.04,,,,,,
75,80,67,51.57236381,446000,391000,24.9,17500,13990.6257,0.05,,,,,,
75,80,62,36.22315701,432000,432000,24.5,17500,13990.6257,0.23,,,,,,
75,80,57,22.36175345,432000,432000,24.5,17500,13990.6257,0.46,,,,,,
85,80,75,79.75271186,469000,212000,29,14000,8485.22905,0.02,,,,,,
85,80,72,68.61710395,451000,261000,28.4,14000,8485.22905,0.02,,,,,,
85,80,67,51.57236381,422000,341000,27.6,14000,8485.22905,0.03,,,,,,
85,80,62,36.22315701,402000,402000,27.1,14000,8485.22905,0.11,,,,,,
85,80,57,22.36175345,401000,401000,27.1,14000,8485.22905,0.38,,,,,,
85,80,72,68.61710395,455000,275000,28.6,15750,11035.79888,0.03,,,,,,
85,80,67,51.57236381,426000,363000,27.7,15750,11035.79888,0.04,,,,,,
85,80,62,36.22315701,411000,411000,27.3,15750,11035.79888,0.19,,,,,,
85,80,57,22.36175345,411000,411000,27.3,15750,11035.79888,0.43,,,,,,
85,80,72,68.61710395,459000,290000,28.7,17500,13990.6257,0.04,,,,,,
85,80,67,51.57236381,431000,384000,27.8,17500,13990.6257,0.05,,,,,,
85,80,62,36.22315701,419000,419000,27.5,17500,13990.6257,0.26,,,,,,
85,80,57,22.36175345,419000,419000,27.5,17500,13990.6257,0.48,,,,,,
95,80,72,68.61710395,436000,256000,31.7,14000,8485.22905,0.02,,,,,,
95,80,67,51.57236381,410000,336000,31.1,14000,8485.22905,0.03,,,,,,
95,80,62,36.22315701,391000,391000,30.9,14000,8331.027933,0.13,,,,,,
95,80,57,22.36175345,390000,390000,30.9,14000,8331.027933,0.39,,,,,,
95,80,72,68.61710395,439000,270000,31.8,15750,11035.79888,0.03,,,,,,
95,80,67,51.57236381,414000,358000,31.2,15750,11035.79888,0.04,,,,,,
95,80,62,36.22315701,401000,401000,31,15750,11035.79888,0.21,,,,,,
95,80,57,22.36175345,400000,400000,31,15750,10869.09497,0.45,,,,,,
95,80,72,68.61710395,443000,284000,31.9,17500,13990.6257,0.04,,,,,,
95,80,67,51.57236381,418000,379000,31.3,17500,13990.6257,0.06,,,,,,
95,80,62,36.22315701,409000,409000,31.1,17500,13990.6257,0.27,,,,,,
95,80,57,22.36175345,408000,408000,31.1,17500,13990.6257,0.49,,,,,,
105,80,72,68.61710395,421000,251000,35.7,14000,8485.22905,0.03,,,,,,
105,80,67,51.57236381,394000,330000,35.3,14000,8331.027933,0.03,,,,,,
105,80,62,36.22315701,377000,377000,35.3,14000,8331.027933,0.16,,,,,,
105,80,57,22.36175345,377000,377000,35.3,14000,8331.027933,0.42,,,,,,
105,80,72,68.61710395,425000,265000,35.7,15750,11035.79888,0.03,,,,,,
105,80,67,51.57236381,399000,352000,35.3,15750,10869.09497,0.04,,,,,,
105,80,62,36.22315701,387000,387000,35.2,15750,10869.09497,0.24,,,,,,
105,80,57,22.36175345,386000,386000,35.2,15750,10869.09497,0.47,,,,,,
105,80,72,68.61710395,428000,279000,35.8,17500,13990.6257,0.04,,,,,,
105,80,67,51.57236381,403000,373000,35.3,17500,13990.6257,0.06,,,,,,
105,80,62,36.22315701,395000,395000,35.3,17500,13813.50279,0.3,,,,,,
105,80,57,22.36175345,395000,395000,35.3,17500,13813.50279,0.51,,,,,,
115,80,72,68.61710395,393000,242000,39.4,14000,8331.027933,0.02,,,,,,
115,80,67,51.57236381,371000,321000,39.4,14000,8331.027933,0.03,,,,,,
115,80,62,36.22315701,358000,358000,39.7,14000,8331.027933,0.21,,,,,,
115,80,57,22.36175345,358000,358000,39.7,14000,8331.027933,0.45,,,,,,
115,80,72,68.61710395,396000,256000,39.5,15750,10869.09497,0.03,,,,,,
115,80,67,51.57236381,375000,342000,39.4,15750,10869.09497,0.05,,,,,,
115,80,62,36.22315701,367000,367000,39.5,15750,10869.09497,0.28,,,,,,
115,80,57,22.36175345,367000,367000,39.5,15750,10869.09497,0.49,,,,,,
115,80,72,68.61710395,399000,270000,39.5,17500,13813.50279,0.04,,,,,,
115,80,67,51.57236381,378000,362000,39.3,17500,13813.50279,0.07,,,,,,
115,80,62,36.22315701,374000,374000,39.4,17500,13813.50279,0.34,,,,,,
115,80,57,22.36175345,374000,374000,39.4,17500,13813.50279,0.54,,,,,,
75,80,75,79.75271186,517000,206000,25.9,8000,3136.117318,0,,,895,210,1105,
75,80,72,68.61710395,495000,235000,25.5,8000,2973.581006,0,,,,,,
75,80,67,51.57236381,459000,284000,25,8000,2973.581006,0.06,,,,,,
75,80,62,36.22315701,423000,330000,24.7,8000,2973.581006,0.04,,,,,,
75,80,57,22.36175345,388000,371000,24.3,8000,2811.044693,0.05,,,,,,
75,80,75,79.75271186,542000,216000,26.3,10000,4776.067039,0,,,,,,
75,80,72,68.61710395,518000,253000,25.9,10000,4776.067039,0.1,,,,,,
75,80,67,51.57236381,482000,313000,25.4,10000,4592.692737,0.06,,,,,,
75,80,62,36.22315701,445000,370000,25,10000,4592.692737,0.05,,,,,,
75,80,57,22.36175345,415000,408000,24.5,10000,4592.692737,0.13,,,,,,
75,80,75,79.75271186,558000,228000,26.6,12000,6957.804469,0.15,,,,,,
75,80,72,68.61710395,533000,270000,26.2,12000,6957.804469,0.08,,,,,,
75,80,67,51.57236381,498000,341000,25.6,12000,6753.592179,0.06,,,,,,
75,80,62,36.22315701,461000,408000,25.2,12000,6753.592179,0.06,,,,,,
75,80,57,22.36175345,439000,439000,24.8,12000,6753.592179,0.2,,,,,,
75,80,75,79.75271186,570000,239000,26.8,14000,9741.759777,0.11,,,,,,
75,80,72,68.61710395,546000,287000,26.4,14000,9741.759777,0.08,,,,,,
75,80,67,51.57236381,509000,368000,25.8,14000,9741.759777,0.07,,,,,,
75,80,62,36.22315701,473000,441000,25.3,14000,9520.877095,0.08,,,,,,
75,80,57,22.36175345,460000,460000,25.1,14000,9520.877095,0.29,,,,,,
85,80,75,79.75271186,503000,199000,29.2,8000,3136.117318,0,,,,,,
85,80,72,68.61710395,481000,230000,28.8,8000,2973.581006,0.13,,,,,,
85,80,67,51.57236381,446000,278000,28.5,8000,2973.581006,0.06,,,,,,
85,80,62,36.22315701,410000,325000,28,8000,2973.581006,0.03,,,,,,
85,80,57,22.36175345,376000,364000,27.7,8000,2811.044693,0.05,,,,,,
85,80,75,79.75271186,525000,210000,29.6,10000,4776.067039,0,,,,,,
85,80,72,68.61710395,504000,248000,29.3,10000,4776.067039,0.09,,,,,,
85,80,67,51.57236381,467000,307000,28.8,10000,4592.692737,0.06,,,,,,
85,80,62,36.22315701,431000,363000,28.4,10000,4592.692737,0.05,,,,,,
85,80,57,22.36175345,405000,397000,27.9,10000,4592.692737,0.16,,,,,,
85,80,75,79.75271186,541000,222000,29.9,12000,6957.804469,0.13,,,,,,
85,80,72,68.61710395,519000,265000,29.5,12000,6957.804469,0.08,,,,,,
85,80,67,51.57236381,483000,335000,29,12000,6753.592179,0.06,,,,,,
85,80,62,36.22315701,447000,400000,28.6,12000,6753.592179,0.06,,,,,,
85,80,57,22.36175345,427000,427000,28.3,12000,6753.592179,0.23,,,,,,
85,80,75,79.75271186,552000,233000,30.1,14000,9741.759777,0.1,,,,,,
85,80,72,68.61710395,531000,282000,29.7,14000,9741.759777,0.08,,,,,,
85,80,67,51.57236381,494000,362000,29.2,14000,9520.877095,0.07,,,,,,
85,80,62,36.22315701,458000,434000,28.7,14000,9520.877095,0.08,,,,,,
85,80,57,22.36175345,448000,448000,28.5,14000,9520.877095,0.31,,,,,,
95,80,75,79.75271186,489000,193000,33,8000,2973.581006,0,,,,,,
95,80,72,68.61710395,467000,224000,32.6,8000,2973.581006,0.1,,,,,,
95,80,67,51.57236381,431000,272000,32.3,8000,2973.581006,0.05,,,,,,
95,80,62,36.22315701,395000,317000,32,8000,2811.044693,0.04,,,,,,
95,80,57,22.36175345,363000,356000,31.7,8000,2811.044693,0.06,,,,,,
95,80,75,79.75271186,510000,205000,33.4,10000,4776.067039,0.1,,,,,,
95,80,72,68.61710395,488000,242000,33.1,10000,4592.692737,0.08,,,,,,
95,80,67,51.57236381,452000,301000,32.6,10000,4592.692737,0.05,,,,,,
95,80,62,36.22315701,416000,356000,32.3,10000,4592.692737,0.05,,,,,,
95,80,57,22.36175345,390000,390000,31.8,10000,4409.318436,0.15,,,,,,
95,80,75,79.75271186,525000,217000,33.7,12000,6957.804469,0.11,,,,,,
95,80,72,68.61710395,503000,260000,33.4,12000,6957.804469,0.08,,,,,,
95,80,67,51.57236381,466000,328000,32.9,12000,6753.592179,0.06,,,,,,
95,80,62,36.22315701,429000,392000,32.5,12000,6753.592179,0.06,,,,,,
95,80,57,22.36175345,414000,414000,32.1,12000,6753.592179,0.25,,,,,,
95,80,75,79.75271186,536000,228000,33.9,14000,9741.759777,0.1,,,,,,
95,80,72,68.61710395,514000,276000,33.5,14000,9741.759777,0.08,,,,,,
95,80,67,51.57236381,477000,355000,33,14000,9520.877095,0.07,,,,,,
95,80,62,36.22315701,442000,425000,32.6,14000,9520.877095,0.09,,,,,,
95,80,57,22.36175345,434000,434000,32.4,14000,9520.877095,0.33,,,,,,
105,80,75,79.75271186,473000,187000,37.2,8000,2973.581006,0,,,,,,
105,80,72,68.61710395,451000,218000,36.8,8000,2973.581006,0.08,,,,,,
105,80,67,51.57236381,414000,264000,36.8,8000,2973.581006,0.05,,,,,,
105,80,62,36.22315701,381000,311000,36.2,8000,2811.044693,0.03,,,,,,
105,80,57,22.36175345,350000,346000,36.5,8000,2648.50838,0.07,,,,,,
105,80,75,79.75271186,492000,200000,37.6,10000,4592.692737,0.15,,,,,,
105,80,72,68.61710395,470000,236000,37.4,10000,4592.692737,0.08,,,,,,
105,80,67,51.57236381,434000,293000,37,10000,4592.692737,0.05,,,,,,
105,80,62,36.22315701,399000,348000,37,10000,4409.318436,0.05,,,,,,
105,80,57,22.36175345,378000,378000,36.6,10000,4409.318436,0.18,,,,,,
105,80,75,79.75271186,506000,211000,37.9,12000,6957.804469,0.1,,,,,,
105,80,72,68.61710395,484000,253000,37.6,12000,6753.592179,0.07,,,,,,
105,80,67,51.57236381,447000,321000,37.2,12000,6753.592179,0.06,,,,,,
105,80,62,36.22315701,412000,384000,37.1,12000,6753.592179,0.07,,,,,,
105,80,57,22.36175345,401000,401000,36.7,12000,6753.592179,0.27,,,,,,
105,80,75,79.75271186,516000,221000,38.1,14000,9741.759777,0.09,,,,,,
105,80,72,68.61710395,493000,269000,37.8,14000,9520.877095,0.08,,,,,,
105,80,67,51.57236381,457000,347000,37.4,14000,9520.877095,0.07,,,,,,
105,80,62,36.22315701,423000,414000,37,14000,9520.877095,0.1,,,,,,
105,80,57,22.36175345,419000,419000,36.8,14000,9520.877095,0.35,,,,,,
115,80,75,79.75271186,453000,180000,42,8000,2973.581006,0,,,,,,
115,80,72,68.61710395,432000,211000,41.4,8000,2973.581006,0.07,,,,,,
115,80,67,51.57236381,397000,257000,42.2,8000,2811.044693,0.05,,,,,,
115,80,62,36.22315701,364000,302000,42.1,8000,2811.044693,0.03,,,,,,
115,80,57,22.36175345,337000,332000,41.8,8000,2648.50838,0.11,,,,,,
115,80,75,79.75271186,471000,193000,42.5,10000,4592.692737,0.12,,,,,,
115,80,72,68.61710395,450000,228000,42.4,10000,4592.692737,0.07,,,,,,
115,80,67,51.57236381,415000,286000,42.4,10000,4592.692737,0.05,,,,,,
115,80,62,36.22315701,381000,340000,42.5,10000,4409.318436,0.05,,,,,,
115,80,57,22.36175345,364000,364000,42.2,10000,4409.318436,0.21,,,,,,
115,80,75,79.75271186,483000,204000,42.6,12000,6753.592179,0.09,,,,,,
115,80,72,68.61710395,462000,245000,42.6,12000,6753.592179,0.07,,,,,,
115,80,67,51.57236381,427000,313000,42.5,12000,6753.592179,0.06,,,,,,
115,80,62,36.22315701,394000,375000,42.5,12000,6549.379888,0.07,,,,,,
115,80,57,22.36175345,386000,386000,42.2,12000,6549.379888,0.3,,,,,,
115,80,75,79.75271186,492000,214000,42.8,14000,9520.877095,0.08,,,,,,
115,80,72,68.61710395,472000,262000,42.8,14000,9520.877095,0.07,,,,,,
115,80,67,51.57236381,436000,339000,42.7,14000,9520.877095,0.06,,,,,,
115,80,62,36.22315701,405000,402000,42.3,14000,9520.877095,0.11,,,,,,
115,80,57,22.36175345,403000,403000,42.2,14000,9520.877095,0.37,,,,,,
120,80,75,79.75271186,442000,177000,44.6,8000,2973.581006,0,,,,,,
120,80,72,68.61710395,422000,207000,44.8,8000,2973.581006,0.07,,,,,,
120,80,67,51.57236381,389000,255000,44.1,8000,2811.044693,0.03,,,,,,
120,80,62,36.22315701,354000,297000,45.8,8000,2811.044693,0.04,,,,,,
120,80,57,22.36175345,330000,327000,45.1,8000,2648.50838,0.12,,,,,,
120,80,75,79.75271186,460000,189000,45.2,10000,4592.692737,0.11,,,,,,
120,80,72,68.61710395,440000,225000,45.3,10000,4592.692737,0.07,,,,,,
120,80,67,51.57236381,405000,281000,45.3,10000,4592.692737,0.05,,,,,,
120,80,62,36.22315701,372000,336000,45.2,10000,4409.318436,0.04,,,,,,
120,80,57,22.36175345,356000,356000,45.2,10000,4409.318436,0.23,,,,,,
120,80,75,79.75271186,473000,200000,45.5,12000,6753.592179,0.09,,,,,,
120,80,72,68.61710395,451000,241000,45.4,12000,6753.592179,0.07,,,,,,
120,80,67,51.57236381,417000,309000,45.4,12000,6753.592179,0.06,,,,,,
120,80,62,36.22315701,384000,369000,45.4,12000,6549.379888,0.07,,,,,,
120,80,57,22.36175345,378000,378000,45.2,12000,6549.379888,0.32,,,,,,
120,80,75,79.75271186,481000,211000,45.6,14000,9520.877095,0.08,,,,,,
120,80,72,68.61710395,460000,258000,45.6,14000,9520.877095,0.07,,,,,,
120,80,67,51.57236381,425000,335000,45.6,14000,9520.877095,0.06,,,,,,
120,80,62,36.22315701,395000,395000,45.2,14000,9299.994413,0.12,,,,,,
120,80,57,22.36175345,395000,395000,45.2,14000,9299.994413,0.39,,,,,,
75,80,75,79.75271186,579000,249000,26.9,16000,13192.53073,0.1,,,,,,
75,80,72,68.61710395,555000,304000,26.5,16000,13192.53073,0.09,,,,,,
75,80,67,51.57236381,519000,394000,25.9,16000,13192.53073,0.07,,,,,,
75,80,62,36.22315701,483000,470000,25.4,16000,12954.97765,0.11,,,,,,
75,80,57,22.36175345,477000,477000,25.3,16000,12954.97765,0.35,,,,,,
75,80,75,79.75271186,587000,259000,27.1,18000,17360.12849,0.11,,,,,,
75,80,72,68.61710395,563000,320000,26.6,18000,17360.12849,0.09,,,,,,
75,80,67,51.57236381,526000,419000,26.1,18000,17360.12849,0.08,,,,,,
75,80,62,36.22315701,491000,491000,25.5,18000,17105.90503,0.15,,,,,,
75,80,57,22.36175345,491000,491000,25.5,18000,17105.90503,0.41,,,,,,
75,80,75,79.75271186,593000,269000,27.2,20000,22313.31844,0.11,,,,,,
75,80,72,68.61710395,569000,335000,26.7,20000,22313.31844,0.1,,,,,,
75,80,67,51.57236381,532000,443000,26.1,20000,22313.31844,0.09,,,,,,
75,80,62,36.22315701,504000,499000,25.7,20000,22313.31844,0.23,,,,,,
75,80,57,22.36175345,503000,503000,25.7,20000,22313.31844,0.45,,,,,,
85,80,75,79.75271186,560000,243000,30.2,16000,13192.53073,0.1,,,,,,
85,80,72,68.61710395,539000,298000,29.9,16000,13192.53073,0.09,,,,,,
85,80,67,51.57236381,503000,388000,29.3,16000,13192.53073,0.07,,,,,,
85,80,62,36.22315701,468000,461000,28.8,16000,12954.97765,0.12,,,,,,
85,80,57,22.36175345,464000,464000,28.7,16000,12954.97765,0.37,,,,,,
85,80,75,79.75271186,568000,253000,30.4,18000,17360.12849,0.11,,,,,,
85,80,72,68.61710395,546000,314000,30,18000,17360.12849,0.09,,,,,,
85,80,67,51.57236381,510000,412000,29.4,18000,17360.12849,0.09,,,,,,
85,80,62,36.22315701,479000,476000,28.9,18000,17105.90503,0.18,,,,,,
85,80,57,22.36175345,478000,478000,28.9,18000,17105.90503,0.42,,,,,,
85,80,75,79.75271186,574000,263000,30.5,20000,22313.31844,0.11,,,,,,
85,80,72,68.61710395,552000,330000,30.1,20000,22313.31844,0.09,,,,,,
85,80,67,51.57236381,515000,437000,29.5,20000,22313.31844,0.09,,,,,,
85,80,62,36.22315701,491000,486000,29.1,20000,22046.59218,0.25,,,,,,
85,80,57,22.36175345,489000,489000,29.1,20000,22046.59218,0.47,,,,,,
95,80,75,79.75271186,543000,238000,34,16000,13192.53073,0.09,,,,,,
95,80,72,68.61710395,522000,292000,33.7,16000,13192.53073,0.08,,,,,,
95,80,67,51.57236381,485000,380000,33.2,16000,12954.97765,0.08,,,,,,
95,80,62,36.22315701,451000,449000,32.6,16000,12954.97765,0.13,,,,,,
95,80,57,22.36175345,450000,450000,32.6,16000,12954.97765,0.39,,,,,,
95,80,75,79.75271186,551000,248000,34.1,18000,17360.12849,0.1,,,,,,
95,80,72,68.61710395,528000,308000,33.8,18000,17360.12849,0.09,,,,,,
95,80,67,51.57236381,492000,405000,33.3,18000,17105.90503,0.08,,,,,,
95,80,62,36.22315701,465000,458000,32.8,18000,17105.90503,0.22,,,,,,
95,80,57,22.36175345,463000,463000,32.8,18000,17105.90503,0.44,,,,,,
95,80,75,79.75271186,556000,258000,34.2,20000,22313.31844,0.11,,,,,,
95,80,72,68.61710395,534000,324000,33.9,20000,22313.31844,0.09,,,,,,
95,80,67,51.57236381,497000,427000,33.4,20000,22046.59218,0.09,,,,,,
95,80,62,36.22315701,477000,465000,32.9,20000,22046.59218,0.29,,,,,,
95,80,57,22.36175345,475000,475000,32.9,20000,22046.59218,0.48,,,,,,
105,80,75,79.75271186,523000,232000,38.2,16000,13192.53073,0.09,,,,,,
105,80,72,68.61710395,501000,285000,38,16000,13192.53073,0.08,,,,,,
105,80,67,51.57236381,464000,373000,37.5,16000,12954.97765,0.07,,,,,,
105,80,62,36.22315701,435000,432000,36.9,16000,12954.97765,0.16,,,,,,
105,80,57,22.36175345,434000,434000,37,16000,12954.97765,0.41,,,,,,
105,80,75,79.75271186,529000,241000,38.4,18000,17360.12849,0.1,,,,,,
105,80,72,68.61710395,507000,301000,38.1,18000,17360.12849,0.09,,,,,,
105,80,67,51.57236381,471000,397000,37.6,18000,17105.90503,0.08,,,,,,
105,80,62,36.22315701,450000,440000,37,18000,17105.90503,0.25,,,,,,
105,80,57,22.36175345,447000,447000,37.1,18000,17105.90503,0.46,,,,,,
105,80,75,79.75271186,534000,251000,38.5,20000,22313.31844,0.1,,,,,,
105,80,72,68.61710395,512000,317000,38.2,20000,22313.31844,0.09,,,,,,
105,80,67,51.57236381,475000,420000,37.7,20000,22046.59218,0.1,,,,,,
105,80,62,36.22315701,459000,454000,37.2,20000,22046.59218,0.3,,,,,,
105,80,57,22.36175345,458000,458000,37.3,20000,22046.59218,0.5,,,,,,
115,80,75,79.75271186,500000,224000,43.1,16000,12954.97765,0.09,,,,,,
115,80,72,68.61710395,479000,278000,42.9,16000,12954.97765,0.08,,,,,,
115,80,67,51.57236381,443000,365000,42.7,16000,12954.97765,0.07,,,,,,
115,80,62,36.22315701,420000,412000,42,16000,12954.97765,0.21,,,,,,
115,80,57,22.36175345,417000,417000,42.2,16000,12954.97765,0.43,,,,,,
115,80,75,79.75271186,505000,234000,43.2,18000,17360.12849,0.1,,,,,,
115,80,72,68.61710395,484000,294000,43,18000,17105.90503,0.09,,,,,,
115,80,67,51.57236381,449000,389000,42.8,18000,17105.90503,0.09,,,,,,
115,80,62,36.22315701,434000,434000,42.3,18000,17105.90503,0.31,,,,,,
115,80,57,22.36175345,429000,429000,42.3,18000,17105.90503,0.48,,,,,,
115,80,75,79.75271186,510000,244000,43.3,20000,22313.31844,0.1,,,,,,
115,80,72,68.61710395,489000,309000,43.1,20000,22046.59218,0.09,,,,,,
115,80,67,51.57236381,453000,411000,42.8,20000,22046.59218,0.1,,,,,,
115,80,62,36.22315701,440000,440000,42.4,20000,22046.59218,0.32,,,,,,
115,80,57,22.36175345,439000,439000,42.4,20000,22046.59218,0.52,,,,,,
120,80,75,79.75271186,488000,220000,45.9,16000,12954.97765,0.09,,,,,,
120,80,72,68.61710395,467000,274000,45.7,16000,12954.97765,0.08,,,,,,
120,80,67,51.57236381,432000,361000,45.5,16000,12954.97765,0.07,,,,,,
120,80,62,36.22315701,412000,404000,44.4,16000,12954.97765,0.23,,,,,,
120,80,57,22.36175345,408000,408000,45.2,16000,12954.97765,0.45,,,,,,
120,80,75,79.75271186,493000,230000,46,18000,17105.90503,0.1,,,,,,
120,80,72,68.61710395,473000,290000,45.8,18000,17105.90503,0.09,,,,,,
120,80,67,51.57236381,437000,384000,45.7,18000,17105.90503,0.09,,,,,,
120,80,62,36.22315701,425000,425000,45.2,18000,17105.90503,0.33,,,,,,
120,80,57,22.36175345,420000,420000,45.2,18000,17105.90503,0.49,,,,,,
120,80,75,79.75271186,497000,240000,46.1,20000,22046.59218,0.1,,,,,,
120,80,72,68.61710395,477000,306000,45.9,20000,22046.59218,0.09,,,,,,
120,80,67,51.57236381,442000,406000,45.6,20000,22046.59218,0.1,,,,,,
120,80,62,36.22315701,430000,430000,45.2,20000,22046.59218,0.33,,,,,,
120,80,57,22.36175345,430000,430000,45.2,20000,22046.59218,0.53,,,,,,
75,80,75,79.75271186,636000,255000,31.3,10000,4865.670391,0,,,,,,
75,80,72,68.61710395,602000,287000,30.7,10000,4865.670391,0.07,,,,,,
75,80,67,51.57236381,545000,340000,29.9,10000,4865.670391,0.06,,,,,,
75,80,62,36.22315701,495000,391000,29.2,10000,4678.128492,0.04,,,,,,
75,80,57,22.36175345,450000,438000,28.5,10000,4678.128492,0.05,,,,,,
75,80,75,79.75271186,669000,271000,31.8,12500,7745.480447,0,,,,,,
75,80,72,68.61710395,633000,314000,31.2,12500,7745.480447,0.1,,,,,,
75,80,67,51.57236381,575000,379000,30.3,12500,7745.480447,0.06,,,,,,
75,80,62,36.22315701,525000,443000,29.6,12500,7745.480447,0.05,,,,,,
75,80,57,22.36175345,489000,482000,29,12500,7532.932961,0.16,,,,,,
75,80,75,79.75271186,692000,289000,32.2,15000,11563,0.18,,,,,,
75,80,72,68.61710395,658000,338000,31.6,15000,11563,0.09,,,,,,
75,80,67,51.57236381,602000,418000,30.8,15000,11563,0.06,,,,,,
75,80,62,36.22315701,550000,493000,30.1,15000,11563,0.06,,,,,,
75,80,57,22.36175345,523000,523000,29.6,15000,11563,0.23,,,,,,
85,80,75,79.75271186,611000,237000,34.6,10000,4865.670391,0,,,,,,
85,80,72,68.61710395,574000,270000,33.9,10000,4865.670391,0.17,,,,,,
85,80,67,51.57236381,524000,322000,33.3,10000,4865.670391,0.06,,,,,,
85,80,62,36.22315701,476000,371000,32.8,10000,4678.128492,0.04,,,,,,
85,80,57,22.36175345,432000,413000,32.2,10000,4678.128492,0.06,,,,,,
85,80,75,79.75271186,639000,253000,35,12500,7745.480447,0,,,,,,
85,80,72,68.61710395,605000,293000,34.5,12500,7745.480447,0.09,,,,,,
85,80,67,51.57236381,553000,357000,33.8,12500,7745.480447,0.05,,,,,,
85,80,62,36.22315701,504000,417000,33.2,12500,7745.480447,0.05,,,,,,
85,80,57,22.36175345,471000,450000,32.6,12500,7532.932961,0.17,,,,,,
85,80,75,79.75271186,662000,266000,35.4,15000,11563,0.15,,,,,,
85,80,72,68.61710395,628000,312000,34.9,15000,11563,0.08,,,,,,
85,80,67,51.57236381,576000,387000,34.2,15000,11563,0.06,,,,,,
85,80,62,36.22315701,525000,456000,33.6,15000,11563,0.06,,,,,,
85,80,57,22.36175345,503000,481000,33.1,15000,11563,0.25,,,,,,
95,80,75,79.75271186,584000,227000,38.4,10000,4865.670391,0,,,,,,
95,80,72,68.61710395,553000,261000,38,10000,4865.670391,0.13,,,,,,
95,80,67,51.57236381,502000,315000,37.5,10000,4865.670391,0.05,,,,,,
95,80,62,36.22315701,454000,365000,37.4,10000,4678.128492,0.04,,,,,,
95,80,57,22.36175345,411000,408000,36.8,10000,4678.128492,0.07,,,,,,
95,80,75,79.75271186,613000,246000,38.9,12500,7745.480447,0.08,,,,,,
95,80,72,68.61710395,581000,287000,38.5,12500,7745.480447,0.08,,,,,,
95,80,67,51.57236381,530000,354000,38.1,12500,7745.480447,0.05,,,,,,
95,80,62,36.22315701,480000,416000,37.9,12500,7532.932961,0.05,,,,,,
95,80,57,22.36175345,450000,450000,37.2,12500,7532.932961,0.18,,,,,,
95,80,75,79.75271186,633000,263000,39.3,15000,11563,0.13,,,,,,
95,80,72,68.61710395,601000,311000,38.9,15000,11563,0.08,,,,,,
95,80,67,51.57236381,549000,390000,38.5,15000,11563,0.06,,,,,,
95,80,62,36.22315701,499000,463000,38.1,15000,11333.78212,0.06,,,,,,
95,80,57,22.36175345,482000,482000,37.6,15000,11333.78212,0.28,,,,,,
105,80,75,79.75271186,559000,213000,43,10000,4865.670391,0,,,,,,
105,80,72,68.61710395,527000,248000,42.9,10000,4865.670391,0.1,,,,,,
105,80,67,51.57236381,477000,301000,42.9,10000,4678.128492,0.05,,,,,,
105,80,62,36.22315701,429000,351000,43.5,10000,4678.128492,0.04,,,,,,
105,80,57,22.36175345,393000,387000,42.4,10000,4492.670391,0.11,,,,,,
105,80,75,79.75271186,585000,233000,43.8,12500,7745.480447,0.2,,,,,,
105,80,72,68.61710395,553000,274000,43.5,12500,7745.480447,0.08,,,,,,
105,80,67,51.57236381,502000,339000,43.5,12500,7745.480447,0.05,,,,,,
105,80,62,36.22315701,453000,401000,43.8,12500,7532.932961,0.05,,,,,,
105,80,57,22.36175345,429000,429000,43,12500,7532.932961,0.21,,,,,,
105,80,75,79.75271186,603000,249000,44.1,15000,11563,0.12,,,,,,
105,80,72,68.61710395,572000,297000,43.9,15000,11563,0.07,,,,,,
105,80,67,51.57236381,519000,375000,43.9,15000,11563,0.06,,,,,,
105,80,62,36.22315701,471000,447000,43.7,15000,11333.78212,0.07,,,,,,
105,80,57,22.36175345,459000,459000,43.2,15000,11333.78212,0.3,,,,,,
115,80,75,79.75271186,529000,201000,49,10000,4865.670391,0,,,,,,
115,80,72,68.61710395,498000,234000,49.3,10000,4678.128492,0.09,,,,,,
115,80,67,51.57236381,449000,286000,50,10000,4678.128492,0.04,,,,,,
115,80,62,36.22315701,402000,335000,51.1,10000,4678.128492,0.04,,,,,,
115,80,57,22.36175345,368000,367000,50.1,10000,4492.670391,0.13,,,,,,
115,80,75,79.75271186,554000,219000,49.8,12500,7745.480447,0.15,,,,,,
115,80,72,68.61710395,523000,259000,49.9,12500,7745.480447,0.07,,,,,,
115,80,67,51.57236381,472000,324000,50.6,12500,7532.932961,0.05,,,,,,
115,80,62,36.22315701,425000,385000,51.2,12500,7532.932961,0.05,,,,,,
115,80,57,22.36175345,406000,406000,50.4,12500,7532.932961,0.24,,,,,,
115,80,75,79.75271186,572000,235000,50.2,15000,11563,0.11,,,,,,
115,80,72,68.61710395,540000,283000,50.3,15000,11563,0.07,,,,,,
115,80,67,51.57236381,489000,360000,51,15000,11333.78212,0.05,,,,,,
115,80,62,36.22315701,442000,428000,50.8,15000,11333.78212,0.08,,,,,,
115,80,57,22.36175345,435000,435000,50.4,15000,11333.78212,0.33,,,,,,
120,80,75,79.75271186,514000,194000,52.5,10000,4865.670391,0,,,,,,
120,80,72,68.61710395,484000,227000,53,10000,4678.128492,0.08,,,,,,
120,80,67,51.57236381,435000,278000,54.3,10000,4678.128492,0.04,,,,,,
120,80,62,36.22315701,386000,326000,55.3,10000,4492.670391,0.04,,,,,,
120,80,57,22.36175345,357000,357000,54.6,10000,4492.670391,0.15,,,,,,
120,80,75,79.75271186,538000,212000,53.3,12500,7745.480447,0.13,,,,,,
120,80,72,68.61710395,507000,252000,53.7,12500,7745.480447,0.07,,,,,,
120,80,67,51.57236381,457000,316000,54.7,12500,7532.932961,0.05,,,,,,
120,80,62,36.22315701,409000,376000,55.5,12500,7532.932961,0.05,,,,,,
120,80,57,22.36175345,393000,393000,54.2,12500,7322.469274,0.26,,,,,,
120,80,75,79.75271186,555000,228000,53.8,15000,11563,0.1,,,,,,
120,80,72,68.61710395,524000,275000,54.1,15000,11563,0.07,,,,,,
120,80,67,51.57236381,472000,351000,55.3,15000,11333.78212,0.05,,,,,,
120,80,62,36.22315701,427000,418000,54.7,15000,11333.78212,0.08,,,,,,
120,80,57,22.36175345,421000,421000,54.1,15000,11333.78212,0.35,,,,,,
75,80,75,79.75271186,709000,305000,32.4,17500,16528.69274,0.13,,,,,,
75,80,72,68.61710395,674000,361000,31.9,17500,16528.69274,0.08,,,,,,
75,80,67,51.57236381,618000,453000,31,17500,16528.69274,0.06,,,,,,
75,80,62,36.22315701,566000,537000,30.3,17500,16528.69274,0.08,,,,,,
75,80,57,22.36175345,550000,550000,30,17500,16528.69274,0.31,,,,,,
75,80,75,79.75271186,740000,326000,32.6,20000,22669.64804,0.12,,,,,,
75,80,72,68.61710395,685000,383000,32.1,20000,22669.64804,0.08,,,,,,
75,80,67,51.57236381,629000,486000,31.2,20000,22669.64804,0.07,,,,,,
75,80,62,36.22315701,577000,570000,30.4,20000,22669.64804,0.12,,,,,,
75,80,57,22.36175345,573000,573000,30.3,20000,22669.64804,0.37,,,,,,
85,80,75,79.75271186,678000,276000,35.7,17500,16528.69274,0.12,,,,,,
85,80,72,68.61710395,645000,328000,35.3,17500,16528.69274,0.08,,,,,,
85,80,67,51.57236381,591000,413000,34.4,17500,16528.69274,0.06,,,,,,
85,80,62,36.22315701,540000,488000,33.7,17500,16528.69274,0.09,,,,,,
85,80,57,22.36175345,529000,499000,33.5,17500,16528.69274,0.33,,,,,,
85,80,75,79.75271186,691000,284000,35.9,20000,22669.64804,0.11,,,,,,
85,80,72,68.61710395,656000,341000,35.4,20000,22669.64804,0.08,,,,,,
85,80,67,51.57236381,600000,435000,34.6,20000,22669.64804,0.07,,,,,,
85,80,62,36.22315701,552000,504000,33.8,20000,22669.64804,0.15,,,,,,
85,80,57,22.36175345,550000,510000,33.8,20000,22669.64804,0.39,,,,,,
95,80,75,79.75271186,648000,278000,39.6,17500,16528.69274,0.11,,,,,,
95,80,72,68.61710395,616000,334000,39.2,17500,16528.69274,0.08,,,,,,
95,80,67,51.57236381,563000,425000,38.8,17500,16528.69274,0.06,,,,,,
95,80,62,36.22315701,512000,501000,37.9,17500,16528.69274,0.1,,,,,,
95,80,57,22.36175345,506000,506000,37.9,17500,16528.69274,0.35,,,,,,
95,80,75,79.75271186,658000,292000,39.8,20000,22669.64804,0.1,,,,,,
95,80,72,68.61710395,625000,355000,39.3,20000,22669.64804,0.08,,,,,,
95,80,67,51.57236381,572000,457000,38.9,20000,22669.64804,0.07,,,,,,
95,80,62,36.22315701,530000,522000,38,20000,22669.64804,0.18,,,,,,
95,80,57,22.36175345,527000,527000,38.1,20000,22669.64804,0.41,,,,,,
105,80,75,79.75271186,617000,264000,44.4,17500,16528.69274,0.1,,,,,,
105,80,72,68.61710395,585000,320000,44.2,17500,16528.69274,0.07,,,,,,
105,80,67,51.57236381,532000,409000,44.3,17500,16528.69274,0.06,,,,,,
105,80,62,36.22315701,487000,481000,43.2,17500,16278.63687,0.12,,,,,,
105,80,57,22.36175345,483000,483000,43.4,17500,16278.63687,0.37,,,,,,
105,80,75,79.75271186,628000,279000,44.6,20000,22669.64804,0.1,,,,,,
105,80,72,68.61710395,595000,341000,44.4,20000,22669.64804,0.08,,,,,,
105,80,67,51.57236381,542000,442000,44.5,20000,22669.64804,0.07,,,,,,
105,80,62,36.22315701,506000,499000,43.3,20000,22669.64804,0.2,,,,,,
105,80,57,22.36175345,503000,503000,43.5,20000,22669.64804,0.43,,,,,,
115,80,75,79.75271186,584000,250000,50.6,17500,16528.69274,0.1,,,,,,
115,80,72,68.61710395,553000,305000,50.7,17500,16528.69274,0.07,,,,,,
115,80,67,51.57236381,500000,394000,51.4,17500,16278.63687,0.06,,,,,,
115,80,62,36.22315701,463000,451000,50.1,17500,16278.63687,0.17,,,,,,
115,80,57,22.36175345,458000,458000,50.4,17500,16278.63687,0.4,,,,,,
115,80,75,79.75271186,594000,265000,50.8,20000,22669.64804,0.09,,,,,,
115,80,72,68.61710395,562000,327000,50.9,20000,22669.64804,0.07,,,,,,
115,80,67,51.57236381,508000,425000,51.7,20000,22669.64804,0.07,,,,,,
115,80,62,36.22315701,476000,476000,50.4,20000,22398.75419,0.22,,,,,,
115,80,57,22.36175345,474000,474000,50.2,20000,22398.75419,0.46,,,,,,
120,80,75,79.75271186,567000,243000,54.1,17500,16528.69274,0.09,,,,,,
120,80,72,68.61710395,535000,297000,54.4,17500,16528.69274,0.07,,,,,,
120,80,67,51.57236381,482000,385000,55.3,17500,16278.63687,0.06,,,,,,
120,80,62,36.22315701,447000,440000,53.6,17500,16278.63687,0.18,,,,,,
120,80,57,22.36175345,444000,444000,54.3,17500,16278.63687,0.41,,,,,,
120,80,75,79.75271186,577000,257000,54.3,20000,22669.64804,0.09,,,,,,
120,80,72,68.61710395,545000,319000,54.7,20000,22669.64804,0.07,,,,,,
120,80,67,51.57236381,492000,417000,56,20000,22398.75419,0.07,,,,,,
120,80,62,36.22315701,465000,459000,53.8,20000,22398.75419,0.25,,,,,,
120,80,57,22.36175345,462000,462000,54.2,20000,22398.75419,0.47,,,,,,
75,80,75,79.75271186,738000,293000,40,12000,4953.189944,0,,,,,,
75,80,72,68.61710395,705000,334000,39.2,12000,4953.189944,0,,,,,,
75,80,67,51.57236381,653000,406000,38.1,12000,4953.189944,0.1,,,,,,
75,80,62,36.22315701,603000,474000,37.1,12000,4953.189944,0.08,,,,,,
75,80,57,22.36175345,554000,533000,36.3,12000,4953.189944,0.08,,,,,,
75,80,75,79.75271186,773000,305000,40.7,15000,7428.743017,0,,,,,,
75,80,72,68.61710395,736000,361000,39.9,15000,7428.743017,0.15,,,,,,
75,80,67,51.57236381,684000,447000,38.7,15000,7428.743017,0.1,,,,,,
75,80,62,36.22315701,633000,530000,37.7,15000,7428.743017,0.09,,,,,,
75,80,57,22.36175345,592000,578000,36.9,15000,7428.743017,0.19,,,,,,
75,80,75,79.75271186,796000,324000,41.2,18000,10712.81006,0.23,,,,,,
75,80,72,68.61710395,759000,386000,40.4,18000,10712.81006,0.13,,,,,,
75,80,67,51.57236381,706000,486000,39.2,18000,10712.81006,0.11,,,,,,
75,80,62,36.22315701,655000,582000,38.2,18000,10712.81006,0.1,,,,,,
75,80,57,22.36175345,622000,622000,37.5,18000,10712.81006,0.25,,,,,,
85,80,75,79.75271186,716000,284000,44.4,12000,4953.189944,0,,,,,,
85,80,72,68.61710395,686000,327000,43.7,12000,4953.189944,0.12,,,,,,
85,80,67,51.57236381,635000,398000,42.7,12000,4953.189944,0.1,,,,,,
85,80,62,36.22315701,585000,465000,41.7,12000,4953.189944,0.07,,,,,,
85,80,57,22.36175345,537000,522000,40.9,12000,4953.189944,0.09,,,,,,
85,80,75,79.75271186,748000,298000,45.1,15000,7428.743017,0,,,,,,
85,80,72,68.61710395,715000,353000,44.4,15000,7428.743017,0.14,,,,,,
85,80,67,51.57236381,664000,439000,43.3,15000,7428.743017,0.1,,,,,,
85,80,62,36.22315701,615000,521000,42.3,15000,7428.743017,0.09,,,,,,
85,80,57,22.36175345,579000,562000,41.5,15000,7428.743017,0.22,,,,,,
85,80,75,79.75271186,768000,315000,45.6,18000,10712.81006,0.2,,,,,,
85,80,72,68.61710395,737000,378000,44.9,18000,10712.81006,0.12,,,,,,
85,80,67,51.57236381,685000,478000,43.7,18000,10712.81006,0.11,,,,,,
85,80,62,36.22315701,635000,572000,42.7,18000,10712.81006,0.1,,,,,,
85,80,57,22.36175345,607000,607000,42.1,18000,10712.81006,0.27,,,,,,
95,80,75,79.75271186,695000,276000,49.5,12000,4953.189944,0,,,,,,
95,80,72,68.61710395,666000,320000,48.8,12000,4953.189944,0.19,,,,,,
95,80,67,51.57236381,615000,389000,47.8,12000,4953.189944,0.09,,,,,,
95,80,62,36.22315701,566000,456000,46.9,12000,4953.189944,0.07,,,,,,
95,80,57,22.36175345,519000,510000,46.1,12000,4953.189944,0.1,,,,,,
95,80,75,79.75271186,725000,292000,50.2,15000,7428.743017,0,,,,,,
95,80,72,68.61710395,694000,346000,49.5,15000,7428.743017,0.13,,,,,,
95,80,67,51.57236381,643000,430000,48.4,15000,7428.743017,0.09,,,,,,
95,80,62,36.22315701,593000,511000,47.5,15000,7428.743017,0.09,,,,,,
95,80,57,22.36175345,557000,557000,46.8,15000,7428.743017,0.2,,,,,,
95,80,75,79.75271186,745000,308000,50.7,18000,10712.81006,0.18,,,,,,
95,80,72,68.61710395,713000,370000,50,18000,10712.81006,0.12,,,,,,
95,80,67,51.57236381,662000,469000,48.8,18000,10712.81006,0.1,,,,,,
95,80,62,36.22315701,613000,561000,47.9,18000,10712.81006,0.1,,,,,,
95,80,57,22.36175345,590000,590000,47.4,18000,10712.81006,0.29,,,,,,
105,80,75,79.75271186,673000,264000,55.3,12000,4953.189944,0,,,,,,
105,80,72,68.61710395,643000,311000,54.6,12000,4953.189944,0.15,,,,,,
105,80,67,51.57236381,593000,380000,53.7,12000,4953.189944,0.09,,,,,,
105,80,62,36.22315701,545000,446000,52.8,12000,4953.189944,0.07,,,,,,
105,80,57,22.36175345,502000,493000,51.8,12000,4953.189944,0.13,,,,,,
105,80,75,79.75271186,699000,283000,55.9,15000,7428.743017,0.24,,,,,,
105,80,72,68.61710395,669000,337000,55.3,15000,7428.743017,0.12,,,,,,
105,80,67,51.57236381,619000,420000,54.2,15000,7428.743017,0.09,,,,,,
105,80,62,36.22315701,570000,500000,53.3,15000,7428.743017,0.08,,,,,,
105,80,57,22.36175345,539000,539000,52.6,15000,7428.743017,0.22,,,,,,
105,80,75,79.75271186,718000,300000,56.4,18000,10712.81006,0.16,,,,,,
105,80,72,68.61710395,687000,361000,55.7,18000,10712.81006,0.12,,,,,,
105,80,67,51.57236381,638000,460000,54.7,18000,10712.81006,0.1,,,,,,
105,80,62,36.22315701,587000,549000,53.7,18000,10712.81006,0.11,,,,,,
105,80,57,22.36175345,570000,570000,53.3,18000,10712.81006,0.31,,,,,,
115,80,75,79.75271186,647000,255000,61.7,12000,4953.189944,0,,,,,,
115,80,72,68.61710395,617000,301000,61.1,12000,4953.189944,0.13,,,,,,
115,80,67,51.57236381,567000,369000,60.3,12000,4953.189944,0.08,,,,,,
115,80,62,36.22315701,521000,434000,60,12000,4953.189944,0.07,,,,,,
115,80,57,22.36175345,484000,474000,59.2,12000,4657.290503,0.17,,,,,,
115,80,75,79.75271186,670000,274000,62.3,15000,7428.743017,0.18,,,,,,
115,80,72,68.61710395,641000,327000,61.7,15000,7428.743017,0.11,,,,,,
115,80,67,51.57236381,592000,410000,60.9,15000,7428.743017,0.09,,,,,,
115,80,62,36.22315701,544000,488000,60.4,15000,7428.743017,0.08,,,,,,
115,80,57,22.36175345,519000,519000,59.9,15000,7428.743017,0.25,,,,,,
115,80,75,79.75271186,687000,290000,62.8,18000,10712.81006,0.14,,,,,,
115,80,72,68.61710395,657000,350000,62.2,18000,10712.81006,0.11,,,,,,
115,80,67,51.57236381,609000,448000,61.3,18000,10712.81006,0.1,,,,,,
115,80,62,36.22315701,561000,536000,60.6,18000,10712.81006,0.11,,,,,,
115,80,57,22.36175345,549000,549000,60.2,18000,10712.81006,0.34,,,,,,
120,80,75,79.75271186,632000,251000,65.2,12000,4953.189944,0,,,,,,
120,80,72,68.61710395,603000,296000,64.8,12000,4953.189944,0.12,,,,,,
120,80,67,51.57236381,554000,364000,64.3,12000,4953.189944,0.08,,,,,,
120,80,62,36.22315701,508000,428000,64.1,12000,4953.189944,0.07,,,,,,
120,80,57,22.36175345,471000,461000,63.3,12000,4657.290503,0.17,,,,,,
120,80,75,79.75271186,654000,269000,65.8,15000,7428.743017,0.17,,,,,,
120,80,72,68.61710395,626000,322000,65.5,15000,7428.743017,0.1,,,,,,
120,80,67,51.57236381,578000,404000,64.9,15000,7428.743017,0.09,,,,,,
120,80,62,36.22315701,531000,482000,64.5,15000,7428.743017,0.09,,,,,,
120,80,57,22.36175345,509000,509000,64,15000,7428.743017,0.27,,,,,,
120,80,75,79.75271186,670000,285000,66.4,18000,10712.81006,0.13,,,,,,
120,80,72,68.61710395,641000,345000,65.8,18000,10712.81006,0.11,,,,,,
120,80,67,51.57236381,594000,443000,65.2,18000,10712.81006,0.1,,,,,,
120,80,62,36.22315701,547000,528000,64.7,18000,10712.81006,0.12,,,,,,
120,80,57,22.36175345,538000,538000,64.4,18000,10712.81006,0.35,,,,,,
75,80,75,79.75271186,813000,340000,41.6,21000,14922.0838,0.18,,,,,,
75,80,72,68.61710395,776000,409000,40.7,21000,14922.0838,0.13,,,,,,
75,80,67,51.57236381,722000,523000,39.5,21000,14922.0838,0.11,,,,,,
75,80,62,36.22315701,671000,627000,38.5,21000,14922.0838,0.12,,,,,,
75,80,57,22.36175345,651000,651000,38.1,21000,14922.0838,0.33,,,,,,
75,80,75,79.75271186,826000,355000,41.9,24000,20125.32961,0.16,,,,,,
75,80,72,68.61710395,789000,432000,41,24000,20125.32961,0.14,,,,,,
75,80,67,51.57236381,735000,560000,39.8,24000,20125.32961,0.12,,,,,,
75,80,62,36.22315701,683000,665000,38.7,24000,20125.32961,0.16,,,,,,
75,80,57,22.36175345,674000,674000,38.5,24000,20125.32961,0.39,,,,,,
75,80,75,79.75271186,837000,369000,42.2,27000,26420.48603,0.16,,,,,,
75,80,72,68.61710395,800000,454000,41.3,27000,26420.48603,0.14,,,,,,
75,80,67,51.57236381,745000,594000,40.1,27000,26420.48603,0.13,,,,,,
75,80,62,36.22315701,695000,689000,39,27000,26420.48603,0.21,,,,,,
75,80,57,22.36175345,693000,693000,38.9,27000,26420.48603,0.44,,,,,,
85,80,75,79.75271186,784000,331000,46,21000,14922.0838,0.16,,,,,,
85,80,72,68.61710395,752000,401000,45.2,21000,14922.0838,0.13,,,,,,
85,80,67,51.57236381,700000,515000,44.1,21000,14922.0838,0.11,,,,,,
85,80,62,36.22315701,650000,617000,43,21000,14922.0838,0.13,,,,,,
85,80,57,22.36175345,634000,634000,42.7,21000,14922.0838,0.35,,,,,,
85,80,75,79.75271186,796000,346000,46.3,24000,20125.32961,0.15,,,,,,
85,80,72,68.61710395,764000,423000,45.5,24000,20125.32961,0.14,,,,,,
85,80,67,51.57236381,713000,552000,44.3,24000,20125.32961,0.12,,,,,,
85,80,62,36.22315701,662000,648000,43.2,24000,20125.32961,0.18,,,,,,
85,80,57,22.36175345,656000,656000,43.1,24000,20125.32961,0.41,,,,,,
85,80,75,79.75271186,806000,361000,46.5,27000,26420.48603,0.15,,,,,,
85,80,72,68.61710395,774000,446000,45.8,27000,26420.48603,0.14,,,,,,
85,80,67,51.57236381,723000,587000,44.6,27000,26420.48603,0.13,,,,,,
85,80,62,36.22315701,678000,665000,43.6,27000,26420.48603,0.25,,,,,,
85,80,57,22.36175345,675000,675000,43.5,27000,26420.48603,0.46,,,,,,
95,80,75,79.75271186,759000,323000,51.1,21000,14922.0838,0.15,,,,,,
95,80,72,68.61710395,728000,393000,50.4,21000,14922.0838,0.13,,,,,,
95,80,67,51.57236381,678000,507000,49.2,21000,14922.0838,0.11,,,,,,
95,80,62,36.22315701,627000,604000,48.2,21000,14922.0838,0.14,,,,,,
95,80,57,22.36175345,616000,616000,47.9,21000,14922.0838,0.36,,,,,,
95,80,75,79.75271186,770000,338000,51.4,24000,20125.32961,0.15,,,,,,
95,80,72,68.61710395,739000,415000,50.6,24000,20125.32961,0.13,,,,,,
95,80,67,51.57236381,689000,543000,49.5,24000,20125.32961,0.12,,,,,,
95,80,62,36.22315701,640000,630000,48.4,24000,20125.32961,0.2,,,,,,
95,80,57,22.36175345,638000,638000,48.3,24000,20125.32961,0.42,,,,,,
95,80,75,79.75271186,780000,353000,51.6,27000,26420.48603,0.15,,,,,,
95,80,72,68.61710395,748000,437000,50.9,27000,26420.48603,0.14,,,,,,
95,80,67,51.57236381,698000,577000,49.7,27000,26420.48603,0.13,,,,,,
95,80,62,36.22315701,659000,644000,48.8,27000,26420.48603,0.27,,,,,,
95,80,57,22.36175345,656000,656000,48.7,27000,26420.48603,0.47,,,,,,
105,80,75,79.75271186,731000,315000,56.8,21000,14922.0838,0.14,,,,,,
105,80,72,68.61710395,701000,384000,56.1,21000,14922.0838,0.12,,,,,,
105,80,67,51.57236381,651000,497000,55,21000,14922.0838,0.11,,,,,,
105,80,62,36.22315701,602000,589000,54,21000,14922.0838,0.15,,,,,,
105,80,57,22.36175345,596000,596000,53.8,21000,14922.0838,0.39,,,,,,
105,80,75,79.75271186,742000,330000,57.1,24000,20125.32961,0.14,,,,,,
105,80,72,68.61710395,711000,406000,56.4,24000,20125.32961,0.13,,,,,,
105,80,67,51.57236381,662000,533000,55.3,24000,20125.32961,0.12,,,,,,
105,80,62,36.22315701,620000,608000,54.2,24000,20125.32961,0.23,,,,,,
105,80,57,22.36175345,616000,616000,54.2,24000,20125.32961,0.44,,,,,,
105,80,75,79.75271186,750000,344000,57.3,27000,26420.48603,0.14,,,,,,
105,80,72,68.61710395,720000,428000,56.6,27000,26420.48603,0.14,,,,,,
105,80,67,51.57236381,670000,566000,55.5,27000,26420.48603,0.13,,,,,,
105,80,62,36.22315701,637000,622000,54.6,27000,26420.48603,0.3,,,,,,
105,80,57,22.36175345,634000,634000,54.6,27000,26420.48603,0.49,,,,,,
115,80,75,79.75271186,699000,305000,63.2,21000,14922.0838,0.13,,,,,,
115,80,72,68.61710395,670000,373000,62.5,21000,14922.0838,0.12,,,,,,
115,80,67,51.57236381,622000,485000,61.5,21000,14922.0838,0.11,,,,,,
115,80,62,36.22315701,576000,568000,60.6,21000,14922.0838,0.17,,,,,,
115,80,57,22.36175345,573000,573000,60.6,21000,14922.0838,0.41,,,,,,
115,80,75,79.75271186,709000,320000,63.5,24000,20125.32961,0.13,,,,,,
115,80,72,68.61710395,679000,396000,62.7,24000,20125.32961,0.13,,,,,,
115,80,67,51.57236381,631000,521000,61.8,24000,20125.32961,0.12,,,,,,
115,80,62,36.22315701,596000,583000,60.8,24000,20125.32961,0.26,,,,,,
115,80,57,22.36175345,592000,592000,60.8,24000,20125.32961,0.47,,,,,,
115,80,75,79.75271186,716000,334000,63.6,27000,26420.48603,0.14,,,,,,
115,80,72,68.61710395,687000,418000,62.9,27000,26420.48603,0.14,,,,,,
115,80,67,51.57236381,639000,555000,62,27000,26420.48603,0.13,,,,,,
115,80,62,36.22315701,612000,596000,61.1,27000,26420.48603,0.33,,,,,,
115,80,57,22.36175345,609000,609000,61.1,27000,26420.48603,0.51,,,,,,
120,80,75,79.75271186,682000,300000,66.7,21000,14922.0838,0.13,,,,,,
120,80,72,68.61710395,653000,368000,66.1,21000,14922.0838,0.12,,,,,,
120,80,67,51.57236381,607000,480000,65.4,21000,14922.0838,0.11,,,,,,
120,80,62,36.22315701,564000,555000,64.4,21000,14922.0838,0.19,,,,,,
120,80,57,22.36175345,561000,561000,64.6,21000,14922.0838,0.42,,,,,,
120,80,75,79.75271186,691000,315000,67,24000,20125.32961,0.13,,,,,,
120,80,72,68.61710395,662000,390000,66.3,24000,20125.32961,0.13,,,,,,
120,80,67,51.57236381,616000,515000,65.7,24000,20125.32961,0.12,,,,,,
120,80,62,36.22315701,584000,570000,64.7,24000,20125.32961,0.28,,,,,,
120,80,57,22.36175345,580000,580000,64.8,24000,20125.32961,0.48,,,,,,
120,80,75,79.75271186,698000,329000,67.1,27000,26420.48603,0.13,,,,,,
120,80,72,68.61710395,670000,412000,66.5,27000,26420.48603,0.13,,,,,,
120,80,67,51.57236381,623000,549000,65.8,27000,26420.48603,0.13,,,,,,
120,80,62,36.22315701,600000,584000,65,27000,26420.48603,0.35,,,,,,
120,80,57,22.36175345,595000,595000,65.4,27000,26420.48603,0.52,,,,,,
