OADB,EADB,EAWB,RH,TC,SHC,kW,airflow,SFP,BF,,,,
75,80,75,79.75271186,265000,96000,14,4000,1983.776536,0,,,176,
75,80,72,68.61710395,249000,109000,13.8,4000,1983.776536,0.02,,,,
75,80,67,51.57236381,223000,126000,13.6,4000,1983.776536,0.09,,,,
75,80,62,36.22315701,204000,147000,13.5,4000,1948.351955,0.1,,,,
75,80,57,22.36175345,184000,166000,13.4,4000,1948.351955,0.1,,,,
75,80,75,79.75271186,285000,107000,14.1,5000,2448.463687,0,,,,
75,80,72,68.61710395,269000,121000,14,5000,2408.871508,0.08,,,,
75,80,67,51.57236381,239000,140000,13.7,5000,2408.871508,0.11,,,,
75,80,62,36.22315701,220000,168000,13.6,5000,2408.871508,0.12,,,,
75,80,57,22.36175345,199000,191000,13.5,5000,2371.363128,0.12,,,,
75,80,75,79.75271186,293000,109000,14.2,6000,2958.994413,0.03,,,,
75,80,72,68.61710395,277000,126000,14,6000,2917.318436,0.11,,,,
75,80,67,51.57236381,251000,153000,13.8,6000,2917.318436,0.13,,,,
75,80,62,36.22315701,232000,186000,13.7,6000,2917.318436,0.14,,,,
75,80,57,22.36175345,212000,209000,13.6,6000,2917.318436,0.19,,,,
75,80,75,79.75271186,303000,115000,14.3,7000,3538.290503,0.08,,,,
75,80,72,68.61710395,286000,134000,14.1,7000,3538.290503,0.14,,,,
75,80,67,51.57236381,260000,166000,13.9,7000,3492.446927,0.15,,,,
75,80,62,36.22315701,236000,197000,13.7,7000,3492.446927,0.15,,,,
75,80,57,22.36175345,222000,222000,13.6,7000,3492.446927,0.25,,,,
85,80,75,79.75271186,249000,83000,15.5,4000,1983.776536,0,,,,
85,80,72,68.61710395,234000,96000,15.4,4000,1983.776536,0.03,,,,
85,80,67,51.57236381,201000,106000,15.1,4000,1948.351955,0.09,,,,
85,80,62,36.22315701,193000,139000,15.1,4000,1948.351955,0.1,,,,
85,80,57,22.36175345,173000,157000,15,4000,1948.351955,0.1,,,,
85,80,75,79.75271186,265000,91000,15.7,5000,2408.871508,0.01,,,,
85,80,72,68.61710395,250000,105000,15.5,5000,2408.871508,0.09,,,,
85,80,67,51.57236381,219000,123000,15.2,5000,2408.871508,0.12,,,,
85,80,62,36.22315701,207000,157000,15.2,5000,2371.363128,0.12,,,,
85,80,57,22.36175345,187000,179000,15.1,5000,2371.363128,0.14,,,,
85,80,75,79.75271186,277000,97000,15.8,6000,2917.318436,0.05,,,,
85,80,72,68.61710395,262000,114000,15.6,6000,2917.318436,0.12,,,,
85,80,67,51.57236381,240000,145000,15.4,6000,2917.318436,0.13,,,,
85,80,62,36.22315701,214000,170000,15.2,6000,2917.318436,0.14,,,,
85,80,57,22.36175345,199000,197000,15.1,6000,2873.558659,0.2,,,,
85,80,75,79.75271186,286000,102000,15.9,7000,3538.290503,0.1,,,,
85,80,72,68.61710395,270000,122000,15.7,7000,3492.446927,0.14,,,,
85,80,67,51.57236381,248000,157000,15.5,7000,3492.446927,0.15,,,,
85,80,62,36.22315701,226000,191000,15.3,7000,3492.446927,0.15,,,,
85,80,57,22.36175345,212000,212000,15.3,7000,3492.446927,0.26,,,,
95,80,75,79.75271186,235000,72000,17.3,4000,1983.776536,0,,,,
95,80,72,68.61710395,222000,87000,17.2,4000,1983.776536,0.05,,,,
95,80,67,51.57236381,201000,108000,17,4000,1948.351955,0.1,,,,
95,80,62,36.22315701,177000,125000,16.8,4000,1948.351955,0.1,,,,
95,80,57,22.36175345,162000,148000,16.7,4000,1948.351955,0.1,,,,
95,80,75,79.75271186,251000,80000,17.5,5000,2408.871508,0.02,,,,
95,80,72,68.61710395,237000,95000,17.3,5000,2408.871508,0.1,,,,
95,80,67,51.57236381,214000,121000,17.1,5000,2408.871508,0.12,,,,
95,80,62,36.22315701,192000,145000,16.9,5000,2371.363128,0.12,,,,
95,80,57,22.36175345,177000,170000,16.9,5000,2371.363128,0.16,,,,
95,80,75,79.75271186,262000,86000,17.6,6000,2917.318436,0.07,,,,
95,80,72,68.61710395,247000,103000,17.4,6000,2917.318436,0.12,,,,
95,80,67,51.57236381,223000,132000,17.2,6000,2917.318436,0.13,,,,
95,80,62,36.22315701,204000,163000,17,6000,2873.558659,0.14,,,,
95,80,57,22.36175345,188000,188000,17,6000,2873.558659,0.2,,,,
95,80,75,79.75271186,270000,90000,17.7,7000,3492.446927,0.1,,,,
95,80,72,68.61710395,255000,110000,17.5,7000,3492.446927,0.14,,,,
95,80,67,51.57236381,231000,144000,17.3,7000,3492.446927,0.15,,,,
95,80,62,36.22315701,210000,179000,17.1,7000,3444.519553,0.16,,,,
95,80,57,22.36175345,199000,199000,17,7000,3444.519553,0.28,,,,
105,80,75,79.75271186,221000,61000,19.3,4000,1983.776536,0,,,,
105,80,72,68.61710395,207000,75000,19.2,4000,1948.351955,0.07,,,,
105,80,67,51.57236381,186000,97000,19,4000,1948.351955,0.1,,,,
105,80,62,36.22315701,167000,118000,18.9,4000,1948.351955,0.1,,,,
105,80,57,22.36175345,150000,138000,18.8,4000,1948.351955,0.11,,,,
105,80,75,79.75271186,226000,58000,19.3,5000,2408.871508,0.03,,,,
105,80,72,68.61710395,220000,82000,19.3,5000,2408.871508,0.1,,,,
105,80,67,51.57236381,199000,109000,19.2,5000,2371.363128,0.12,,,,
105,80,62,36.22315701,176000,132000,18.9,5000,2371.363128,0.12,,,,
105,80,57,22.36175345,163000,158000,18.9,5000,2371.363128,0.17,,,,
105,80,75,79.75271186,246000,72000,19.6,6000,2917.318436,0.08,,,,
105,80,72,68.61710395,231000,90000,19.4,6000,2917.318436,0.12,,,,
105,80,67,51.57236381,209000,121000,19.2,6000,2873.558659,0.14,,,,
105,80,62,36.22315701,189000,151000,19.1,6000,2873.558659,0.14,,,,
105,80,57,22.36175345,176000,176000,19,6000,2873.558659,0.22,,,,
105,80,75,79.75271186,214000,38000,19,7000,3492.446927,0.11,,,,
105,80,72,68.61710395,238000,97000,19.5,7000,3492.446927,0.14,,,,
105,80,67,51.57236381,215000,131000,19.3,7000,3492.446927,0.15,,,,
105,80,62,36.22315701,196000,168000,19.1,7000,3444.519553,0.16,,,,
105,80,57,22.36175345,181000,181000,19,7000,3444.519553,0.3,,,,
115,80,75,79.75271186,205000,50000,21.6,4000,1948.351955,0,,,,
115,80,72,68.61710395,191000,63000,21.5,4000,1948.351955,0.08,,,,
115,80,67,51.57236381,170000,84000,21.3,4000,1948.351955,0.1,,,,
115,80,62,36.22315701,150000,104000,21.1,4000,1948.351955,0.1,,,,
115,80,57,22.36175345,136000,126000,21.1,4000,1948.351955,0.11,,,,
115,80,75,79.75271186,219000,55000,21.7,5000,2408.871508,0.04,,,,
115,80,72,68.61710395,205000,71000,21.6,5000,2371.363128,0.11,,,,
115,80,67,51.57236381,184000,97000,21.4,5000,2371.363128,0.12,,,,
115,80,62,36.22315701,165000,124000,21.3,5000,2371.363128,0.12,,,,
115,80,57,22.36175345,151000,147000,21.2,5000,2371.363128,0.18,,,,
115,80,75,79.75271186,199000,31000,21.4,6000,2873.558659,0.09,,,,
115,80,72,68.61710395,215000,78000,21.7,6000,2917.318436,0.13,,,,
115,80,67,51.57236381,192000,108000,21.5,6000,2873.558659,0.14,,,,
115,80,62,36.22315701,173000,140000,21.4,6000,2873.558659,0.14,,,,
115,80,57,22.36175345,157000,157000,21.2,6000,2873.558659,0.24,,,,
115,80,75,79.75271186,222000,50000,21.6,7000,3492.446927,0.12,,,,
115,80,72,68.61710395,200000,63000,21.4,7000,3444.519553,0.14,,,,
115,80,67,51.57236381,198000,119000,21.5,7000,3444.519553,0.15,,,,
115,80,62,36.22315701,178000,153000,21.4,7000,3444.519553,0.16,,,,
115,80,57,22.36175345,168000,168000,21.3,7000,3444.519553,0.32,,,,
75,80,75,79.75271186,317000,126000,14.4,8000,4192.603352,0.12,,,,
75,80,72,68.61710395,299000,147000,14.3,8000,4192.603352,0.16,,,,
75,80,67,51.57236381,267000,177000,13.9,8000,4142.592179,0.17,,,,
75,80,62,36.22315701,242000,213000,13.7,8000,4142.592179,0.17,,,,
75,80,57,22.36175345,235000,235000,13.7,8000,4142.592179,0.32,,,,
75,80,75,79.75271186,317000,126000,14.4,9000,4930.268156,0.14,,,,
75,80,72,68.61710395,300000,149000,14.2,9000,4930.268156,0.18,,,,
75,80,67,51.57236381,273000,188000,14,9000,4876.089385,0.18,,,,
75,80,62,36.22315701,248000,227000,13.8,9000,4876.089385,0.19,,,,
75,80,57,22.36175345,243000,243000,13.8,9000,4876.089385,0.37,,,,
75,80,75,79.75271186,322000,130000,14.4,10000,5767.955307,0.17,,,,
75,80,72,68.61710395,305000,156000,14.3,10000,5767.955307,0.19,,,,
75,80,67,51.57236381,280000,202000,14.1,10000,5709.608939,0.2,,,,
75,80,62,36.22315701,258000,246000,13.9,10000,5709.608939,0.21,,,,
75,80,57,22.36175345,251000,251000,13.8,10000,5709.608939,0.42,,,,
85,80,75,79.75271186,294000,108000,15.9,8000,4192.603352,0.13,,,,
85,80,72,68.61710395,277000,129000,15.8,8000,4142.592179,0.16,,,,
85,80,67,51.57236381,252000,166000,15.5,8000,4142.592179,0.17,,,,
85,80,62,36.22315701,232000,205000,15.4,8000,4142.592179,0.17,,,,
85,80,57,22.36175345,222000,222000,15.3,8000,4142.592179,0.33,,,,
85,80,75,79.75271186,299000,112000,16,9000,4930.268156,0.15,,,,
85,80,72,68.61710395,284000,138000,15.8,9000,4930.268156,0.18,,,,
85,80,67,51.57236381,260000,180000,15.6,9000,4876.089385,0.18,,,,
85,80,62,36.22315701,238000,220000,15.5,9000,4876.089385,0.2,,,,
85,80,57,22.36175345,231000,231000,15.4,9000,4876.089385,0.38,,,,
85,80,75,79.75271186,307000,120000,16.1,10000,5767.955307,0.17,,,,
85,80,72,68.61710395,290000,146000,15.9,10000,5767.955307,0.19,,,,
85,80,67,51.57236381,264000,190000,15.7,10000,5709.608939,0.2,,,,
85,80,62,36.22315701,238000,225000,15.4,10000,5709.608939,0.24,,,,
85,80,57,22.36175345,234000,234000,15.4,10000,5709.608939,0.43,,,,
95,80,75,79.75271186,277000,95000,17.7,8000,4142.592179,0.13,,,,
95,80,72,68.61710395,262000,118000,17.6,8000,4142.592179,0.16,,,,
95,80,67,51.57236381,236000,153000,17.3,8000,4142.592179,0.17,,,,
95,80,62,36.22315701,217000,194000,17.2,8000,4142.592179,0.18,,,,
95,80,57,22.36175345,209000,209000,17.1,8000,4092.581006,0.34,,,,
95,80,75,79.75271186,282000,99000,17.8,9000,4930.268156,0.15,,,,
95,80,72,68.61710395,267000,124000,17.6,9000,4876.089385,0.18,,,,
95,80,67,51.57236381,241000,165000,17.4,9000,4876.089385,0.18,,,,
95,80,62,36.22315701,221000,206000,17.2,9000,4876.089385,0.2,,,,
95,80,57,22.36175345,216000,216000,17.2,9000,4876.089385,0.4,,,,
95,80,75,79.75271186,287000,104000,17.8,10000,5767.955307,0.17,,,,
95,80,72,68.61710395,270000,130000,17.7,10000,5709.608939,0.19,,,,
95,80,67,51.57236381,246000,176000,17.4,10000,5709.608939,0.2,,,,
95,80,62,36.22315701,226000,214000,17.3,10000,5709.608939,0.25,,,,
95,80,57,22.36175345,223000,223000,17.2,10000,5709.608939,0.44,,,,
105,80,75,79.75271186,248000,70000,19.6,8000,4142.592179,0.14,,,,
105,80,72,68.61710395,224000,84000,19.3,8000,4142.592179,0.16,,,,
105,80,67,51.57236381,221000,142000,19.3,8000,4142.592179,0.17,,,,
105,80,62,36.22315701,198000,178000,19.1,8000,4092.581006,0.18,,,,
105,80,57,22.36175345,195000,195000,19.2,8000,4092.581006,0.36,,,,
105,80,75,79.75271186,230000,51000,19.3,9000,4876.089385,0.16,,,,
105,80,72,68.61710395,240000,101000,19.5,9000,4876.089385,0.18,,,,
105,80,67,51.57236381,225000,153000,19.4,9000,4876.089385,0.18,,,,
105,80,62,36.22315701,186000,171000,18.9,9000,4823.994413,0.22,,,,
105,80,57,22.36175345,199000,199000,19.2,9000,4823.994413,0.41,,,,
105,80,75,79.75271186,256000,77000,19.7,10000,5709.608939,0.18,,,,
105,80,72,68.61710395,217000,83000,19.2,10000,5709.608939,0.19,,,,
105,80,67,51.57236381,229000,163000,19.4,10000,5709.608939,0.2,,,,
105,80,62,36.22315701,213000,203000,19.3,10000,5709.608939,0.26,,,,
105,80,57,22.36175345,207000,207000,19.2,10000,5653.346369,0.45,,,,
115,80,75,79.75271186,186000,14000,21.1,8000,4092.581006,0.14,,,,
115,80,72,68.61710395,182000,46000,21.1,8000,4092.581006,0.16,,,,
115,80,67,51.57236381,204000,130000,21.6,8000,4092.581006,0.17,,,,
115,80,62,36.22315701,185000,166000,21.5,8000,4092.581006,0.2,,,,
115,80,57,22.36175345,178000,178000,21.4,8000,4092.581006,0.38,,,,
115,80,75,79.75271186,237000,63000,21.7,9000,4876.089385,0.16,,,,
115,80,72,68.61710395,185000,51000,21.2,9000,4823.994413,0.18,,,,
115,80,67,51.57236381,208000,140000,21.6,9000,4823.994413,0.18,,,,
115,80,62,36.22315701,189000,175000,21.5,9000,4823.994413,0.24,,,,
115,80,57,22.36175345,186000,186000,21.5,9000,4823.994413,0.43,,,,
115,80,75,79.75271186,205000,31000,21.3,10000,5653.346369,0.18,,,,
115,80,72,68.61710395,187000,56000,21.2,10000,5653.346369,0.19,,,,
115,80,67,51.57236381,195000,133000,21.4,10000,5653.346369,0.19,,,,
115,80,62,36.22315701,195000,187000,21.5,10000,5653.346369,0.27,,,,
115,80,57,22.36175345,192000,192000,21.5,10000,5653.346369,0.47,,,,
75,80,75,79.75271186,331000,118000,18,5000,898.1173184,0,,,176,351
75,80,72,68.61710395,298000,121000,17.2,5000,898.1173184,0.01,,,,
75,80,67,51.57236381,284000,162000,17.2,5000,898.1173184,0.05,,,,
75,80,62,36.22315701,253000,183000,16.5,5000,858.5251397,0.06,,,,
75,80,57,22.36175345,233000,212000,16.4,5000,858.5251397,0.07,,,,
75,80,75,79.75271186,338000,115000,17.9,6250,1358.636872,0,,,,
75,80,72,68.61710395,321000,136000,17.6,6250,1358.636872,0.05,,,,
75,80,67,51.57236381,292000,170000,17.1,6250,1358.636872,0.08,,,,
75,80,62,36.22315701,276000,213000,17,6250,1316.960894,0.08,,,,
75,80,57,22.36175345,251000,242000,16.6,6250,1316.960894,0.1,,,,
75,80,75,79.75271186,359000,130000,18.2,7500,2056.709497,0.02,,,,
75,80,72,68.61710395,334000,147000,17.8,7500,1969.189944,0.08,,,,
75,80,67,51.57236381,317000,198000,17.7,7500,1969.189944,0.09,,,,
75,80,62,36.22315701,290000,236000,17.3,7500,1969.189944,0.1,,,,
75,80,57,22.36175345,267000,267000,17,7500,1925.430168,0.16,,,,
75,80,75,79.75271186,367000,134000,18.2,8750,2829.798883,0.06,,,,
75,80,72,68.61710395,358000,170000,18.4,8750,2829.798883,0.1,,,,
75,80,67,51.57236381,316000,202000,17.5,8750,2738.111732,0.11,,,,
75,80,62,36.22315701,288000,246000,17,8750,2738.111732,0.12,,,,
75,80,57,22.36175345,271000,271000,16.8,8750,2692.268156,0.24,,,,
85,80,75,79.75271186,314000,105000,19.9,5000,898.1173184,0,,,,
85,80,72,68.61710395,294000,120000,19.4,5000,898.1173184,0.02,,,,
85,80,67,51.57236381,265000,145000,18.8,5000,858.5251397,0.06,,,,
85,80,62,36.22315701,231000,163000,18.2,5000,858.5251397,0.06,,,,
85,80,57,22.36175345,222000,203000,18.4,5000,858.5251397,0.07,,,,
85,80,75,79.75271186,330000,111000,20.1,6250,1358.636872,0,,,,
85,80,72,68.61710395,314000,134000,19.9,6250,1358.636872,0.05,,,,
85,80,67,51.57236381,283000,163000,19.1,6250,1358.636872,0.08,,,,
85,80,62,36.22315701,261000,200000,18.9,6250,1316.960894,0.08,,,,
85,80,57,22.36175345,229000,220000,18.1,6250,1316.960894,0.12,,,,
85,80,75,79.75271186,332000,107000,19.9,7500,1969.189944,0.03,,,,
85,80,72,68.61710395,315000,132000,19.6,7500,1969.189944,0.08,,,,
85,80,67,51.57236381,288000,173000,19.2,7500,1969.189944,0.09,,,,
85,80,62,36.22315701,274000,223000,19.2,7500,1925.430168,0.1,,,,
85,80,57,22.36175345,252000,252000,18.8,7500,1925.430168,0.18,,,,
85,80,75,79.75271186,356000,128000,20.7,8750,2829.798883,0.07,,,,
85,80,72,68.61710395,337000,154000,20.3,8750,2738.111732,0.1,,,,
85,80,67,51.57236381,305000,195000,19.5,8750,2738.111732,0.11,,,,
85,80,62,36.22315701,272000,233000,18.9,8750,2692.268156,0.12,,,,
85,80,57,22.36175345,260000,260000,18.6,8750,2692.268156,0.26,,,,
95,80,75,79.75271186,285000,79000,21.5,5000,898.1173184,0,,,,
95,80,72,68.61710395,281000,110000,21.7,5000,898.1173184,0.02,,,,
95,80,67,51.57236381,255000,138000,21.2,5000,858.5251397,0.06,,,,
95,80,62,36.22315701,232000,166000,20.8,5000,858.5251397,0.06,,,,
95,80,57,22.36175345,208000,190000,20.3,5000,821.0167598,0.07,,,,
95,80,75,79.75271186,312000,98000,22.4,6250,1358.636872,0.01,,,,
95,80,72,68.61710395,297000,120000,22,6250,1358.636872,0.06,,,,
95,80,67,51.57236381,265000,149000,21.2,6250,1316.960894,0.08,,,,
95,80,62,36.22315701,248000,189000,21.1,6250,1316.960894,0.08,,,,
95,80,57,22.36175345,226000,218000,20.8,6250,1316.960894,0.13,,,,
95,80,75,79.75271186,325000,105000,22.6,7500,1969.189944,0.04,,,,
95,80,72,68.61710395,309000,129000,22.2,7500,1969.189944,0.08,,,,
95,80,67,51.57236381,271000,159000,21.3,7500,1925.430168,0.09,,,,
95,80,62,36.22315701,258000,211000,21.2,7500,1925.430168,0.1,,,,
95,80,57,22.36175345,239000,239000,20.9,7500,1925.430168,0.19,,,,
95,80,75,79.75271186,336000,112000,22.9,8750,2738.111732,0.07,,,,
95,80,72,68.61710395,318000,139000,22.4,8750,2738.111732,0.1,,,,
95,80,67,51.57236381,280000,174000,21.4,8750,2692.268156,0.11,,,,
95,80,62,36.22315701,256000,219000,21,8750,2692.268156,0.12,,,,
95,80,57,22.36175345,254000,254000,21.2,8750,2692.268156,0.27,,,,
105,80,75,79.75271186,267000,66000,23.9,5000,858.5251397,0,,,,
105,80,72,68.61710395,264000,97000,24.1,5000,858.5251397,0.02,,,,
105,80,67,51.57236381,229000,115000,23.1,5000,858.5251397,0.06,,,,
105,80,62,36.22315701,217000,153000,23.1,5000,858.5251397,0.06,,,,
105,80,57,22.36175345,196000,180000,22.8,5000,821.0167598,0.07,,,,
105,80,75,79.75271186,294000,83000,24.8,6250,1358.636872,0.01,,,,
105,80,72,68.61710395,279000,106000,24.5,6250,1316.960894,0.06,,,,
105,80,67,51.57236381,253000,140000,23.9,6250,1316.960894,0.08,,,,
105,80,62,36.22315701,231000,176000,23.4,6250,1316.960894,0.08,,,,
105,80,57,22.36175345,212000,205000,23.2,6250,1316.960894,0.15,,,,
105,80,75,79.75271186,293000,76000,24.4,7500,1969.189944,0.04,,,,
105,80,72,68.61710395,278000,102000,24.1,7500,1925.430168,0.08,,,,
105,80,67,51.57236381,254000,145000,23.6,7500,1925.430168,0.09,,,,
105,80,62,36.22315701,228000,183000,23.1,7500,1925.430168,0.12,,,,
105,80,57,22.36175345,222000,222000,23.4,7500,1925.430168,0.22,,,,
105,80,75,79.75271186,309000,93000,25.1,8750,2738.111732,0.09,,,,
105,80,72,68.61710395,293000,120000,24.6,8750,2738.111732,0.12,,,,
105,80,67,51.57236381,267000,166000,24,8750,2692.268156,0.13,,,,
105,80,62,36.22315701,235000,201000,23.2,8750,2692.268156,0.15,,,,
105,80,57,22.36175345,236000,236000,23.7,8750,2692.268156,0.3,,,,
115,80,75,79.75271186,253000,58000,26.6,5000,858.5251397,0,,,,
115,80,72,68.61710395,245000,83000,26.9,5000,858.5251397,0.04,,,,
115,80,67,51.57236381,221000,112000,26.4,5000,858.5251397,0.07,,,,
115,80,62,36.22315701,189000,129000,25.2,5000,821.0167598,0.08,,,,
115,80,57,22.36175345,170000,155000,24.7,5000,821.0167598,0.11,,,,
115,80,75,79.75271186,259000,55000,26.7,6250,1316.960894,0.02,,,,
115,80,72,68.61710395,252000,85000,26.7,6250,1316.960894,0.08,,,,
115,80,67,51.57236381,223000,114000,25.9,6250,1316.960894,0.1,,,,
115,80,62,36.22315701,201000,149000,25.5,6250,1277.368715,0.1,,,,
115,80,57,22.36175345,184000,178000,25.1,6250,1277.368715,0.18,,,,
115,80,75,79.75271186,268000,60000,26.9,7500,1925.430168,0.06,,,,
115,80,72,68.61710395,255000,86000,26.6,7500,1925.430168,0.1,,,,
115,80,67,51.57236381,244000,140000,26.7,7500,1925.430168,0.12,,,,
115,80,62,36.22315701,211000,169000,25.7,7500,1925.430168,0.12,,,,
115,80,57,22.36175345,196000,196000,25.3,7500,1885.837989,0.24,,,,
115,80,75,79.75271186,276000,64000,27.1,8750,2692.268156,0.1,,,,
115,80,72,68.61710395,262000,93000,26.8,8750,2692.268156,0.12,,,,
115,80,67,51.57236381,239000,141000,26.3,8750,2692.268156,0.13,,,,
115,80,62,36.22315701,218000,187000,25.8,8750,2692.268156,0.15,,,,
115,80,57,22.36175345,220000,220000,26.3,8750,2692.268156,0.32,,,,
75,80,75,79.75271186,371000,136000,18.4,10000,3771.675978,0.09,,,,
75,80,72,68.61710395,353000,166000,18.1,10000,3771.675978,0.12,,,,
75,80,67,51.57236381,336000,229000,18,10000,3679.988827,0.13,,,,
75,80,62,36.22315701,306000,276000,17.6,10000,3679.988827,0.14,,,,
75,80,57,22.36175345,295000,295000,17.4,10000,3679.988827,0.31,,,,
75,80,75,79.75271186,378000,142000,18.4,11250,4936.519553,0.12,,,,
75,80,72,68.61710395,372000,189000,18.6,11250,4936.519553,0.14,,,,
75,80,67,51.57236381,342000,244000,18.1,11250,4840.664804,0.14,,,,
75,80,62,36.22315701,313000,294000,17.7,11250,4840.664804,0.16,,,,
75,80,57,22.36175345,306000,306000,17.6,11250,4840.664804,0.37,,,,
75,80,75,79.75271186,383000,148000,18.6,12500,6286.821229,0.14,,,,
75,80,72,68.61710395,365000,184000,18.3,12500,6286.821229,0.15,,,,
75,80,67,51.57236381,348000,258000,18.2,12500,6190.96648,0.16,,,,
75,80,62,36.22315701,309000,299000,17.4,12500,6190.96648,0.2,,,,
75,80,57,22.36175345,316000,316000,17.7,12500,6190.96648,0.42,,,,
85,80,75,79.75271186,349000,119000,20.2,10000,3679.988827,0.1,,,,
85,80,72,68.61710395,332000,151000,19.9,10000,3679.988827,0.12,,,,
85,80,67,51.57236381,305000,203000,19.5,10000,3679.988827,0.13,,,,
85,80,62,36.22315701,279000,252000,19,10000,3634.145251,0.14,,,,
85,80,57,22.36175345,269000,269000,18.8,10000,3634.145251,0.33,,,,
85,80,75,79.75271186,355000,125000,20.3,11250,4936.519553,0.12,,,,
85,80,72,68.61710395,338000,159000,20.1,11250,4840.664804,0.14,,,,
85,80,67,51.57236381,311000,217000,19.6,11250,4840.664804,0.14,,,,
85,80,62,36.22315701,285000,268000,19.1,11250,4840.664804,0.17,,,,
85,80,57,22.36175345,289000,289000,19.4,11250,4840.664804,0.38,,,,
85,80,75,79.75271186,374000,144000,21,12500,6286.821229,0.14,,,,
85,80,72,68.61710395,343000,168000,20.1,12500,6190.96648,0.15,,,,
85,80,67,51.57236381,316000,230000,19.7,12500,6190.96648,0.15,,,,
85,80,62,36.22315701,303000,294000,19.7,12500,6190.96648,0.22,,,,
85,80,57,22.36175345,288000,288000,19.2,12500,6190.96648,0.43,,,,
95,80,75,79.75271186,327000,103000,22.2,10000,3679.988827,0.1,,,,
95,80,72,68.61710395,312000,135000,22,10000,3679.988827,0.12,,,,
95,80,67,51.57236381,286000,188000,21.6,10000,3679.988827,0.13,,,,
95,80,62,36.22315701,262000,237000,21.1,10000,3634.145251,0.15,,,,
95,80,57,22.36175345,254000,254000,20.9,10000,3634.145251,0.34,,,,
95,80,75,79.75271186,333000,108000,22.5,11250,4840.664804,0.12,,,,
95,80,72,68.61710395,317000,143000,22.2,11250,4840.664804,0.14,,,,
95,80,67,51.57236381,291000,202000,21.7,11250,4840.664804,0.14,,,,
95,80,62,36.22315701,268000,252000,21.2,11250,4792.73743,0.19,,,,
95,80,57,22.36175345,263000,263000,21.1,11250,4792.73743,0.39,,,,
95,80,75,79.75271186,352000,128000,23.1,12500,6286.821229,0.14,,,,
95,80,72,68.61710395,333000,163000,22.7,12500,6190.96648,0.15,,,,
95,80,67,51.57236381,304000,223000,22,12500,6190.96648,0.15,,,,
95,80,62,36.22315701,274000,265000,21.3,12500,6143.039106,0.23,,,,
95,80,57,22.36175345,271000,271000,21.3,12500,6143.039106,0.44,,,,
105,80,75,79.75271186,315000,98000,25.2,10000,3679.988827,0.12,,,,
105,80,72,68.61710395,290000,119000,24.4,10000,3679.988827,0.14,,,,
105,80,67,51.57236381,263000,169000,23.8,10000,3634.145251,0.15,,,,
105,80,62,36.22315701,254000,231000,24,10000,3634.145251,0.18,,,,
105,80,57,22.36175345,246000,246000,23.8,10000,3634.145251,0.36,,,,
105,80,75,79.75271186,323000,106000,25.5,11250,4840.664804,0.14,,,,
105,80,72,68.61710395,307000,139000,25.1,11250,4840.664804,0.16,,,,
105,80,67,51.57236381,269000,182000,23.9,11250,4792.73743,0.17,,,,
105,80,62,36.22315701,260000,244000,24.1,11250,4792.73743,0.23,,,,
105,80,57,22.36175345,254000,254000,24,11250,4792.73743,0.42,,,,
105,80,75,79.75271186,325000,109000,25.5,12500,6190.96648,0.16,,,,
105,80,72,68.61710395,296000,132000,24.5,12500,6190.96648,0.18,,,,
105,80,67,51.57236381,273000,195000,24,12500,6143.039106,0.18,,,,
105,80,62,36.22315701,253000,244000,23.6,12500,6143.039106,0.26,,,,
105,80,57,22.36175345,251000,251000,23.5,12500,6143.039106,0.46,,,,
115,80,75,79.75271186,281000,69000,27.2,10000,3679.988827,0.12,,,,
115,80,72,68.61710395,281000,114000,27.5,10000,3679.988827,0.14,,,,
115,80,67,51.57236381,257000,167000,27,10000,3634.145251,0.15,,,,
115,80,62,36.22315701,237000,214000,26.7,10000,3634.145251,0.2,,,,
115,80,57,22.36175345,230000,230000,26.5,10000,3634.145251,0.38,,,,
115,80,75,79.75271186,286000,73000,27.4,11250,4840.664804,0.15,,,,
115,80,72,68.61710395,285000,121000,27.6,11250,4840.664804,0.16,,,,
115,80,67,51.57236381,249000,167000,26.5,11250,4792.73743,0.17,,,,
115,80,62,36.22315701,230000,215000,26.1,11250,4792.73743,0.24,,,,
115,80,57,22.36175345,238000,238000,26.6,11250,4792.73743,0.43,,,,
115,80,75,79.75271186,290000,77000,27.4,12500,6190.96648,0.17,,,,
115,80,72,68.61710395,289000,129000,27.7,12500,6190.96648,0.18,,,,
115,80,67,51.57236381,266000,192000,27.2,12500,6143.039106,0.18,,,,
115,80,62,36.22315701,235000,227000,26.2,12500,6143.039106,0.27,,,,
115,80,57,22.36175345,233000,233000,26.1,12500,6143.039106,0.47,,,,
75,80,75,79.75271186,329000,117000,17.7,5400,1039.815642,0,,351,526,
75,80,72,68.61710395,312000,135000,17.5,5400,1039.815642,0.03,,,,
75,80,67,51.57236381,279000,159000,16.8,5400,1000.223464,0.08,,,,
75,80,62,36.22315701,257000,190000,16.6,5400,1000.223464,0.09,,,,
75,80,57,22.36175345,232000,215000,16.3,5400,1000.223464,0.09,,,,
75,80,75,79.75271186,343000,121000,17.8,6750,1585.77095,0.01,,,,
75,80,72,68.61710395,320000,138000,17.5,6750,1585.77095,0.08,,,,
75,80,67,51.57236381,292000,172000,17,6750,1585.77095,0.1,,,,
75,80,62,36.22315701,265000,206000,16.6,6750,1542.011173,0.11,,,,
75,80,57,22.36175345,251000,245000,16.7,6750,1542.011173,0.15,,,,
75,80,75,79.75271186,363000,137000,18.4,8100,2398.452514,0.06,,,,
75,80,72,68.61710395,343000,159000,18,8100,2310.932961,0.11,,,,
75,80,67,51.57236381,313000,198000,17.4,8100,2310.932961,0.12,,,,
75,80,62,36.22315701,284000,236000,16.9,8100,2310.932961,0.13,,,,
75,80,57,22.36175345,263000,263000,16.6,8100,2267.173184,0.22,,,,
75,80,75,79.75271186,360000,131000,18.2,9450,3346.581006,0.1,,,,
75,80,72,68.61710395,343000,159000,17.8,9450,3254.893855,0.13,,,,
75,80,67,51.57236381,312000,204000,17.5,9450,3254.893855,0.14,,,,
75,80,62,36.22315701,286000,251000,17,9450,3254.893855,0.15,,,,
75,80,57,22.36175345,271000,271000,16.7,9450,3209.050279,0.3,,,,
85,80,75,79.75271186,311000,103000,19.6,5400,1039.815642,0,,,,
85,80,72,68.61710395,295000,122000,19.4,5400,1039.815642,0.04,,,,
85,80,67,51.57236381,267000,150000,18.9,5400,1000.223464,0.08,,,,
85,80,62,36.22315701,234000,169000,18.2,5400,1000.223464,0.09,,,,
85,80,57,22.36175345,211000,196000,17.8,5400,1000.223464,0.1,,,,
85,80,75,79.75271186,329000,112000,20,6750,1585.77095,0.02,,,,
85,80,72,68.61710395,310000,132000,19.6,6750,1585.77095,0.08,,,,
85,80,67,51.57236381,284000,168000,19.3,6750,1585.77095,0.1,,,,
85,80,62,36.22315701,258000,202000,18.8,6750,1542.011173,0.11,,,,
85,80,57,22.36175345,227000,222000,18,6750,1542.011173,0.17,,,,
85,80,75,79.75271186,342000,120000,20.2,8100,2310.932961,0.06,,,,
85,80,72,68.61710395,324000,144000,19.9,8100,2310.932961,0.11,,,,
85,80,67,51.57236381,295000,184000,19.3,8100,2310.932961,0.12,,,,
85,80,62,36.22315701,269000,225000,18.9,8100,2267.173184,0.13,,,,
85,80,57,22.36175345,242000,242000,18.3,8100,2267.173184,0.23,,,,
85,80,75,79.75271186,339000,114000,20,9450,3254.893855,0.1,,,,
85,80,72,68.61710395,322000,143000,19.7,9450,3254.893855,0.13,,,,
85,80,67,51.57236381,305000,200000,19.5,9450,3254.893855,0.14,,,,
85,80,62,36.22315701,278000,246000,19.1,9450,3209.050279,0.15,,,,
85,80,57,22.36175345,255000,255000,18.5,9450,3209.050279,0.31,,,,
95,80,75,79.75271186,283000,78000,21.4,5400,1039.815642,0,,,,
95,80,72,68.61710395,267000,97000,21.1,5400,1000.223464,0.05,,,,
95,80,67,51.57236381,242000,127000,20.6,5400,1000.223464,0.08,,,,
95,80,62,36.22315701,219000,156000,20.2,5400,1000.223464,0.08,,,,
95,80,57,22.36175345,197000,184000,19.8,5400,960.6312849,0.09,,,,
95,80,75,79.75271186,309000,96000,22.1,6750,1585.77095,0.02,,,,
95,80,72,68.61710395,292000,117000,21.7,6750,1585.77095,0.08,,,,
95,80,67,51.57236381,266000,153000,21.2,6750,1542.011173,0.1,,,,
95,80,62,36.22315701,233000,180000,20.5,6750,1542.011173,0.11,,,,
95,80,57,22.36175345,213000,208000,20.1,6750,1542.011173,0.18,,,,
95,80,75,79.75271186,316000,98000,22.1,8100,2310.932961,0.07,,,,
95,80,72,68.61710395,293000,117000,21.6,8100,2310.932961,0.11,,,,
95,80,67,51.57236381,267000,160000,21.1,8100,2267.173184,0.12,,,,
95,80,62,36.22315701,243000,201000,20.7,8100,2267.173184,0.13,,,,
95,80,57,22.36175345,237000,237000,20.8,8100,2267.173184,0.25,,,,
95,80,75,79.75271186,329000,109000,22.5,9450,3254.893855,0.11,,,,
95,80,72,68.61710395,309000,134000,22,9450,3254.893855,0.14,,,,
95,80,67,51.57236381,284000,184000,21.5,9450,3254.893855,0.14,,,,
95,80,62,36.22315701,260000,230000,21.1,9450,3209.050279,0.16,,,,
95,80,57,22.36175345,251000,251000,21.1,9450,3209.050279,0.33,,,,
105,80,75,79.75271186,275000,74000,24.2,5400,1000.223464,0,,,,
105,80,72,68.61710395,260000,93000,23.8,5400,1000.223464,0.05,,,,
105,80,67,51.57236381,229000,116000,23,5400,1000.223464,0.08,,,,
105,80,62,36.22315701,204000,144000,22.5,5400,960.6312849,0.08,,,,
105,80,57,22.36175345,192000,179000,22.5,5400,960.6312849,0.12,,,,
105,80,75,79.75271186,278000,69000,24,6750,1542.011173,0.03,,,,
105,80,72,68.61710395,263000,92000,23.7,6750,1542.011173,0.09,,,,
105,80,67,51.57236381,247000,137000,23.5,6750,1542.011173,0.1,,,,
105,80,62,36.22315701,217000,166000,22.8,6750,1542.011173,0.11,,,,
105,80,57,22.36175345,208000,204000,22.8,6750,1502.418994,0.19,,,,
105,80,75,79.75271186,294000,81000,24.4,8100,2310.932961,0.08,,,,
105,80,72,68.61710395,282000,110000,24.2,8100,2310.932961,0.11,,,,
105,80,67,51.57236381,258000,154000,23.8,8100,2267.173184,0.12,,,,
105,80,62,36.22315701,236000,197000,23.3,8100,2267.173184,0.13,,,,
105,80,57,22.36175345,222000,222000,23.1,8100,2267.173184,0.26,,,,
105,80,75,79.75271186,299000,84000,24.5,9450,3254.893855,0.11,,,,
105,80,72,68.61710395,289000,118000,24.3,9450,3254.893855,0.14,,,,
105,80,67,51.57236381,265000,168000,23.9,9450,3209.050279,0.14,,,,
105,80,62,36.22315701,241000,215000,23.4,9450,3209.050279,0.16,,,,
105,80,57,22.36175345,233000,233000,23.3,9450,3209.050279,0.34,,,,
115,80,75,79.75271186,245000,48000,26.4,5400,1000.223464,0,,,,
115,80,72,68.61710395,241000,78000,26.4,5400,1000.223464,0.05,,,,
115,80,67,51.57236381,217000,108000,25.9,5400,1000.223464,0.08,,,,
115,80,62,36.22315701,196000,139000,25.5,5400,960.6312849,0.08,,,,
115,80,57,22.36175345,169000,157000,24.7,5400,960.6312849,0.13,,,,
115,80,75,79.75271186,267000,63000,27,6750,1542.011173,0.03,,,,
115,80,72,68.61710395,251000,84000,26.6,6750,1542.011173,0.09,,,,
115,80,67,51.57236381,230000,124000,26.1,6750,1542.011173,0.1,,,,
115,80,62,36.22315701,200000,152000,25.4,6750,1502.418994,0.11,,,,
115,80,57,22.36175345,192000,189000,25.4,6750,1502.418994,0.2,,,,
115,80,75,79.75271186,276000,67000,27.2,8100,2267.173184,0.08,,,,
115,80,72,68.61710395,253000,85000,26.5,8100,2267.173184,0.11,,,,
115,80,67,51.57236381,230000,130000,26,8100,2267.173184,0.12,,,,
115,80,62,36.22315701,209000,172000,25.6,8100,2225.497207,0.14,,,,
115,80,57,22.36175345,196000,196000,25.3,8100,2225.497207,0.28,,,,
115,80,75,79.75271186,283000,72000,27.3,9450,3254.893855,0.11,,,,
115,80,72,68.61710395,267000,101000,27,9450,3209.050279,0.14,,,,
115,80,67,51.57236381,245000,152000,26.4,9450,3209.050279,0.14,,,,
115,80,62,36.22315701,216000,189000,25.7,9450,3209.050279,0.19,,,,
115,80,57,22.36175345,216000,216000,25.9,9450,3209.050279,0.36,,,,
75,80,75,79.75271186,368000,137000,18.2,10800,4494.75419,0.13,,,,
75,80,72,68.61710395,351000,169000,18,10800,4494.75419,0.15,,,,
75,80,67,51.57236381,332000,232000,17.8,10800,4398.899441,0.16,,,,
75,80,62,36.22315701,302000,278000,17.3,10800,4398.899441,0.18,,,,
75,80,57,22.36175345,284000,284000,16.9,10800,4398.899441,0.36,,,,
75,80,75,79.75271186,375000,144000,18.4,12150,5878.396648,0.15,,,,
75,80,72,68.61710395,359000,181000,18,12150,5878.396648,0.17,,,,
75,80,67,51.57236381,338000,246000,17.9,12150,5782.541899,0.18,,,,
75,80,62,36.22315701,311000,298000,17.5,12150,5782.541899,0.2,,,,
75,80,57,22.36175345,302000,302000,17.2,12150,5782.541899,0.42,,,,
75,80,75,79.75271186,393000,163000,18.9,13500,7528.765363,0.17,,,,
75,80,72,68.61710395,374000,199000,18.5,13500,7528.765363,0.19,,,,
75,80,67,51.57236381,343000,260000,18,13500,7432.910615,0.19,,,,
75,80,62,36.22315701,315000,309000,17.5,13500,7432.910615,0.25,,,,
75,80,57,22.36175345,303000,303000,17.2,13500,7432.910615,0.46,,,,
85,80,75,79.75271186,346000,120000,20.1,10800,4398.899441,0.13,,,,
85,80,72,68.61710395,329000,152000,19.8,10800,4398.899441,0.16,,,,
85,80,67,51.57236381,302000,205000,19.4,10800,4398.899441,0.16,,,,
85,80,62,36.22315701,284000,263000,19.2,10800,4398.899441,0.18,,,,
85,80,57,22.36175345,276000,276000,19.1,10800,4350.972067,0.38,,,,
85,80,75,79.75271186,351000,126000,20.2,12150,5878.396648,0.15,,,,
85,80,72,68.61710395,340000,167000,20,12150,5782.541899,0.17,,,,
85,80,67,51.57236381,317000,229000,19.7,12150,5782.541899,0.18,,,,
85,80,62,36.22315701,288000,275000,19.1,12150,5782.541899,0.23,,,,
85,80,57,22.36175345,288000,288000,19.3,12150,5782.541899,0.43,,,,
85,80,75,79.75271186,356000,131000,20.2,13500,7528.765363,0.18,,,,
85,80,72,68.61710395,340000,170000,20,13500,7432.910615,0.19,,,,
85,80,67,51.57236381,312000,233000,19.5,13500,7432.910615,0.19,,,,
85,80,62,36.22315701,288000,283000,19.1,13500,7432.910615,0.27,,,,
85,80,57,22.36175345,286000,286000,19.1,13500,7432.910615,0.47,,,,
95,80,75,79.75271186,328000,107000,22.2,10800,4398.899441,0.13,,,,
95,80,72,68.61710395,317000,144000,22.1,10800,4398.899441,0.16,,,,
95,80,67,51.57236381,290000,198000,21.7,10800,4398.899441,0.16,,,,
95,80,62,36.22315701,267000,247000,21.3,10800,4350.972067,0.2,,,,
95,80,57,22.36175345,250000,250000,20.8,10800,4350.972067,0.39,,,,
95,80,75,79.75271186,342000,121000,22.8,12150,5782.541899,0.16,,,,
95,80,72,68.61710395,324000,155000,22.3,12150,5782.541899,0.17,,,,
95,80,67,51.57236381,295000,211000,21.7,12150,5782.541899,0.18,,,,
95,80,62,36.22315701,264000,252000,21.1,12150,5734.614525,0.24,,,,
95,80,57,22.36175345,269000,269000,21.3,12150,5734.614525,0.44,,,,
95,80,75,79.75271186,345000,125000,22.7,13500,7432.910615,0.18,,,,
95,80,72,68.61710395,329000,164000,22.4,13500,7432.910615,0.19,,,,
95,80,67,51.57236381,300000,225000,21.8,13500,7432.910615,0.19,,,,
95,80,62,36.22315701,270000,265000,21.2,13500,7384.98324,0.28,,,,
95,80,57,22.36175345,278000,278000,21.5,13500,7384.98324,0.49,,,,
105,80,75,79.75271186,310000,94000,24.8,10800,4398.899441,0.14,,,,
105,80,72,68.61710395,295000,127000,24.5,10800,4398.899441,0.16,,,,
105,80,67,51.57236381,262000,174000,23.7,10800,4350.972067,0.16,,,,
105,80,62,36.22315701,240000,221000,23.3,10800,4350.972067,0.22,,,,
105,80,57,22.36175345,244000,244000,23.5,10800,4350.972067,0.4,,,,
105,80,75,79.75271186,306000,90000,24.6,12150,5782.541899,0.16,,,,
105,80,72,68.61710395,301000,137000,24.6,12150,5782.541899,0.17,,,,
105,80,67,51.57236381,274000,194000,24,12150,5734.614525,0.18,,,,
105,80,62,36.22315701,255000,244000,23.7,12150,5734.614525,0.26,,,,
105,80,57,22.36175345,242000,242000,23.3,12150,5734.614525,0.45,,,,
105,80,75,79.75271186,310000,95000,24.7,13500,7432.910615,0.18,,,,
105,80,72,68.61710395,295000,135000,24.4,13500,7432.910615,0.19,,,,
105,80,67,51.57236381,271000,201000,23.9,13500,7384.98324,0.19,,,,
105,80,62,36.22315701,257000,255000,23.7,13500,7384.98324,0.29,,,,
105,80,57,22.36175345,250000,250000,23.5,13500,7384.98324,0.5,,,,
115,80,75,79.75271186,288000,77000,27.4,10800,4398.899441,0.14,,,,
115,80,72,68.61710395,273000,110000,27.1,10800,4350.972067,0.16,,,,
115,80,67,51.57236381,242000,158000,26.3,10800,4350.972067,0.16,,,,
115,80,62,36.22315701,222000,204000,25.8,10800,4350.972067,0.23,,,,
115,80,57,22.36175345,226000,226000,26.1,10800,4350.972067,0.42,,,,
115,80,75,79.75271186,295000,84000,27.7,12150,5782.541899,0.16,,,,
115,80,72,68.61710395,277000,117000,27.1,12150,5734.614525,0.17,,,,
115,80,67,51.57236381,253000,178000,26.6,12150,5734.614525,0.18,,,,
115,80,62,36.22315701,237000,228000,26.3,12150,5734.614525,0.27,,,,
115,80,57,22.36175345,234000,234000,26.3,12150,5734.614525,0.47,,,,
115,80,75,79.75271186,296000,86000,27.6,13500,7432.910615,0.18,,,,
115,80,72,68.61710395,281000,126000,27.3,13500,7432.910615,0.19,,,,
115,80,67,51.57236381,257000,191000,26.7,13500,7384.98324,0.2,,,,
115,80,62,36.22315701,241000,241000,26.4,13500,7384.98324,0.3,,,,
115,80,57,22.36175345,241000,241000,26.4,13500,7384.98324,0.51,,,,
75,80,75,79.75271186,347000,126000,19.8,6000,1250.27933,0,,526,701,
75,80,72,68.61710395,329000,146000,19.4,6000,1250.27933,0.05,,,,
75,80,67,51.57236381,302000,178000,18.9,6000,1250.27933,0.09,,,,
75,80,62,36.22315701,276000,208000,18.5,6000,1208.603352,0.1,,,,
75,80,57,22.36175345,248000,234000,18.1,6000,1208.603352,0.11,,,,
75,80,75,79.75271186,360000,132000,20.1,7500,2056.709497,0.02,,,,
75,80,72,68.61710395,342000,155000,19.7,7500,1969.189944,0.09,,,,
75,80,67,51.57236381,314000,193000,19.2,7500,1969.189944,0.11,,,,
75,80,62,36.22315701,292000,235000,18.8,7500,1969.189944,0.12,,,,
75,80,57,22.36175345,265000,260000,18.3,7500,1925.430168,0.17,,,,
75,80,75,79.75271186,373000,140000,20.3,9000,2996.502793,0.08,,,,
75,80,72,68.61710395,355000,167000,20,9000,2996.502793,0.12,,,,
75,80,67,51.57236381,329000,215000,19.4,9000,2904.815642,0.14,,,,
75,80,62,36.22315701,304000,260000,19,9000,2904.815642,0.14,,,,
75,80,57,22.36175345,285000,285000,18.7,9000,2904.815642,0.25,,,,
75,80,75,79.75271186,387000,152000,20.6,10500,4221.776536,0.12,,,,
75,80,72,68.61710395,367000,181000,20.2,10500,4221.776536,0.15,,,,
75,80,67,51.57236381,337000,231000,19.6,10500,4130.089385,0.16,,,,
75,80,62,36.22315701,313000,282000,19.1,10500,4130.089385,0.17,,,,
75,80,57,22.36175345,298000,298000,18.9,10500,4130.089385,0.33,,,,
85,80,75,79.75271186,326000,109000,22,6000,1250.27933,0,,,,
85,80,72,68.61710395,309000,130000,21.6,6000,1250.27933,0.05,,,,
85,80,67,51.57236381,285000,164000,21.2,6000,1250.27933,0.09,,,,
85,80,62,36.22315701,262000,197000,20.8,6000,1208.603352,0.09,,,,
85,80,57,22.36175345,239000,226000,20.5,6000,1208.603352,0.11,,,,
85,80,75,79.75271186,345000,121000,22.3,7500,1969.189944,0.03,,,,
85,80,72,68.61710395,322000,139000,21.9,7500,1969.189944,0.1,,,,
85,80,67,51.57236381,301000,183000,21.4,7500,1969.189944,0.11,,,,
85,80,62,36.22315701,277000,223000,21,7500,1925.430168,0.12,,,,
85,80,57,22.36175345,251000,247000,20.6,7500,1925.430168,0.18,,,,
85,80,75,79.75271186,354000,126000,22.5,9000,2996.502793,0.08,,,,
85,80,72,68.61710395,337000,153000,22.2,9000,2904.815642,0.12,,,,
85,80,67,51.57236381,311000,200000,21.6,9000,2904.815642,0.14,,,,
85,80,62,36.22315701,287000,246000,21.2,9000,2904.815642,0.14,,,,
85,80,57,22.36175345,271000,271000,21,9000,2858.972067,0.27,,,,
85,80,75,79.75271186,365000,135000,22.7,10500,4221.776536,0.12,,,,
85,80,72,68.61710395,347000,165000,22.4,10500,4130.089385,0.15,,,,
85,80,67,51.57236381,318000,215000,21.8,10500,4130.089385,0.16,,,,
85,80,62,36.22315701,295000,267000,21.3,10500,4130.089385,0.17,,,,
85,80,57,22.36175345,285000,285000,21.2,10500,4130.089385,0.34,,,,
95,80,75,79.75271186,309000,97000,24.6,6000,1250.27933,0,,,,
95,80,72,68.61710395,294000,118000,24.2,6000,1250.27933,0.06,,,,
95,80,67,51.57236381,267000,149000,23.8,6000,1208.603352,0.09,,,,
95,80,62,36.22315701,243000,182000,23.4,6000,1208.603352,0.09,,,,
95,80,57,22.36175345,224000,214000,23.1,6000,1208.603352,0.11,,,,
95,80,75,79.75271186,325000,105000,24.9,7500,1969.189944,0.04,,,,
95,80,72,68.61710395,308000,129000,24.5,7500,1969.189944,0.1,,,,
95,80,67,51.57236381,282000,168000,24,7500,1969.189944,0.11,,,,
95,80,62,36.22315701,259000,209000,23.6,7500,1925.430168,0.12,,,,
95,80,57,22.36175345,242000,239000,23.4,7500,1925.430168,0.19,,,,
95,80,75,79.75271186,335000,112000,25.1,9000,2904.815642,0.09,,,,
95,80,72,68.61710395,319000,140000,24.7,9000,2904.815642,0.13,,,,
95,80,67,51.57236381,293000,186000,24.2,9000,2904.815642,0.14,,,,
95,80,62,36.22315701,270000,232000,23.8,9000,2858.972067,0.14,,,,
95,80,57,22.36175345,252000,252000,23.5,9000,2858.972067,0.28,,,,
95,80,75,79.75271186,343000,119000,25.3,10500,4130.089385,0.12,,,,
95,80,72,68.61710395,327000,150000,24.9,10500,4130.089385,0.15,,,,
95,80,67,51.57236381,300000,202000,24.3,10500,4130.089385,0.16,,,,
95,80,62,36.22315701,276000,251000,23.9,10500,4084.24581,0.17,,,,
95,80,57,22.36175345,269000,269000,23.8,10500,4084.24581,0.35,,,,
105,80,75,79.75271186,295000,87000,27.6,6000,1250.27933,0,,,,
105,80,72,68.61710395,257000,86000,26.9,6000,1208.603352,0.06,,,,
105,80,67,51.57236381,236000,122000,26.5,6000,1208.603352,0.09,,,,
105,80,62,36.22315701,228000,170000,26.4,6000,1208.603352,0.09,,,,
105,80,57,22.36175345,210000,201000,26.3,6000,1169.011173,0.13,,,,
105,80,75,79.75271186,305000,90000,27.8,7500,1969.189944,0.04,,,,
105,80,72,68.61710395,278000,103000,27.3,7500,1925.430168,0.1,,,,
105,80,67,51.57236381,264000,155000,27,7500,1925.430168,0.11,,,,
105,80,62,36.22315701,242000,195000,26.6,7500,1925.430168,0.12,,,,
105,80,57,22.36175345,227000,225000,26.4,7500,1925.430168,0.21,,,,
105,80,75,79.75271186,315000,97000,28,9000,2904.815642,0.09,,,,
105,80,72,68.61710395,295000,121000,27.6,9000,2904.815642,0.13,,,,
105,80,67,51.57236381,274000,172000,27.2,9000,2858.972067,0.14,,,,
105,80,62,36.22315701,252000,219000,26.8,9000,2858.972067,0.15,,,,
105,80,57,22.36175345,241000,241000,26.6,9000,2858.972067,0.29,,,,
105,80,75,79.75271186,323000,104000,28.2,10500,4130.089385,0.13,,,,
105,80,72,68.61710395,307000,135000,27.8,10500,4130.089385,0.15,,,,
105,80,67,51.57236381,284000,191000,27.3,10500,4130.089385,0.16,,,,
105,80,62,36.22315701,259000,239000,26.9,10500,4084.24581,0.17,,,,
105,80,57,22.36175345,253000,253000,26.8,10500,4084.24581,0.37,,,,
115,80,75,79.75271186,271000,69000,30.9,6000,1208.603352,0.01,,,,
115,80,72,68.61710395,254000,88000,30.6,6000,1208.603352,0.07,,,,
115,80,67,51.57236381,233000,124000,30.3,6000,1208.603352,0.09,,,,
115,80,62,36.22315701,212000,157000,30,6000,1208.603352,0.09,,,,
115,80,57,22.36175345,196000,187000,29.9,6000,1169.011173,0.15,,,,
115,80,75,79.75271186,274000,66000,31,7500,1925.430168,0.05,,,,
115,80,72,68.61710395,268000,99000,30.8,7500,1925.430168,0.1,,,,
115,80,67,51.57236381,246000,141000,30.4,7500,1925.430168,0.11,,,,
115,80,62,36.22315701,223000,180000,30.1,7500,1925.430168,0.12,,,,
115,80,57,22.36175345,207000,207000,29.9,7500,1885.837989,0.21,,,,
115,80,75,79.75271186,293000,81000,31.4,9000,2904.815642,0.1,,,,
115,80,72,68.61710395,279000,111000,31,9000,2858.972067,0.13,,,,
115,80,67,51.57236381,256000,159000,30.5,9000,2858.972067,0.14,,,,
115,80,62,36.22315701,233000,203000,30.2,9000,2858.972067,0.15,,,,
115,80,57,22.36175345,224000,224000,30.1,9000,2858.972067,0.31,,,,
115,80,75,79.75271186,287000,73000,31.2,10500,4130.089385,0.13,,,,
115,80,72,68.61710395,286000,120000,31.1,10500,4130.089385,0.15,,,,
115,80,67,51.57236381,262000,174000,30.6,10500,4084.24581,0.16,,,,
115,80,62,36.22315701,241000,220000,30.2,10500,4084.24581,0.2,,,,
115,80,57,22.36175345,235000,235000,30.2,10500,4084.24581,0.38,,,,
75,80,75,79.75271186,395000,159000,20.8,12000,5703.357542,0.14,,,,
75,80,72,68.61710395,375000,192000,20.4,12000,5703.357542,0.17,,,,
75,80,67,51.57236381,346000,248000,19.8,12000,5607.502793,0.18,,,,
75,80,62,36.22315701,320000,301000,19.3,12000,5607.502793,0.2,,,,
75,80,57,22.36175345,313000,313000,19.1,12000,5607.502793,0.39,,,,
75,80,75,79.75271186,396000,160000,20.8,13500,7528.765363,0.17,,,,
75,80,72,68.61710395,381000,202000,20.5,13500,7528.765363,0.19,,,,
75,80,67,51.57236381,348000,260000,19.8,13500,7432.910615,0.19,,,,
75,80,62,36.22315701,321000,311000,19.3,13500,7432.910615,0.24,,,,
75,80,57,22.36175345,322000,322000,19.3,13500,7432.910615,0.45,,,,
75,80,75,79.75271186,401000,166000,20.9,15000,9739.675978,0.19,,,,
75,80,72,68.61710395,387000,211000,20.6,15000,9635.486034,0.21,,,,
75,80,67,51.57236381,355000,277000,19.9,15000,9635.486034,0.21,,,,
75,80,62,36.22315701,328000,324000,19.4,15000,9535.463687,0.28,,,,
75,80,57,22.36175345,326000,326000,19.4,15000,9535.463687,0.49,,,,
85,80,75,79.75271186,369000,139000,22.9,12000,5703.357542,0.15,,,,
85,80,72,68.61710395,352000,174000,22.5,12000,5703.357542,0.17,,,,
85,80,67,51.57236381,324000,231000,21.9,12000,5607.502793,0.18,,,,
85,80,62,36.22315701,298000,284000,21.4,12000,5607.502793,0.19,,,,
85,80,57,22.36175345,296000,296000,21.4,12000,5607.502793,0.4,,,,
85,80,75,79.75271186,378000,149000,23,13500,7528.765363,0.17,,,,
85,80,72,68.61710395,357000,183000,22.6,13500,7528.765363,0.19,,,,
85,80,67,51.57236381,330000,246000,22,13500,7432.910615,0.19,,,,
85,80,62,36.22315701,309000,300000,21.6,13500,7432.910615,0.25,,,,
85,80,57,22.36175345,306000,306000,21.5,13500,7432.910615,0.45,,,,
85,80,75,79.75271186,379000,151000,23.1,15000,9635.486034,0.19,,,,
85,80,72,68.61710395,362000,192000,22.7,15000,9635.486034,0.21,,,,
85,80,67,51.57236381,334000,261000,22.1,15000,9535.463687,0.21,,,,
85,80,62,36.22315701,315000,314000,21.7,15000,9535.463687,0.28,,,,
85,80,57,22.36175345,312000,312000,21.6,15000,9535.463687,0.5,,,,
95,80,75,79.75271186,350000,125000,25.4,12000,5607.502793,0.15,,,,
95,80,72,68.61710395,333000,159000,25,12000,5607.502793,0.17,,,,
95,80,67,51.57236381,307000,218000,24.5,12000,5607.502793,0.18,,,,
95,80,62,36.22315701,285000,270000,24,12000,5607.502793,0.21,,,,
95,80,57,22.36175345,280000,280000,24,12000,5559.575419,0.41,,,,
95,80,75,79.75271186,354000,130000,25.5,13500,7528.765363,0.17,,,,
95,80,72,68.61710395,338000,169000,25.1,13500,7432.910615,0.19,,,,
95,80,67,51.57236381,311000,233000,24.6,13500,7432.910615,0.19,,,,
95,80,62,36.22315701,289000,280000,24.1,13500,7432.910615,0.26,,,,
95,80,57,22.36175345,286000,286000,24.1,13500,7432.910615,0.46,,,,
95,80,75,79.75271186,359000,137000,25.6,15000,9635.486034,0.19,,,,
95,80,72,68.61710395,342000,178000,25.2,15000,9535.463687,0.21,,,,
95,80,67,51.57236381,315000,247000,24.6,15000,9535.463687,0.21,,,,
95,80,62,36.22315701,294000,294000,24.2,15000,9535.463687,0.29,,,,
95,80,57,22.36175345,296000,296000,24.2,15000,9535.463687,0.51,,,,
105,80,75,79.75271186,331000,112000,28.4,12000,5607.502793,0.15,,,,
105,80,72,68.61710395,315000,147000,28,12000,5607.502793,0.17,,,,
105,80,67,51.57236381,273000,189000,27.2,12000,5559.575419,0.18,,,,
105,80,62,36.22315701,266000,252000,27,12000,5559.575419,0.23,,,,
105,80,57,22.36175345,260000,260000,26.9,12000,5559.575419,0.43,,,,
105,80,75,79.75271186,337000,119000,28.5,13500,7432.910615,0.17,,,,
105,80,72,68.61710395,301000,137000,27.8,13500,7432.910615,0.19,,,,
105,80,67,51.57236381,294000,221000,27.5,13500,7432.910615,0.19,,,,
105,80,62,36.22315701,274000,267000,27.1,13500,7384.98324,0.27,,,,
105,80,57,22.36175345,271000,271000,27.1,13500,7384.98324,0.48,,,,
105,80,75,79.75271186,341000,124000,28.6,15000,9535.463687,0.19,,,,
105,80,72,68.61710395,321000,162000,28.1,15000,9535.463687,0.21,,,,
105,80,67,51.57236381,296000,233000,27.5,15000,9535.463687,0.21,,,,
105,80,62,36.22315701,278000,278000,27.2,15000,9485.452514,0.31,,,,
105,80,57,22.36175345,277000,277000,27.2,15000,9485.452514,0.52,,,,
115,80,75,79.75271186,307000,94000,31.7,12000,5607.502793,0.15,,,,
115,80,72,68.61710395,291000,129000,31.3,12000,5607.502793,0.17,,,,
115,80,67,51.57236381,268000,190000,30.7,12000,5559.575419,0.17,,,,
115,80,62,36.22315701,248000,235000,30.3,12000,5559.575419,0.24,,,,
115,80,57,22.36175345,243000,243000,30.3,12000,5559.575419,0.44,,,,
115,80,75,79.75271186,311000,99000,31.8,13500,7432.910615,0.18,,,,
115,80,72,68.61710395,295000,138000,31.4,13500,7432.910615,0.19,,,,
115,80,67,51.57236381,271000,203000,30.8,13500,7384.98324,0.19,,,,
115,80,62,36.22315701,254000,248000,30.4,13500,7384.98324,0.28,,,,
115,80,57,22.36175345,251000,251000,30.4,13500,7384.98324,0.49,,,,
115,80,75,79.75271186,313000,104000,31.9,15000,9535.463687,0.2,,,,
115,80,72,68.61710395,299000,147000,31.4,15000,9535.463687,0.21,,,,
115,80,67,51.57236381,274000,217000,30.8,15000,9485.452514,0.21,,,,
115,80,62,36.22315701,258000,258000,30.5,15000,9485.452514,0.32,,,,
115,80,57,22.36175345,258000,258000,30.5,15000,9485.452514,0.53,,,,
75,80,75,79.75271186,413000,132000,23.6,7000,2110.888268,0,,701,876,
75,80,72,68.61710395,378000,145000,23,7000,2006.698324,0,,,,
75,80,67,51.57236381,346000,188000,22.8,7000,1902.50838,0.02,,,,
75,80,62,36.22315701,305000,220000,22.3,7000,1902.50838,0.02,,,,
75,80,57,22.36175345,268000,249000,22,7000,1850.413408,0.03,,,,
75,80,75,79.75271186,417000,125000,23.7,8750,3200.715084,0,,,,
75,80,72,68.61710395,409000,171000,23.5,8750,3200.715084,0.02,,,,
75,80,67,51.57236381,369000,216000,23,8750,3081.938547,0.02,,,,
75,80,62,36.22315701,329000,259000,22.6,8750,2961.078212,0.03,,,,
75,80,57,22.36175345,286000,282000,21.7,8750,2961.078212,0.09,,,,
75,80,75,79.75271186,450000,153000,24.1,10500,4592.692737,0.02,,,,
75,80,72,68.61710395,404000,166000,23.4,10500,4592.692737,0.03,,,,
75,80,67,51.57236381,385000,242000,23.2,10500,4461.413408,0.03,,,,
75,80,62,36.22315701,346000,294000,22.7,10500,4332.217877,0.04,,,,
75,80,57,22.36175345,318000,318000,22.2,10500,4332.217877,0.18,,,,
75,80,75,79.75271186,460000,161000,24.3,12250,6361.837989,0.04,,,,
75,80,72,68.61710395,433000,199000,23.9,12250,6361.837989,0.04,,,,
75,80,67,51.57236381,389000,260000,23.2,12250,6220.139665,0.04,,,,
75,80,62,36.22315701,360000,327000,22.9,12250,6220.139665,0.06,,,,
75,80,57,22.36175345,345000,345000,22.8,12250,6074.273743,0.27,,,,
85,80,75,79.75271186,373000,96000,25.9,7000,2006.698324,0,,,,
85,80,72,68.61710395,356000,126000,25.8,7000,2006.698324,0.01,,,,
85,80,67,51.57236381,316000,161000,25.3,7000,1902.50838,0.02,,,,
85,80,62,36.22315701,277000,194000,25,7000,1850.413408,0.02,,,,
85,80,57,22.36175345,240000,224000,24.7,7000,1850.413408,0.03,,,,
85,80,75,79.75271186,397000,109000,26.3,8750,3081.938547,0,,,,
85,80,72,68.61710395,353000,119000,25.6,8750,3081.938547,0.02,,,,
85,80,67,51.57236381,337000,187000,25.5,8750,2961.078212,0.02,,,,
85,80,62,36.22315701,288000,221000,24.7,8750,2961.078212,0.03,,,,
85,80,57,22.36175345,257000,254000,24.2,8750,2900.648045,0.1,,,,
85,80,75,79.75271186,393000,101000,26.3,10500,4461.413408,0.02,,,,
85,80,72,68.61710395,386000,152000,26.1,10500,4461.413408,0.03,,,,
85,80,67,51.57236381,351000,212000,25.7,10500,4461.413408,0.03,,,,
85,80,62,36.22315701,314000,265000,25.2,10500,4332.217877,0.04,,,,
85,80,57,22.36175345,291000,291000,24.9,10500,4332.217877,0.19,,,,
85,80,75,79.75271186,402000,107000,26.5,12250,6361.837989,0.04,,,,
85,80,72,68.61710395,377000,146000,26,12250,6220.139665,0.04,,,,
85,80,67,51.57236381,343000,217000,25.5,12250,6074.273743,0.04,,,,
85,80,62,36.22315701,327000,297000,25.4,12250,6074.273743,0.07,,,,
85,80,57,22.36175345,304000,304000,24.9,12250,6074.273743,0.28,,,,
95,80,75,79.75271186,347000,75000,29,7000,1902.50838,0,,,,
95,80,72,68.61710395,324000,98000,28.7,7000,1902.50838,0.01,,,,
95,80,67,51.57236381,285000,134000,28.2,7000,1902.50838,0.02,,,,
95,80,62,36.22315701,246000,167000,27.9,7000,1850.413408,0.02,,,,
95,80,57,22.36175345,200000,184000,26.8,7000,1796.234637,0.05,,,,
95,80,75,79.75271186,344000,61000,28.9,8750,2961.078212,0.01,,,,
95,80,72,68.61710395,320000,90000,28.5,8750,2961.078212,0.02,,,,
95,80,67,51.57236381,303000,158000,28.4,8750,2961.078212,0.02,,,,
95,80,62,36.22315701,267000,203000,28,8750,2900.648045,0.03,,,,
95,80,57,22.36175345,222000,220000,27.2,8750,2900.648045,0.11,,,,
95,80,75,79.75271186,355000,67000,29.1,10500,4461.413408,0.02,,,,
95,80,72,68.61710395,329000,100000,28.6,10500,4332.217877,0.03,,,,
95,80,67,51.57236381,297000,162000,28.2,10500,4332.217877,0.03,,,,
95,80,62,36.22315701,280000,235000,28.1,10500,4267.620112,0.05,,,,
95,80,57,22.36175345,263000,263000,28,10500,4267.620112,0.21,,,,
95,80,75,79.75271186,361000,72000,29.3,12250,6220.139665,0.04,,,,
95,80,72,68.61710395,337000,112000,28.8,12250,6074.273743,0.04,,,,
95,80,67,51.57236381,303000,181000,28.2,12250,6074.273743,0.04,,,,
95,80,62,36.22315701,292000,265000,28.2,12250,6074.273743,0.07,,,,
95,80,57,22.36175345,272000,272000,27.8,12250,6001.340782,0.29,,,,
105,80,75,79.75271186,306000,38000,32.1,7000,1902.50838,0,,,,
105,80,72,68.61710395,281000,60000,31.7,7000,1902.50838,0.01,,,,
105,80,67,51.57236381,253000,106000,31.6,7000,1850.413408,0.02,,,,
105,80,62,36.22315701,214000,139000,31.3,7000,1850.413408,0.02,,,,
105,80,57,22.36175345,182000,168000,31.2,7000,1796.234637,0.07,,,,
105,80,75,79.75271186,307000,30000,32.1,8750,2961.078212,0.01,,,,
105,80,72,68.61710395,278000,53000,31.5,8750,2900.648045,0.02,,,,
105,80,67,51.57236381,269000,129000,31.7,8750,2900.648045,0.02,,,,
105,80,62,36.22315701,234000,174000,31.4,8750,2900.648045,0.03,,,,
105,80,57,22.36175345,206000,206000,31.2,8750,2842.301676,0.13,,,,
105,80,75,79.75271186,314000,31000,32.3,10500,4332.217877,0.02,,,,
105,80,72,68.61710395,313000,89000,32.3,10500,4332.217877,0.03,,,,
105,80,67,51.57236381,249000,119000,31.1,10500,4267.620112,0.03,,,,
105,80,62,36.22315701,247000,206000,31.5,10500,4267.620112,0.05,,,,
105,80,57,22.36175345,231000,231000,31.4,10500,4267.620112,0.23,,,,
105,80,75,79.75271186,319000,35000,32.4,12250,6074.273743,0.04,,,,
105,80,72,68.61710395,296000,75000,31.9,12250,6074.273743,0.04,,,,
105,80,67,51.57236381,284000,167000,31.8,12250,6074.273743,0.04,,,,
105,80,62,36.22315701,259000,233000,31.6,12250,6001.340782,0.09,,,,
105,80,57,22.36175345,250000,250000,31.5,12250,6001.340782,0.31,,,,
115,80,75,79.75271186,281000,20000,36.5,7000,1902.50838,0,,,,
115,80,72,68.61710395,249000,34000,35.7,7000,1850.413408,0.01,,,,
115,80,67,51.57236381,221000,79000,35.7,7000,1850.413408,0.02,,,,
115,80,62,36.22315701,173000,102000,34.8,7000,1796.234637,0.02,,,,
115,80,57,22.36175345,143000,130000,34.6,7000,1796.234637,0.09,,,,
115,80,75,79.75271186,291000,19000,36.5,8750,2961.078212,0.01,,,,
115,80,72,68.61710395,242000,23000,35.3,8750,2900.648045,0.02,,,,
115,80,67,51.57236381,226000,91000,35.2,8750,2900.648045,0.02,,,,
115,80,62,36.22315701,201000,146000,35.5,8750,2842.301676,0.03,,,,
115,80,57,22.36175345,165000,165000,34.6,8750,2842.301676,0.15,,,,
115,80,75,79.75271186,272000,4444444444444444444444444444444444444444444444444444444444444444444444444444444444444444444444444444444444444444444444444444444444444444444444444444444444444444444444444444444444444444444444444444444444444444444444444444444444444444444444444444444444444444444444444444444444444444444444444444444444444444444444444444444444444444444444444444444444444444444444444444444444444444444444444444444444444444444444444444444444444444444444444444444444444444444444444444444444444444444444444444444444444444444444444444444444444444444444444444444444444444444444444444444444444444444444444444444444444444444444444444444444444444444444444444444444444444444444444444444444444444444444444444444444444444444444444444444444444444444444444444444444444444444444444444444444444444444444444444444444444444444444444444444444444444444444444444444444444444444444444444444444444444444444444444444444444444444444444444444444444444444444444444444444444444444444444444444444444444444444444444444444444444444444444444444444444444,36,10500,4267.620112,0.02,,,,
115,80,72,68.61710395,251000,33000,35.4,10500,4267.620112,0.03,,,,
115,80,67,51.57236381,219000,95000,34.9,10500,4267.620112,0.03,,,,
115,80,62,36.22315701,213000,175000,35.5,10500,4267.620112,0.06,,,,
115,80,57,22.36175345,172000,172000,34.4,10500,4200.938547,0.24,,,,
115,80,75,79.75271186,275000,3333333333333333333333333333333333333333333333333333333333333333333333333333333333333333333333333333333333333333333333333333333333333333333333333333333333333333333333333333333333333333333333333333333333333333333333333333333333333333333333333333333333333333333333333333333333333333333333333333333333333333333333333333333333333333333333333333333333333333333333333333333333333333333333333333333333333333333333333333333333333333333333333333333333333333333333333333333333333333333333333333333333333333333333333333333333333333333333333333333333333333333333333333333333333333333333333333333333333333333333333333333333333333333333333333333333333333333333333333333333333333333333333333333333333333333333333333333333333333333333333333333333333333333333333333333333333333333333333333333333333333333333333333333333333333333333333333333333333333333333333333333333333333333333333333333333333333333333333333333333333333333333333333333333333333333333333333333333333333333333333333333333333333333333333333333333333333,36.1,12250,6001.340782,0.04,,,,
115,80,72,68.61710395,253000,39000,35.5,12250,6001.340782,0.04,,,,
115,80,67,51.57236381,247000,136000,35.5,12250,6001.340782,0.04,,,,
115,80,62,36.22315701,223000,199000,35.4,12250,6001.340782,0.11,,,,
115,80,57,22.36175345,204000,204000,34.9,12250,5928.407821,0.32,,,,
75,80,75,79.75271186,452000,154000,24.2,14000,8485.22905,0.05,,,,
75,80,72,68.61710395,443000,214000,24,14000,8485.22905,0.05,,,,
75,80,67,51.57236381,399000,284000,23.4,14000,8331.027933,0.05,,,,
75,80,62,36.22315701,372000,356000,23.1,14000,8331.027933,0.1,,,,
75,80,57,22.36175345,365000,365000,23,14000,8331.027933,0.34,,,,
75,80,75,79.75271186,460000,163000,24.4,15750,11035.79888,0.06,,,,
75,80,72,68.61710395,434000,213000,24,15750,11035.79888,0.06,,,,
75,80,67,51.57236381,410000,311000,23.5,15750,11035.79888,0.07,,,,
75,80,62,36.22315701,383000,379000,23.2,15750,10869.09497,0.14,,,,
75,80,57,22.36175345,381000,381000,23.2,15750,10869.09497,0.39,,,,
75,80,75,79.75271186,465000,171000,24.5,17500,13990.6257,0.08,,,,
75,80,72,68.61710395,438000,225000,24.1,17500,13990.6257,0.07,,,,
75,80,67,51.57236381,414000,330000,23.6,17500,13990.6257,0.08,,,,
75,80,62,36.22315701,384000,384000,23.1,17500,13813.50279,0.2,,,,
75,80,57,22.36175345,394000,394000,23.4,17500,13813.50279,0.44,,,,
85,80,75,79.75271186,409000,115000,26.6,14000,8485.22905,0.05,,,,
85,80,72,68.61710395,384000,159000,26.2,14000,8331.027933,0.05,,,,
85,80,67,51.57236381,351000,240000,25.7,14000,8331.027933,0.05,,,,
85,80,62,36.22315701,338000,323000,25.5,14000,8172.659218,0.11,,,,
85,80,57,22.36175345,333000,333000,25.5,14000,8172.659218,0.35,,,,
85,80,75,79.75271186,415000,123000,26.8,15750,11035.79888,0.06,,,,
85,80,72,68.61710395,391000,175000,26.3,15750,10869.09497,0.06,,,,
85,80,67,51.57236381,371000,276000,25.9,15750,10869.09497,0.07,,,,
85,80,62,36.22315701,349000,345000,25.7,15750,10702.39106,0.15,,,,
85,80,57,22.36175345,337000,337000,25.4,15750,10702.39106,0.4,,,,
85,80,75,79.75271186,420000,131000,26.9,17500,13990.6257,0.08,,,,
85,80,72,68.61710395,394000,185000,26.4,17500,13813.50279,0.07,,,,
85,80,67,51.57236381,378000,299000,26.1,17500,13813.50279,0.08,,,,
85,80,62,36.22315701,350000,350000,25.6,17500,13634.29609,0.21,,,,
85,80,57,22.36175345,358000,358000,25.9,17500,13813.50279,0.45,,,,
95,80,75,79.75271186,367000,78000,29.4,14000,8331.027933,0.05,,,,
95,80,72,68.61710395,342000,122000,28.9,14000,8172.659218,0.05,,,,
95,80,67,51.57236381,299000,193000,28.1,14000,8172.659218,0.05,,,,
95,80,62,36.22315701,304000,290000,28.4,14000,8172.659218,0.12,,,,
95,80,57,22.36175345,299000,299000,28.3,14000,8172.659218,0.36,,,,
95,80,75,79.75271186,371000,84000,29.5,15750,10869.09497,0.06,,,,
95,80,72,68.61710395,347000,135000,29,15750,10702.39106,0.06,,,,
95,80,67,51.57236381,313000,221000,28.4,15750,10702.39106,0.07,,,,
95,80,62,36.22315701,304000,301000,28.3,15750,10702.39106,0.17,,,,
95,80,57,22.36175345,303000,303000,28.2,15750,10702.39106,0.41,,,,
95,80,75,79.75271186,374000,91000,29.6,17500,13813.50279,0.08,,,,
95,80,72,68.61710395,351000,147000,29.1,17500,13813.50279,0.07,,,,
95,80,67,51.57236381,318000,242000,28.5,17500,13634.29609,0.08,,,,
95,80,62,36.22315701,316000,316000,28.4,17500,13634.29609,0.22,,,,
95,80,57,22.36175345,323000,323000,28.6,17500,13634.29609,0.46,,,,
105,80,75,79.75271186,320000,37000,32.5,14000,8172.659218,0.05,,,,
105,80,72,68.61710395,299000,85000,32,14000,8172.659218,0.05,,,,
105,80,67,51.57236381,291000,189000,31.9,14000,8172.659218,0.06,,,,
105,80,62,36.22315701,260000,247000,31.4,14000,8093.47486,0.13,,,,
105,80,57,22.36175345,254000,254000,31.3,14000,8093.47486,0.37,,,,
105,80,75,79.75271186,325000,44000,32.7,15750,10702.39106,0.07,,,,
105,80,72,68.61710395,302000,95000,32,15750,10702.39106,0.06,,,,
105,80,67,51.57236381,268000,182000,31.4,15750,10619.03911,0.07,,,,
105,80,62,36.22315701,278000,276000,31.8,15750,10619.03911,0.18,,,,
105,80,57,22.36175345,275000,275000,31.7,15750,10619.03911,0.42,,,,
105,80,75,79.75271186,328000,50000,32.8,17500,13634.29609,0.08,,,,
105,80,72,68.61710395,305000,107000,32.1,17500,13634.29609,0.07,,,,
105,80,67,51.57236381,262000,191000,31.3,17500,13544.69274,0.08,,,,
105,80,62,36.22315701,287000,287000,31.9,17500,13634.29609,0.24,,,,
105,80,57,22.36175345,281000,281000,31.7,17500,13634.29609,0.47,,,,
115,80,75,79.75271186,277000,0,36.2,14000,8093.47486,0.05,,,,
115,80,72,68.61710395,256000,48000,35.5,14000,8093.47486,0.05,,,,
115,80,67,51.57236381,227000,130000,34.9,14000,8093.47486,0.06,,,,
115,80,62,36.22315701,234000,222000,35.5,14000,8093.47486,0.15,,,,
115,80,57,22.36175345,229000,229000,35.5,14000,8093.47486,0.38,,,,
115,80,75,79.75271186,279000,4000,36.4,15750,10619.03911,0.07,,,,
115,80,72,68.61710395,257000,57000,35.6,15750,10619.03911,0.06,,,,
115,80,67,51.57236381,268000,188000,36.1,15750,10619.03911,0.07,,,,
115,80,62,36.22315701,238000,238000,35.5,15750,10619.03911,0.19,,,,
115,80,57,22.36175345,240000,240000,35.5,15750,10619.03911,0.44,,,,
115,80,75,79.75271186,278000,7000,36.5,17500,13544.69274,0.08,,,,
115,80,72,68.61710395,256000,64000,35.6,17500,13544.69274,0.07,,,,
115,80,67,51.57236381,270000,205000,36,17500,13544.69274,0.09,,,,
115,80,62,36.22315701,243000,243000,35.4,17500,13544.69274,0.26,,,,
115,80,57,22.36175345,249000,249000,35.6,17500,13544.69274,0.48,,,,
75,80,75,79.75271186,501000,189000,26.5,8000,3136.117318,0,,876,1051,
75,80,72,68.61710395,473000,214000,26.1,8000,2973.581006,0.07,,,,
75,80,67,51.57236381,429000,253000,25.7,8000,2973.581006,0.09,,,,
75,80,62,36.22315701,379000,281000,24.9,8000,2811.044693,0.09,,,,
75,80,57,22.36175345,352000,327000,25,8000,2811.044693,0.1,,,,
75,80,75,79.75271186,528000,202000,26.8,10000,4776.067039,0.07,,,,
75,80,72,68.61710395,499000,231000,26.4,10000,4592.692737,0.1,,,,
75,80,67,51.57236381,455000,281000,25.9,10000,4592.692737,0.11,,,,
75,80,62,36.22315701,403000,319000,25.2,10000,4592.692737,0.11,,,,
75,80,57,22.36175345,374000,368000,25.1,10000,4409.318436,0.14,,,,
75,80,75,79.75271186,549000,214000,27.1,12000,6957.804469,0.1,,,,
75,80,72,68.61710395,519000,249000,26.7,12000,6957.804469,0.12,,,,
75,80,67,51.57236381,474000,307000,26.2,12000,6753.592179,0.12,,,,
75,80,62,36.22315701,420000,352000,25.4,12000,6753.592179,0.13,,,,
75,80,57,22.36175345,387000,387000,25,12000,6549.379888,0.22,,,,
75,80,75,79.75271186,562000,224000,27.3,14000,9741.759777,0.12,,,,
75,80,72,68.61710395,534000,265000,26.9,14000,9741.759777,0.13,,,,
75,80,67,51.57236381,488000,331000,26.3,14000,9520.877095,0.14,,,,
75,80,62,36.22315701,446000,395000,26,14000,9520.877095,0.15,,,,
75,80,57,22.36175345,408000,408000,25.3,14000,9520.877095,0.3,,,,
85,80,75,79.75271186,478000,172000,29.4,8000,2973.581006,0,,,,
85,80,72,68.61710395,444000,190000,28.9,8000,2973.581006,0.07,,,,
85,80,67,51.57236381,410000,239000,28.9,8000,2973.581006,0.09,,,,
85,80,62,36.22315701,369000,276000,28.4,8000,2811.044693,0.09,,,,
85,80,57,22.36175345,330000,309000,27.9,8000,2648.50838,0.11,,,,
85,80,75,79.75271186,497000,177000,29.5,10000,4592.692737,0.07,,,,
85,80,72,68.61710395,477000,215000,29.4,10000,4592.692737,0.1,,,,
85,80,67,51.57236381,422000,253000,28.6,10000,4592.692737,0.11,,,,
85,80,62,36.22315701,382000,302000,28.2,10000,4409.318436,0.11,,,,
85,80,57,22.36175345,344000,338000,27.9,10000,4225.944134,0.16,,,,
85,80,75,79.75271186,523000,195000,30,12000,6957.804469,0.1,,,,
85,80,72,68.61710395,492000,229000,29.6,12000,6753.592179,0.12,,,,
85,80,67,51.57236381,440000,279000,28.9,12000,6753.592179,0.12,,,,
85,80,62,36.22315701,397000,334000,28.4,12000,6549.379888,0.13,,,,
85,80,57,22.36175345,363000,363000,28.1,12000,6549.379888,0.24,,,,
85,80,75,79.75271186,527000,196000,30.1,14000,9741.759777,0.12,,,,
85,80,72,68.61710395,498000,236000,29.7,14000,9520.877095,0.13,,,,
85,80,67,51.57236381,462000,311000,29.2,14000,9520.877095,0.14,,,,
85,80,62,36.22315701,424000,378000,29.1,14000,9520.877095,0.16,,,,
85,80,57,22.36175345,383000,383000,28.2,14000,9299.994413,0.32,,,,
95,80,75,79.75271186,442000,142000,32.6,8000,2973.581006,0.02,,,,
95,80,72,68.61710395,416000,168000,32.3,8000,2973.581006,0.07,,,,
95,80,67,51.57236381,375000,209000,31.9,8000,2811.044693,0.09,,,,
95,80,62,36.22315701,348000,259000,31.9,8000,2648.50838,0.09,,,,
95,80,57,22.36175345,310000,292000,31.6,8000,2648.50838,0.11,,,,
95,80,75,79.75271186,476000,164000,33.1,10000,4592.692737,0.08,,,,
95,80,72,68.61710395,451000,196000,32.9,10000,4592.692737,0.1,,,,
95,80,67,51.57236381,398000,235000,32.1,10000,4409.318436,0.11,,,,
95,80,62,36.22315701,358000,284000,31.7,10000,4409.318436,0.11,,,,
95,80,57,22.36175345,332000,326000,31.7,10000,4225.944134,0.18,,,,
95,80,75,79.75271186,484000,164000,33.1,12000,6753.592179,0.11,,,,
95,80,72,68.61710395,457000,201000,32.8,12000,6753.592179,0.12,,,,
95,80,67,51.57236381,426000,271000,32.6,12000,6753.592179,0.12,,,,
95,80,62,36.22315701,386000,328000,32.3,12000,6549.379888,0.13,,,,
95,80,57,22.36175345,344000,344000,31.7,12000,6345.167598,0.25,,,,
95,80,75,79.75271186,506000,184000,33.5,14000,9741.759777,0.13,,,,
95,80,72,68.61710395,480000,226000,33.2,14000,9520.877095,0.13,,,,
95,80,67,51.57236381,437000,293000,32.7,14000,9520.877095,0.14,,,,
95,80,62,36.22315701,395000,354000,32.3,14000,9299.994413,0.16,,,,
95,80,57,22.36175345,363000,363000,31.8,14000,9299.994413,0.33,,,,
105,80,75,79.75271186,415000,122000,36.6,8000,2973.581006,0.03,,,,
105,80,72,68.61710395,402000,160000,36.7,8000,2973.581006,0.08,,,,
105,80,67,51.57236381,363000,203000,36.4,8000,2811.044693,0.09,,,,
105,80,62,36.22315701,314000,231000,35.9,8000,2648.50838,0.09,,,,
105,80,57,22.36175345,288000,275000,35.9,8000,2648.50838,0.11,,,,
105,80,75,79.75271186,438000,133000,36.8,10000,4592.692737,0.08,,,,
105,80,72,68.61710395,413000,165000,36.6,10000,4592.692737,0.1,,,,
105,80,67,51.57236381,384000,227000,36.5,10000,4409.318436,0.11,,,,
105,80,62,36.22315701,347000,278000,36.4,10000,4225.944134,0.11,,,,
105,80,57,22.36175345,316000,311000,36.2,10000,4225.944134,0.19,,,,
105,80,75,79.75271186,464000,153000,37.2,12000,6753.592179,0.11,,,,
105,80,72,68.61710395,439000,190000,37,12000,6753.592179,0.12,,,,
105,80,67,51.57236381,400000,252000,36.7,12000,6549.379888,0.12,,,,
105,80,62,36.22315701,361000,309000,36.4,12000,6549.379888,0.14,,,,
105,80,57,22.36175345,325000,325000,36,12000,6345.167598,0.27,,,,
105,80,75,79.75271186,467000,153000,37.2,14000,9520.877095,0.13,,,,
105,80,72,68.61710395,449000,202000,37.1,14000,9520.877095,0.13,,,,
105,80,67,51.57236381,410000,274000,36.8,14000,9520.877095,0.14,,,,
105,80,62,36.22315701,374000,338000,36.5,14000,9299.994413,0.16,,,,
105,80,57,22.36175345,342000,342000,36.1,14000,9079.111732,0.34,,,,
115,80,75,79.75271186,388000,103000,41.2,8000,2811.044693,0.03,,,,
115,80,72,68.61710395,376000,141000,41.5,8000,2811.044693,0.08,,,,
115,80,67,51.57236381,339000,184000,41.4,8000,2648.50838,0.09,,,,
115,80,62,36.22315701,304000,226000,41.4,8000,2648.50838,0.09,,,,
115,80,57,22.36175345,273000,260000,41.5,8000,2567.240223,0.13,,,,
115,80,75,79.75271186,410000,113000,41.4,10000,4592.692737,0.08,,,,
115,80,72,68.61710395,394000,154000,41.5,10000,4409.318436,0.1,,,,
115,80,67,51.57236381,356000,207000,41.4,10000,4409.318436,0.1,,,,
115,80,62,36.22315701,311000,247000,40.9,10000,4225.944134,0.11,,,,
115,80,57,22.36175345,295000,291000,41.3,10000,4225.944134,0.21,,,,
115,80,75,79.75271186,433000,130000,41.8,12000,6753.592179,0.11,,,,
115,80,72,68.61710395,410000,169000,41.6,12000,6753.592179,0.12,,,,
115,80,67,51.57236381,371000,231000,41.4,12000,6549.379888,0.12,,,,
115,80,62,36.22315701,324000,277000,41,12000,6345.167598,0.14,,,,
115,80,57,22.36175345,303000,303000,40.9,12000,6345.167598,0.29,,,,
115,80,75,79.75271186,445000,140000,41.9,14000,9520.877095,0.13,,,,
115,80,72,68.61710395,421000,183000,41.7,14000,9520.877095,0.13,,,,
115,80,67,51.57236381,383000,254000,41.6,14000,9299.994413,0.14,,,,
115,80,62,36.22315701,334000,303000,41,14000,9079.111732,0.17,,,,
115,80,57,22.36175345,330000,330000,41.4,14000,9079.111732,0.36,,,,
75,80,75,79.75271186,568000,228000,27.4,16000,13192.53073,0.14,,,,
75,80,72,68.61710395,537000,272000,26.9,16000,13192.53073,0.15,,,,
75,80,67,51.57236381,490000,345000,26.3,16000,12954.97765,0.15,,,,
75,80,62,36.22315701,445000,410000,25.7,16000,12954.97765,0.18,,,,
75,80,57,22.36175345,416000,416000,25.4,16000,12954.97765,0.37,,,,
75,80,75,79.75271186,583000,243000,27.6,18000,17360.12849,0.15,,,,
75,80,72,68.61710395,553000,293000,27.2,18000,17360.12849,0.16,,,,
75,80,67,51.57236381,509000,377000,26.6,18000,17360.12849,0.17,,,,
75,80,62,36.22315701,465000,445000,26.1,18000,17105.90503,0.21,,,,
75,80,57,22.36175345,452000,452000,25.9,18000,17105.90503,0.42,,,,
75,80,75,79.75271186,591000,252000,27.7,20000,22313.31844,0.17,,,,
75,80,72,68.61710395,554000,300000,27.2,20000,22313.31844,0.18,,,,
75,80,67,51.57236381,516000,400000,26.8,20000,22313.31844,0.18,,,,
75,80,62,36.22315701,469000,465000,26,20000,22046.59218,0.24,,,,
75,80,57,22.36175345,464000,464000,26,20000,22046.59218,0.47,,,,
85,80,75,79.75271186,539000,206000,30.2,16000,13192.53073,0.14,,,,
85,80,72,68.61710395,509000,251000,29.8,16000,13192.53073,0.15,,,,
85,80,67,51.57236381,463000,325000,29.2,16000,12954.97765,0.15,,,,
85,80,62,36.22315701,421000,391000,28.7,16000,12954.97765,0.18,,,,
85,80,57,22.36175345,405000,405000,28.5,16000,12954.97765,0.38,,,,
85,80,75,79.75271186,553000,222000,30.5,18000,17360.12849,0.16,,,,
85,80,72,68.61710395,519000,266000,29.9,18000,17360.12849,0.16,,,,
85,80,67,51.57236381,469000,345000,29.2,18000,17105.90503,0.17,,,,
85,80,62,36.22315701,439000,422000,29.2,18000,17105.90503,0.22,,,,
85,80,57,22.36175345,433000,433000,29.1,18000,17105.90503,0.43,,,,
85,80,75,79.75271186,561000,231000,30.6,20000,22313.31844,0.17,,,,
85,80,72,68.61710395,531000,285000,30.1,20000,22313.31844,0.18,,,,
85,80,67,51.57236381,478000,368000,29.4,20000,22046.59218,0.18,,,,
85,80,62,36.22315701,46000,45000,29.2,20000,20854.65922,0.25,,,,
85,80,57,22.36175345,444000,444000,29.2,20000,22046.59218,0.48,,,,
95,80,75,79.75271186,515000,192000,33.6,16000,13192.53073,0.14,,,,
95,80,72,68.61710395,489000,239000,33.3,16000,12954.97765,0.15,,,,
95,80,67,51.57236381,448000,317000,32.9,16000,12954.97765,0.15,,,,
95,80,62,36.22315701,409000,384000,32.6,16000,12954.97765,0.19,,,,
95,80,57,22.36175345,394000,394000,32.4,16000,12717.42458,0.39,,,,
95,80,75,79.75271186,517000,194000,33.7,18000,17360.12849,0.16,,,,
95,80,72,68.61710395,488000,244000,33.2,18000,17105.90503,0.16,,,,
95,80,67,51.57236381,455000,338000,32.9,18000,17105.90503,0.17,,,,
95,80,62,36.22315701,404000,394000,32.2,18000,17105.90503,0.22,,,,
95,80,57,22.36175345,409000,409000,32.5,18000,17105.90503,0.44,,,,
95,80,75,79.75271186,525000,204000,33.8,20000,22313.31844,0.17,,,,
95,80,72,68.61710395,495000,257000,33.3,20000,22046.59218,0.18,,,,
95,80,67,51.57236381,449000,347000,32.7,20000,22046.59218,0.18,,,,
95,80,62,36.22315701,424000,423000,32.7,20000,22046.59218,0.26,,,,
95,80,57,22.36175345,425000,425000,32.9,20000,22046.59218,0.49,,,,
105,80,75,79.75271186,484000,169000,37.5,16000,12954.97765,0.14,,,,
105,80,72,68.61710395,460000,218000,37.2,16000,12954.97765,0.15,,,,
105,80,67,51.57236381,420000,297000,36.9,16000,12954.97765,0.15,,,,
105,80,62,36.22315701,369000,351000,36.2,16000,12717.42458,0.19,,,,
105,80,57,22.36175345,359000,359000,36.1,16000,12717.42458,0.41,,,,
105,80,75,79.75271186,488000,175000,37.5,18000,17105.90503,0.16,,,,
105,80,72,68.61710395,464000,229000,37.2,18000,17105.90503,0.16,,,,
105,80,67,51.57236381,426000,318000,37,18000,17105.90503,0.17,,,,
105,80,62,36.22315701,384000,374000,36.4,18000,16853.76536,0.24,,,,
105,80,57,22.36175345,385000,385000,36.6,18000,16853.76536,0.46,,,,
105,80,75,79.75271186,491000,179000,37.5,20000,22046.59218,0.17,,,,
105,80,72,68.61710395,471000,243000,37.3,20000,22046.59218,0.18,,,,
105,80,67,51.57236381,431000,337000,37,20000,22046.59218,0.18,,,,
105,80,62,36.22315701,399000,399000,36.8,20000,21779.86592,0.28,,,,
105,80,57,22.36175345,396000,396000,36.7,20000,21779.86592,0.5,,,,
115,80,75,79.75271186,445000,139000,41.8,16000,12954.97765,0.14,,,,
115,80,72,68.61710395,429000,195000,41.8,16000,12954.97765,0.15,,,,
115,80,67,51.57236381,390000,275000,41.6,16000,12717.42458,0.15,,,,
115,80,62,36.22315701,357000,339000,41.5,16000,12717.42458,0.21,,,,
115,80,57,22.36175345,335000,335000,40.9,16000,12479.87151,0.42,,,,
115,80,75,79.75271186,458000,153000,42,18000,17105.90503,0.16,,,,
115,80,72,68.61710395,435000,208000,41.8,18000,17105.90503,0.16,,,,
115,80,67,51.57236381,397000,296000,41.6,18000,16853.76536,0.17,,,,
115,80,62,36.22315701,365000,356000,41.5,18000,16853.76536,0.26,,,,
115,80,57,22.36175345,355000,355000,41.4,18000,16853.76536,0.47,,,,
115,80,75,79.75271186,464000,161000,42.1,20000,22046.59218,0.17,,,,
115,80,72,68.61710395,432000,212000,41.7,20000,22046.59218,0.18,,,,
115,80,67,51.57236381,401000,314000,41.7,20000,22046.59218,0.19,,,,
115,80,62,36.22315701,375000,375000,41.6,20000,21779.86592,0.29,,,,
115,80,57,22.36175345,366000,366000,41.4,20000,21779.86592,0.51,,,,
75,80,75,79.75271186,601000,218000,31.4,10000,4865.670391,0,,,1051,1226
75,80,72,68.61710395,568000,251000,30.8,10000,4865.670391,0.02,,,,
75,80,67,51.57236381,523000,311000,30.1,10000,4865.670391,0.03,,,,
75,80,62,36.22315701,479000,367000,29.5,10000,4678.128492,0.03,,,,
75,80,57,22.36175345,438000,418000,28.9,10000,4678.128492,0.05,,,,
75,80,75,79.75271186,624000,229000,31.9,12500,7745.480447,0.01,,,,
75,80,72,68.61710395,596000,274000,31.4,12500,7745.480447,0.04,,,,
75,80,67,51.57236381,547000,342000,30.5,12500,7745.480447,0.04,,,,
75,80,62,36.22315701,507000,416000,29.9,12500,7745.480447,0.05,,,,
75,80,57,22.36175345,471000,468000,29.4,12500,7532.932961,0.12,,,,
75,80,75,79.75271186,643000,241000,32.5,15000,11563,0.04,,,,
75,80,72,68.61710395,608000,287000,31.8,15000,11563,0.05,,,,
75,80,67,51.57236381,567000,377000,30.9,15000,11563,0.06,,,,
75,80,62,36.22315701,521000,455000,30.1,15000,11563,0.07,,,,
75,80,57,22.36175345,494000,494000,29.7,15000,11333.78212,0.21,,,,
75,80,75,79.75271186,651000,247000,32.6,17500,16528.69274,0.06,,,,
75,80,72,68.61710395,604000,289000,31.7,17500,16528.69274,0.07,,,,
75,80,67,51.57236381,582000,410000,31.2,17500,16528.69274,0.07,,,,
75,80,62,36.22315701,542000,501000,30.4,17500,16528.69274,0.09,,,,
75,80,57,22.36175345,524000,524000,30.1,17500,16528.69274,0.3,,,,
85,80,75,79.75271186,567000,192000,34.6,10000,4865.670391,0,,,,
85,80,72,68.61710395,541000,230000,34.2,10000,4865.670391,0.02,,,,
85,80,67,51.57236381,498000,291000,33.5,10000,4678.128492,0.03,,,,
85,80,62,36.22315701,455000,348000,32.8,10000,4678.128492,0.03,,,,
85,80,57,22.36175345,417000,399000,32.3,10000,4678.128492,0.06,,,,
85,80,75,79.75271186,596000,209000,35.2,12500,7745.480447,0.02,,,,
85,80,72,68.61710395,570000,254000,34.7,12500,7745.480447,0.04,,,,
85,80,67,51.57236381,522000,324000,33.9,12500,7745.480447,0.04,,,,
85,80,62,36.22315701,481000,396000,33.2,12500,7532.932961,0.05,,,,
85,80,57,22.36175345,449000,446000,32.8,12500,7532.932961,0.14,,,,
85,80,75,79.75271186,620000,429000,35.8,15000,11563,0.04,,,,
85,80,72,68.61710395,586000,272000,35,15000,11563,0.05,,,,
85,80,67,51.57236381,540000,356000,34.2,15000,11563,0.06,,,,
85,80,62,36.22315701,495000,434000,33.4,15000,11333.78212,0.07,,,,
85,80,57,22.36175345,472000,472000,33.1,15000,11333.78212,0.23,,,,
85,80,75,79.75271186,610000,428000,35.6,17500,16528.69274,0.06,,,,
85,80,72,68.61710395,599000,426000,35.5,17500,16528.69274,0.07,,,,
85,80,67,51.57236381,554000,414000,34.5,17500,16528.69274,0.07,,,,
85,80,62,36.22315701,510000,474000,33.7,17500,16528.69274,0.1,,,,
85,80,57,22.36175345,496000,496000,33.4,17500,16278.63687,0.31,,,,
95,80,75,79.75271186,540000,172000,38.6,10000,4865.670391,0,,,,
95,80,72,68.61710395,513000,209000,38.1,10000,4865.670391,0.02,,,,
95,80,67,51.57236381,469000,268000,37.3,10000,4678.128492,0.03,,,,
95,80,62,36.22315701,428000,326000,36.7,10000,4678.128492,0.03,,,,
95,80,57,22.36175345,395000,380000,36.4,10000,4492.670391,0.07,,,,
95,80,75,79.75271186,565000,185000,39.1,12500,7745.480447,0.02,,,,
95,80,72,68.61710395,497000,189000,38,12500,7532.932961,0.04,,,,
95,80,67,51.57236381,495000,304000,37.8,12500,7532.932961,0.04,,,,
95,80,62,36.22315701,454000,375000,37.1,12500,7532.932961,0.05,,,,
95,80,57,22.36175345,426000,426000,36.7,12500,7532.932961,0.14,,,,
95,80,75,79.75271186,565000,180000,39.2,15000,11563,0.05,,,,
95,80,72,68.61710395,555000,250000,38.9,15000,11563,0.05,,,,
95,80,67,51.57236381,512000,336000,38.1,15000,11563,0.06,,,,
95,80,62,36.22315701,470000,415000,37.3,15000,11333.78212,0.07,,,,
95,80,57,22.36175345,452000,452000,37,15000,11333.78212,0.24,,,,
95,80,75,79.75271186,591000,205000,39.7,17500,16528.69274,0.06,,,,
95,80,72,68.61710395,568000,269000,39,17500,16528.69274,0.07,,,,
95,80,67,51.57236381,524000,367000,38.3,17500,16528.69274,0.07,,,,
95,80,62,36.22315701,482000,451000,37.6,17500,16278.63687,0.1,,,,
95,80,57,22.36175345,477000,477000,37.5,17500,16278.63687,0.32,,,,
105,80,75,79.75271186,512000,153000,43.2,10000,4865.670391,0,,,,
105,80,72,68.61710395,484000,189000,42.7,10000,4678.128492,0.02,,,,
105,80,67,51.57236381,444000,250000,42.1,10000,4678.128492,0.03,,,,
105,80,62,36.22315701,405000,309000,41.6,10000,4678.128492,0.03,,,,
105,80,57,22.36175345,378000,364000,41.5,10000,4492.670391,0.08,,,,
105,80,75,79.75271186,533000,163000,43.6,12500,7745.480447,0.02,,,,
105,80,72,68.61710395,506000,207000,43,12500,7745.480447,0.04,,,,
105,80,67,51.57236381,465000,281000,42.4,12500,7532.932961,0.04,,,,
105,80,62,36.22315701,424000,352000,41.8,12500,7532.932961,0.05,,,,
105,80,57,22.36175345,400000,400000,41.5,12500,7322.469274,0.16,,,,
105,80,75,79.75271186,548000,174000,43.9,15000,11563,0.05,,,,
105,80,72,68.61710395,523000,227000,43.3,15000,11563,0.05,,,,
105,80,67,51.57236381,482000,315000,42.6,15000,11333.78212,0.06,,,,
105,80,62,36.22315701,440000,392000,42,15000,11333.78212,0.08,,,,
105,80,57,22.36175345,423000,423000,41.7,15000,11333.78212,0.26,,,,
105,80,75,79.75271186,524000,149000,43.6,17500,16528.69274,0.07,,,,
105,80,72,68.61710395,535000,246000,43.6,17500,16528.69274,0.07,,,,
105,80,67,51.57236381,494000,346000,42.8,17500,16278.63687,0.07,,,,
105,80,62,36.22315701,455000,430000,42.2,17500,16278.63687,0.11,,,,
105,80,57,22.36175345,445000,445000,42,17500,16278.63687,0.34,,,,
115,80,75,79.75271186,477000,127000,48.5,10000,4678.128492,0,,,,
115,80,72,68.61710395,454000,167000,48.1,10000,4678.128492,0.02,,,,
115,80,67,51.57236381,421000,236000,47.8,10000,4678.128492,0.03,,,,
115,80,62,36.22315701,385000,296000,47.5,10000,4492.670391,0.04,,,,
115,80,57,22.36175345,350000,337000,47.2,10000,4309.296089,0.1,,,,
115,80,75,79.75271186,500000,139000,48.9,12500,7532.932961,0.03,,,,
115,80,72,68.61710395,474000,184000,48.4,12500,7532.932961,0.04,,,,
115,80,67,51.57236381,432000,257000,47.8,12500,7532.932961,0.04,,,,
115,80,62,36.22315701,398000,332000,47.5,12500,7322.469274,0.05,,,,
115,80,57,22.36175345,377000,377000,47.3,12500,7322.469274,0.18,,,,
115,80,75,79.75271186,515000,150000,49.2,15000,11563,0.05,,,,
115,80,72,68.61710395,489000,203000,48.7,15000,11333.78212,0.05,,,,
115,80,67,51.57236381,450000,292000,48,15000,11333.78212,0.06,,,,
115,80,62,36.22315701,413000,372000,47.6,15000,11333.78212,0.08,,,,
115,80,57,22.36175345,401000,401000,47.4,15000,11333.78212,0.28,,,,
115,80,75,79.75271186,533000,168000,49.5,17500,16528.69274,0.07,,,,
115,80,72,68.61710395,502000,223000,48.9,17500,16528.69274,0.07,,,,
115,80,67,51.57236381,459000,320000,48.1,17500,16278.63687,0.07,,,,
115,80,62,36.22315701,427000,404000,47.7,17500,16278.63687,0.13,,,,
115,80,57,22.36175345,421000,421000,47.6,17500,16278.63687,0.35,,,,
75,80,75,79.75271186,657000,255000,32.7,20000,22669.64804,0.08,,,,
75,80,72,68.61710395,628000,320000,32.2,20000,22669.64804,0.08,,,,
75,80,67,51.57236381,564000,412000,31,20000,22669.64804,0.08,,,,
75,80,62,36.22315701,549000,530000,30.6,20000,22669.64804,0.13,,,,
75,80,57,22.36175345,544000,544000,30.5,20000,22669.64804,0.36,,,,
75,80,75,79.75271186,666000,267000,32.9,22500,22669.64804,0.1,,,,
75,80,72,68.61710395,640000,343000,32.4,22500,22669.64804,0.1,,,,
75,80,67,51.57236381,592000,460000,31.5,22500,22669.64804,0.1,,,,
75,80,62,36.22315701,561000,557000,30.8,22500,22669.64804,0.18,,,,
75,80,57,22.36175345,559000,559000,30.7,22500,22669.64804,0.42,,,,
75,80,75,79.75271186,671000,276000,33,25000,22669.64804,0.11,,,,
75,80,72,68.61710395,646000,360000,32.5,25000,22669.64804,0.11,,,,
75,80,67,51.57236381,604000,493000,31.8,25000,22669.64804,0.11,,,,
75,80,62,36.22315701,575000,575000,31,25000,22669.64804,0.23,,,,
75,80,57,22.36175345,574000,574000,31,25000,22669.64804,0.46,,,,
85,80,75,79.75271186,613000,428000,35.7,20000,22669.64804,0.08,,,,
85,80,72,68.61710395,586000,422000,35.2,20000,22669.64804,0.08,,,,
85,80,67,51.57236381,527000,409000,34.1,20000,22669.64804,0.08,,,,
85,80,62,36.22315701,523000,407000,33.9,20000,22669.64804,0.13,,,,
85,80,57,22.36175345,517000,406000,33.8,20000,22669.64804,0.37,,,,
85,80,75,79.75271186,641000,437000,36.4,22500,22669.64804,0.1,,,,
85,80,72,68.61710395,614000,430000,35.8,22500,22669.64804,0.1,,,,
85,80,67,51.57236381,573000,418000,34.8,22500,22669.64804,0.1,,,,
85,80,62,36.22315701,536000,409000,34.1,22500,22669.64804,0.19,,,,
85,80,57,22.36175345,532000,409000,34.1,22500,22669.64804,0.43,,,,
85,80,75,79.75271186,630000,433000,36.1,25000,22669.64804,0.11,,,,
85,80,72,68.61710395,620000,430000,35.8,25000,22669.64804,0.11,,,,
85,80,67,51.57236381,568000,416000,34.7,25000,22669.64804,0.12,,,,
85,80,62,36.22315701,553000,553000,34.4,25000,22669.64804,0.25,,,,
85,80,57,22.36175345,552000,552000,34.4,25000,22669.64804,0.47,,,,
95,80,75,79.75271186,608000,224000,39.9,20000,22669.64804,0.08,,,,
95,80,72,68.61710395,579000,289000,39.3,20000,22669.64804,0.08,,,,
95,80,67,51.57236381,534000,397000,38.5,20000,22669.64804,0.09,,,,
95,80,62,36.22315701,499000,486000,37.8,20000,22398.75419,0.15,,,,
95,80,57,22.36175345,494000,494000,37.7,20000,22398.75419,0.39,,,,
95,80,75,79.75271186,615000,236000,40,22500,22669.64804,0.1,,,,
95,80,72,68.61710395,588000,309000,39.5,22500,22669.64804,0.1,,,,
95,80,67,51.57236381,535000,419000,38.5,22500,22669.64804,0.1,,,,
95,80,62,36.22315701,508000,505000,38,22500,22669.64804,0.2,,,,
95,80,57,22.36175345,506000,506000,38,22500,22669.64804,0.44,,,,
95,80,75,79.75271186,599000,222000,39.9,25000,22669.64804,0.11,,,,
95,80,72,68.61710395,598000,329000,39.7,25000,22669.64804,0.11,,,,
95,80,67,51.57236381,549000,454000,38.8,25000,22669.64804,0.12,,,,
95,80,62,36.22315701,520000,520000,38.2,25000,22669.64804,0.26,,,,
95,80,57,22.36175345,524000,524000,38.2,25000,22669.64804,0.48,,,,
105,80,75,79.75271186,568000,194000,44.3,20000,22669.64804,0.08,,,,
105,80,72,68.61710395,517000,237000,43.3,20000,22669.64804,0.08,,,,
105,80,67,51.57236381,501000,374000,42.9,20000,22669.64804,0.09,,,,
105,80,62,36.22315701,473000,461000,42.4,20000,22398.75419,0.16,,,,
105,80,57,22.36175345,462000,462000,42.2,20000,22398.75419,0.4,,,,
105,80,75,79.75271186,579000,210000,44.5,22500,22669.64804,0.1,,,,
105,80,72,68.61710395,553000,284000,43.9,22500,22669.64804,0.1,,,,
105,80,67,51.57236381,509000,402000,43,22500,22669.64804,0.1,,,,
105,80,62,36.22315701,478000,478000,42.5,22500,22398.75419,0.21,,,,
105,80,57,22.36175345,476000,476000,42.5,22500,22398.75419,0.45,,,,
105,80,75,79.75271186,562000,198000,44.3,25000,22669.64804,0.11,,,,
105,80,72,68.61710395,548000,292000,43.9,25000,22669.64804,0.11,,,,
105,80,67,51.57236381,516000,430000,43.2,25000,22669.64804,0.12,,,,
105,80,62,36.22315701,494000,494000,42.7,25000,22398.75419,0.28,,,,
105,80,57,22.36175345,494000,494000,42.7,25000,22398.75419,0.49,,,,
115,80,75,79.75271186,496000,134000,49,20000,22398.75419,0.08,,,,
115,80,72,68.61710395,481000,211000,48.5,20000,22398.75419,0.08,,,,
115,80,67,51.57236381,469000,350000,48.2,20000,22398.75419,0.09,,,,
115,80,62,36.22315701,443000,432000,47.8,20000,22398.75419,0.18,,,,
115,80,57,22.36175345,439000,439000,47.7,20000,22398.75419,0.41,,,,
115,80,75,79.75271186,514000,155000,49.3,22500,22669.64804,0.1,,,,
115,80,72,68.61710395,490000,204000,48.7,22500,22398.75419,0.1,,,,
115,80,67,51.57236381,476000,378000,48.3,22500,22398.75419,0.11,,,,
115,80,62,36.22315701,452000,452000,47.9,22500,22398.75419,0.23,,,,
115,80,57,22.36175345,452000,452000,47.9,22500,22398.75419,0.46,,,,
115,80,75,79.75271186,533000,179000,49.5,25000,22669.64804,0.11,,,,
115,80,72,68.61710395,506000,231000,48.9,25000,22669.64804,0.11,,,,
115,80,67,51.57236381,482000,404000,48.4,25000,22398.75419,0.13,,,,
115,80,62,36.22315701,461000,461000,48,25000,22398.75419,0.29,,,,
115,80,57,22.36175345,462000,462000,48.1,25000,22398.75419,0.51,,,,
75,80,75,79.75271186,708000,253000,39.7,12000,4953.189944,0,,,1226,1401
75,80,72,68.61710395,671000,294000,39,12000,4953.189944,0.03,,,,
75,80,67,51.57236381,616000,361000,38,12000,4953.189944,0.06,,,,
75,80,62,36.22315701,563000,425000,37.1,12000,4953.189944,0.07,,,,
75,80,57,22.36175345,513000,483000,36.2,12000,4953.189944,0.08,,,,
75,80,75,79.75271186,742000,271000,40.4,15000,7428.743017,0.01,,,,
75,80,72,68.61710395,706000,320000,39.7,15000,7428.743017,0.07,,,,
75,80,67,51.57236381,649000,400000,38.6,15000,7428.743017,0.08,,,,
75,80,62,36.22315701,596000,481000,37.7,15000,7428.743017,0.09,,,,
75,80,57,22.36175345,549000,542000,36.9,15000,7428.743017,0.15,,,,
75,80,75,79.75271186,767000,288000,40.8,18000,10712.81006,0.05,,,,
75,80,72,68.61710395,732000,346000,40.2,18000,10712.81006,0.09,,,,
75,80,67,51.57236381,675000,441000,39.1,18000,10712.81006,0.1,,,,
75,80,62,36.22315701,620000,531000,38,18000,10712.81006,0.11,,,,
75,80,57,22.36175345,583000,583000,37.4,18000,10712.81006,0.23,,,,
75,80,75,79.75271186,787000,303000,41.2,21000,14922.0838,0.08,,,,
75,80,72,68.61710395,751000,368000,40.5,21000,14922.0838,0.11,,,,
75,80,67,51.57236381,693000,477000,39.4,21000,14922.0838,0.12,,,,
75,80,62,36.22315701,639000,578000,38.4,21000,14922.0838,0.14,,,,
75,80,57,22.36175345,613000,613000,38,21000,14922.0838,0.31,,,,
85,80,75,79.75271186,676000,229000,43.8,12000,4953.189944,0,,,,
85,80,72,68.61710395,642000,272000,43.1,12000,4953.189944,0.04,,,,
85,80,67,51.57236381,588000,340000,42.1,12000,4953.189944,0.06,,,,
85,80,62,36.22315701,539000,406000,41.2,12000,4953.189944,0.07,,,,
85,80,57,22.36175345,492000,466000,40.4,12000,4657.290503,0.09,,,,
85,80,75,79.75271186,709000,247000,44.4,15000,7428.743017,0.02,,,,
85,80,72,68.61710395,675000,297000,43.7,15000,7428.743017,0.07,,,,
85,80,67,51.57236381,620000,379000,42.7,15000,7428.743017,0.08,,,,
85,80,62,36.22315701,568000,459000,41.7,15000,7428.743017,0.09,,,,
85,80,57,22.36175345,525000,519000,41,15000,7428.743017,0.16,,,,
85,80,75,79.75271186,730000,260000,44.9,18000,10712.81006,0.06,,,,
85,80,72,68.61710395,697000,320000,44.2,18000,10712.81006,0.09,,,,
85,80,67,51.57236381,643000,416000,43.1,18000,10712.81006,0.1,,,,
85,80,62,36.22315701,590000,508000,42.1,18000,10712.81006,0.11,,,,
85,80,57,22.36175345,556000,556000,41.5,18000,10712.81006,0.24,,,,
85,80,75,79.75271186,748000,275000,45.2,21000,14922.0838,0.09,,,,
85,80,72,68.61710395,714000,341000,44.5,21000,14922.0838,0.11,,,,
85,80,67,51.57236381,660000,452000,43.5,21000,14922.0838,0.12,,,,
85,80,62,36.22315701,607000,552000,42.4,21000,14922.0838,0.14,,,,
85,80,57,22.36175345,585000,585000,42,21000,14922.0838,0.32,,,,
95,80,75,79.75271186,643000,205000,48.4,12000,4953.189944,0,,,,
95,80,72,68.61710395,608000,245000,47.7,12000,4953.189944,0.04,,,,
95,80,67,51.57236381,559000,317000,46.7,12000,4953.189944,0.06,,,,
95,80,62,36.22315701,511000,384000,45.8,12000,4953.189944,0.07,,,,
95,80,57,22.36175345,464000,445000,45,12000,4657.290503,0.08,,,,
95,80,75,79.75271186,674000,220000,49,15000,7428.743017,0.02,,,,
95,80,72,68.61710395,641000,271000,48.3,15000,7428.743017,0.07,,,,
95,80,67,51.57236381,589000,356000,47.3,15000,7428.743017,0.08,,,,
95,80,62,36.22315701,539000,437000,46.3,15000,7428.743017,0.09,,,,
95,80,57,22.36175345,500000,494000,45.6,15000,7099.502793,0.17,,,,
95,80,75,79.75271186,695000,235000,49.5,18000,10712.81006,0.06,,,,
95,80,72,68.61710395,663000,294000,48.8,18000,10712.81006,0.09,,,,
95,80,67,51.57236381,610000,392000,47.7,18000,10712.81006,0.1,,,,
95,80,62,36.22315701,560000,485000,46.7,18000,10712.81006,0.11,,,,
95,80,57,22.36175345,531000,531000,46.2,18000,10712.81006,0.26,,,,
95,80,75,79.75271186,711000,249000,49.8,21000,14922.0838,0.09,,,,
95,80,72,68.61710395,679000,316000,49.1,21000,14922.0838,0.11,,,,
95,80,67,51.57236381,626000,427000,48,21000,14922.0838,0.12,,,,
95,80,62,36.22315701,576000,528000,47,21000,14922.0838,0.14,,,,
95,80,57,22.36175345,556000,556000,46.6,21000,14922.0838,0.33,,,,
105,80,75,79.75271186,609000,179000,53.6,12000,4953.189944,0,,,,
105,80,72,68.61710395,574000,220000,52.8,12000,4953.189944,0.04,,,,
105,80,67,51.57236381,528000,294000,51.9,12000,4953.189944,0.06,,,,
105,80,62,36.22315701,481000,362000,51,12000,4657.290503,0.07,,,,
105,80,57,22.36175345,439000,420000,50.2,12000,4657.290503,0.1,,,,
105,80,75,79.75271186,636000,193000,54.2,15000,7428.743017,0.03,,,,
105,80,72,68.61710395,606000,245000,53.5,15000,7428.743017,0.07,,,,
105,80,67,51.57236381,556000,331000,52.5,15000,7428.743017,0.08,,,,
105,80,62,36.22315701,508000,413000,51.5,15000,7428.743017,0.09,,,,
105,80,57,22.36175345,473000,469000,50.8,15000,7099.502793,0.18,,,,
105,80,75,79.75271186,654000,205000,54.6,18000,10712.81006,0.07,,,,
105,80,72,68.61710395,625000,267000,54,18000,10712.81006,0.09,,,,
105,80,67,51.57236381,575000,366000,52.9,18000,10712.81006,0.1,,,,
105,80,62,36.22315701,527000,459000,51.9,18000,10712.81006,0.11,,,,
105,80,57,22.36175345,501000,501000,51.4,18000,10712.81006,0.27,,,,
105,80,75,79.75271186,671000,219000,55,21000,14922.0838,0.09,,,,
105,80,72,68.61710395,640000,288000,54.3,21000,14922.0838,0.11,,,,
105,80,67,51.57236381,590000,401000,53.2,21000,14922.0838,0.11,,,,
105,80,62,36.22315701,543000,501000,52.2,21000,14922.0838,0.15,,,,
105,80,57,22.36175345,526000,526000,51.9,21000,14922.0838,0.35,,,,
115,80,75,79.75271186,571000,153000,59.4,12000,4953.189944,0.01,,,,
115,80,72,68.61710395,538000,193000,58.7,12000,4953.189944,0.05,,,,
115,80,67,51.57236381,494000,268000,57.8,12000,4657.290503,0.06,,,,
115,80,62,36.22315701,450000,338000,56.9,12000,4657.290503,0.07,,,,
115,80,57,22.36175345,413000,395000,56.1,12000,4657.290503,0.12,,,,
115,80,75,79.75271186,594000,162000,59.9,15000,7428.743017,0.04,,,,
115,80,72,68.61710395,566000,217000,59.3,15000,7428.743017,0.07,,,,
115,80,67,51.57236381,519000,304000,58.3,15000,7428.743017,0.08,,,,
115,80,62,36.22315701,474000,387000,57.4,15000,7099.502793,0.09,,,,
115,80,57,22.36175345,443000,443000,56.7,15000,7099.502793,0.19,,,,
115,80,75,79.75271186,614000,177000,60.4,18000,10712.81006,0.07,,,,
115,80,72,68.61710395,585000,238000,59.7,18000,10712.81006,0.09,,,,
115,80,67,51.57236381,538000,339000,58.7,18000,10712.81006,0.1,,,,
115,80,62,36.22315701,492000,433000,57.7,18000,10350.22905,0.12,,,,
115,80,57,22.36175345,470000,470000,57.3,18000,10350.22905,0.29,,,,
115,80,75,79.75271186,628000,189000,60.7,21000,14922.0838,0.09,,,,
115,80,72,68.61710395,599000,259000,60,21000,14922.0838,0.11,,,,
115,80,67,51.57236381,551000,373000,59,21000,14922.0838,0.11,,,,
115,80,62,36.22315701,506000,472000,58,21000,14922.0838,0.15,,,,
115,80,57,22.36175345,494000,494000,57.8,21000,14526.16201,0.36,,,,
75,80,75,79.75271186,804000,320000,41.5,24000,20125.32961,0.11,,,,
75,80,72,68.61710395,768000,392000,40.9,24000,20125.32961,0.13,,,,
75,80,67,51.57236381,708000,512000,39.7,24000,20125.32961,0.13,,,,
75,80,62,36.22315701,654000,618000,38.7,24000,20125.32961,0.17,,,,
75,80,57,22.36175345,637000,637000,38.4,24000,20125.32961,0.38,,,,
75,80,75,79.75271186,814000,332000,41.8,27000,26420.48603,0.12,,,,
75,80,72,68.61710395,779000,413000,41.1,27000,26420.48603,0.14,,,,
75,80,67,51.57236381,720000,546000,39.9,27000,26420.48603,0.15,,,,
75,80,62,36.22315701,665000,652000,38.9,27000,26420.48603,0.2,,,,
75,80,57,22.36175345,657000,657000,38.8,27000,26420.48603,0.43,,,,
75,80,75,79.75271186,825000,346000,42,30000,26420.48603,0.14,,,,
75,80,72,68.61710395,789000,434000,41.3,30000,26420.48603,0.16,,,,
75,80,67,51.57236381,729000,578000,40.1,30000,26420.48603,0.16,,,,
75,80,62,36.22315701,678000,678000,39.2,30000,26420.48603,0.24,,,,
75,80,57,22.36175345,674000,674000,39.1,30000,26420.48603,0.47,,,,
85,80,75,79.75271186,761000,289000,45.5,24000,20125.32961,0.11,,,,
85,80,72,68.61710395,729000,364000,44.8,24000,20125.32961,0.13,,,,
85,80,67,51.57236381,674000,487000,43.7,24000,20125.32961,0.13,,,,
85,80,62,36.22315701,621000,591000,42.7,24000,20125.32961,0.17,,,,
85,80,57,22.36175345,607000,607000,42.5,24000,20125.32961,0.39,,,,
85,80,75,79.75271186,772000,302000,45.7,27000,26420.48603,0.13,,,,
85,80,72,68.61710395,740000,385000,45.1,27000,26420.48603,0.14,,,,
85,80,67,51.57236381,684000,520000,43.9,27000,26420.48603,0.15,,,,
85,80,62,36.22315701,634000,621000,43,27000,26420.48603,0.21,,,,
85,80,57,22.36175345,627000,627000,42.8,27000,26420.48603,0.44,,,,
85,80,75,79.75271186,783000,317000,46,30000,26420.48603,0.14,,,,
85,80,72,68.61710395,749000,406000,45.3,30000,26420.48603,0.16,,,,
85,80,67,51.57236381,693000,552000,44.1,30000,26420.48603,0.16,,,,
85,80,62,36.22315701,647000,647000,43.2,30000,26420.48603,0.26,,,,
85,80,57,22.36175345,646000,646000,43.2,30000,26420.48603,0.48,,,,
95,80,75,79.75271186,722000,260000,50.1,24000,20125.32961,0.11,,,,
95,80,72,68.61710395,691000,337000,49.4,24000,20125.32961,0.13,,,,
95,80,67,51.57236381,639000,461000,48.3,24000,20125.32961,0.13,,,,
95,80,62,36.22315701,589000,565000,47.3,24000,20125.32961,0.17,,,,
95,80,57,22.36175345,578000,578000,47.1,24000,20125.32961,0.4,,,,
95,80,75,79.75271186,734000,275000,50.3,27000,26420.48603,0.13,,,,
95,80,72,68.61710395,702000,358000,49.6,27000,26420.48603,0.14,,,,
95,80,67,51.57236381,647000,492000,48.5,27000,26420.48603,0.15,,,,
95,80,62,36.22315701,599000,588000,47.5,27000,26420.48603,0.23,,,,
95,80,57,22.36175345,597000,597000,47.4,27000,26420.48603,0.45,,,,
95,80,75,79.75271186,742000,287000,50.5,30000,26420.48603,0.14,,,,
95,80,72,68.61710395,709000,377000,49.8,30000,26420.48603,0.15,,,,
95,80,67,51.57236381,656000,524000,48.6,30000,26420.48603,0.16,,,,
95,80,62,36.22315701,612000,612000,47.7,30000,26420.48603,0.27,,,,
95,80,57,22.36175345,613000,613000,47.8,30000,26420.48603,0.49,,,,
105,80,75,79.75271186,682000,232000,55.3,24000,20125.32961,0.11,,,,
105,80,72,68.61710395,651000,308000,54.5,24000,20125.32961,0.12,,,,
105,80,67,51.57236381,601000,434000,53.4,24000,20125.32961,0.13,,,,
105,80,62,36.22315701,556000,533000,52.5,24000,20125.32961,0.19,,,,
105,80,57,22.36175345,547000,547000,52.3,24000,20125.32961,0.41,,,,
105,80,75,79.75271186,692000,245000,55.5,27000,26420.48603,0.13,,,,
105,80,72,68.61710395,661000,328000,54.8,27000,26420.48603,0.14,,,,
105,80,67,51.57236381,608000,464000,53.6,27000,26420.48603,0.15,,,,
105,80,62,36.22315701,569000,559000,52.7,27000,26420.48603,0.24,,,,
105,80,57,22.36175345,565000,565000,52.7,27000,26420.48603,0.46,,,,
105,80,75,79.75271186,700000,258000,55.7,30000,26420.48603,0.14,,,,
105,80,72,68.61710395,669000,349000,54.9,30000,26420.48603,0.15,,,,
105,80,67,51.57236381,618000,496000,53.8,30000,26420.48603,0.16,,,,
105,80,62,36.22315701,582000,582000,53,30000,26420.48603,0.29,,,,
105,80,57,22.36175345,580000,580000,53,30000,26420.48603,0.5,,,,
115,80,75,79.75271186,639000,202000,61,24000,20125.32961,0.11,,,,
115,80,72,68.61710395,610000,279000,60.3,24000,20125.32961,0.12,,,,
115,80,67,51.57236381,562000,406000,59.2,24000,20125.32961,0.13,,,,
115,80,62,36.22315701,521000,501000,58.3,24000,20125.32961,0.21,,,,
115,80,57,22.36175345,514000,514000,58.2,24000,20125.32961,0.42,,,,
115,80,75,79.75271186,647000,214000,61.2,27000,26420.48603,0.13,,,,
115,80,72,68.61710395,618000,299000,60.5,27000,26420.48603,0.14,,,,
115,80,67,51.57236381,570000,437000,59.4,27000,26420.48603,0.15,,,,
115,80,62,36.22315701,535000,527000,58.6,27000,26420.48603,0.25,,,,
115,80,57,22.36175345,531000,531000,58.5,27000,26420.48603,0.47,,,,
115,80,75,79.75271186,655000,226000,61.4,30000,26420.48603,0.14,,,,
115,80,72,68.61710395,625000,318000,60.7,30000,26420.48603,0.15,,,,
115,80,67,51.57236381,575000,464000,59.5,30000,26420.48603,0.17,,,,
115,80,62,36.22315701,546000,546000,58.8,30000,26420.48603,0.3,,,,
115,80,57,22.36175345,545000,545000,58.8,30000,26420.48603,0.51,,,,
