,OADB,IDB,IWB,RH,Capacity,Sensible Capacity,TotalPower,airflow,Out DB
0,65,70,59,52.72176242,35794,18970.82,2091,900,50.28
1,65,70,59,52.72176242,36592,24150.72,2118,1160,52.34
2,65,70,59,52.72176242,37361,26152.7,2132,1350,53.47
3,65,75,59,38.62936875,35815,23637.9,2089,900,51.47
4,65,75,59,38.62936875,36613,28924.27,2116,1160,53.53
5,65,75,59,38.62936875,37382,30653.24,2130,1350,54.66
6,65,70,63,68.68656767,36304,16336.8,2089,900,52.01
7,65,70,63,68.68656767,37102,21519.16,2116,1160,54.07
8,65,70,63,68.68656767,37871,23480.02,2130,1350,55.2
9,65,75,63,52.11286489,36325,21068.5,2087,900,53.2
10,65,75,63,52.11286489,37123,26357.33,2114,1160,55.26
11,65,75,63,52.11286489,37892,28419,2128,1350,56.39
12,65,70,67,86.01665326,37383,11962.56,2085,900,55.24
13,65,70,67,86.01665326,38181,17181.45,2111,1160,57.3
14,65,70,67,86.01665326,38950,19085.5,2126,1350,58.43
15,65,75,67,66.74944445,37404,16831.8,2083,900,56.43
16,65,75,67,66.74944445,38202,22157.16,2109,1160,58.49
17,65,75,67,66.74944445,38971,24162.02,2124,1350,59.62
18,65,70,71,104.8621296,,,,900,
19,65,70,71,104.8621296,,,,1160,
20,65,70,71,104.8621296,,,,1350,
21,65,75,71,82.66588712,39052,12106.12,2103,900,59.78
22,65,75,71,82.66588712,39850,17534,2129,1160,61.84
23,65,75,71,82.66588712,40619,19090.93,2144,1350,62.97
24,75,70,59,52.72176242,35471,19154.34,2350,900,50.33
25,75,70,59,52.72176242,36268,23936.88,2377,1160,52.38
26,75,70,59,52.72176242,37037,25925.9,2391,1350,53.52
27,75,75,59,38.62936875,35492,23424.72,2349,900,51.52
28,75,75,59,38.62936875,36289,28668.31,2375,1160,53.58
29,75,75,59,38.62936875,37059,30758.97,2390,1350,54.71
30,75,70,63,68.68656767,35981,16551.26,2348,900,52.06
31,75,70,63,68.68656767,36778,21699.02,2375,1160,54.12
32,75,70,63,68.68656767,37548,23655.24,2389,1350,55.25
33,75,75,63,52.11286489,36002,21241.18,2347,900,53.25
34,75,75,63,52.11286489,36799,26495.28,2373,1160,55.31
35,75,75,63,52.11286489,37569,28552.44,2388,1350,56.44
36,75,70,67,86.01665326,37060,12229.8,2344,900,55.29
37,75,70,67,86.01665326,37857,17035.65,2370,1160,57.35
38,75,70,67,86.01665326,38627,18927.23,2385,1350,58.48
39,75,75,67,66.74944445,37081,16686.45,2342,900,56.48
40,75,75,67,66.74944445,37878,21969.24,2369,1160,58.54
41,75,75,67,66.74944445,38648,23961.76,2383,1350,59.67
42,75,70,71,104.8621296,,,,900,
43,75,70,71,104.8621296,,,,1160,
44,75,70,71,104.8621296,,,,1350,
45,75,75,71,82.66588712,38729,12005.99,2362,900,59.83
46,75,75,71,82.66588712,39526,17391.44,2388,1160,61.89
47,75,75,71,82.66588712,40296,19342.08,2403,1350,63.02
48,85,70,59,52.72176242,34528,19335.68,2640,900,50.08
49,85,70,59,52.72176242,35325,24374.25,2666,1160,52.14
50,85,70,59,52.72176242,36094,26348.62,2681,1350,53.27
51,85,75,59,38.62936875,34549,23838.81,2638,900,51.28
52,85,75,59,38.62936875,35346,35346,2664,1160,53.34
53,85,75,59,38.62936875,36115,36115,2679,1350,54.47
54,85,70,63,68.68656767,35038,16818.24,2638,900,51.81
55,85,70,63,68.68656767,35835,21859.35,2664,1160,53.87
56,85,70,63,68.68656767,36604,23792.6,2679,1350,55
57,85,75,63,52.11286489,35059,21385.99,2636,900,53.01
58,85,75,63,52.11286489,35856,26533.44,2662,1160,55.07
59,85,75,63,52.11286489,36626,28568.28,2677,1350,56.2
60,85,70,67,86.01665326,36117,12640.95,2633,900,55.04
61,85,70,67,86.01665326,36914,17718.72,2660,1160,57.1
62,85,70,67,86.01665326,37683,19595.16,2674,1350,58.23
63,85,75,67,66.74944445,36138,17346.24,2631,900,56.24
64,85,75,67,66.74944445,36935,22530.35,2658,1160,58.3
65,85,75,67,66.74944445,37704,24507.6,2672,1350,59.43
66,85,70,71,104.8621296,,,,900,
67,85,70,71,104.8621296,,,,1160,
68,85,70,71,104.8621296,,,,1350,
69,85,75,71,82.66588712,37786,12847.24,2651,900,59.59
70,85,75,71,82.66588712,38583,18134.01,2678,1160,61.64
71,85,75,71,82.66588712,39352,20069.52,2692,1350,62.78
72,95,70,59,52.72176242,32905,19084.9,2953,900,50.34
73,95,70,59,52.72176242,33703,23929.13,2979,1160,52.4
74,95,70,59,52.72176242,34472,25854,2994,1350,53.53
75,95,75,59,38.62936875,32926,32926,2951,900,51.54
76,95,75,59,38.62936875,33724,33724,2977,1160,53.6
77,95,75,59,38.62936875,34493,34493,2992,1350,54.73
78,95,70,63,68.68656767,33415,16707.5,2951,900,52.07
79,95,70,63,68.68656767,34213,21554.19,2977,1160,54.13
80,95,70,63,68.68656767,34982,23437.94,2992,1350,55.26
81,95,75,63,52.11286489,33436,21064.68,2949,900,53.27
82,95,75,63,52.11286489,34234,26017.84,2975,1160,55.33
83,95,75,63,52.11286489,35003,28002.4,2990,1350,56.46
84,95,70,67,86.01665326,34494,12762.78,2946,900,55.3
85,95,70,67,86.01665326,35292,17646,2973,1160,57.36
86,95,70,67,86.01665326,36061,19472.94,2987,1350,58.49
87,95,75,67,66.74944445,34515,17257.5,2944,900,56.5
88,95,75,67,66.74944445,35313,22247.19,2971,1160,58.56
89,95,75,67,66.74944445,36082,24174.94,2985,1350,59.69
90,95,70,71,104.8621296,,,,900,
91,95,70,71,104.8621296,,,,1160,
92,95,70,71,104.8621296,,,,1350,
93,95,75,71,82.66588712,36163,13018.68,2964,900,59.85
94,95,75,71,82.66588712,36961,18110.89,2991,1160,61.91
95,95,75,71,82.66588712,37730,19619.6,3005,1350,63.04
96,105,70,59,52.72176242,30922,18553.2,3302,900,50.57
97,105,70,59,52.72176242,31720,31720,3329,1160,52.63
98,105,70,59,52.72176242,32489,32489,3343,1350,53.76
99,105,75,59,38.62936875,30943,30943,3301,900,51.77
100,105,75,59,38.62936875,31741,31741,3327,1160,53.83
101,105,75,59,38.62936875,32510,32510,3342,1350,54.96
102,105,70,63,68.68656767,31432,16658.96,3300,900,52.3
103,105,70,63,68.68656767,32230,20949.5,3327,1160,54.36
104,105,70,63,68.68656767,32999,22769.31,3341,1350,55.49
105,105,75,63,52.11286489,31453,20444.45,3299,900,53.5
106,105,75,63,52.11286489,32251,25155.78,3325,1160,55.56
107,105,75,63,52.11286489,33020,27076.4,3340,1350,56.69
108,105,70,67,86.01665326,32511,12679.29,3296,900,55.53
109,105,70,67,86.01665326,33309,17320.68,3323,1160,57.59
110,105,70,67,86.01665326,34078,19083.68,3337,1350,58.72
111,105,75,67,66.74944445,32532,16916.64,3294,900,56.73
112,105,75,67,66.74944445,33330,21664.5,3321,1160,58.79
113,105,75,67,66.74944445,34099,23528.31,3335,1350,59.92
114,105,70,71,104.8621296,,,,900,
115,105,70,71,104.8621296,,,,1160,
116,105,70,71,104.8621296,,,,1350,
117,105,75,71,82.66588712,34180,12988.4,3314,900,60.08
118,105,75,71,82.66588712,34978,17838.78,3341,1160,62.14
119,105,75,71,82.66588712,35747,19660.85,3355,1350,63.27
120,115,70,59,52.72176242,29111,29111,3713,900,49.49
121,115,70,59,52.72176242,29909,29909,3739,1160,51.55
122,115,70,59,52.72176242,30678,30678,3754,1350,52.68
123,115,75,59,38.62936875,29133,29133,3711,900,50.69
124,115,75,59,38.62936875,29930,29930,3738,1160,52.75
125,115,75,59,38.62936875,30699,30699,3752,1350,53.88
126,115,70,63,68.68656767,29622,17180.76,3711,900,51.22
127,115,70,63,68.68656767,30419,21597.49,3737,1160,53.28
128,115,70,63,68.68656767,31188,23079.12,3752,1350,54.41
129,115,75,63,52.11286489,29643,20750.1,3709,900,52.42
130,115,75,63,52.11286489,30440,25265.2,3736,1160,54.48
131,115,75,63,52.11286489,31209,31209,3750,1350,55.61
132,115,70,67,86.01665326,30701,13508.44,3706,900,54.45
133,115,70,67,86.01665326,31498,17953.86,3733,1160,56.51
134,115,70,67,86.01665326,32267,19682.87,3747,1350,57.64
135,115,75,67,66.74944445,30722,17511.54,3705,900,55.65
136,115,75,67,66.74944445,31519,22063.3,3731,1160,57.71
137,115,75,67,66.74944445,32288,23893.12,3746,1350,58.84
138,115,70,71,104.8621296,,,,900,
139,115,70,71,104.8621296,,,,1160,
140,115,70,71,104.8621296,,,,1350,
141,115,75,71,82.66588712,32370,13919.1,3725,900,58.99
142,115,75,71,82.66588712,33167,18573.52,3751,1160,61.05
143,115,75,71,82.66588712,33936,20361.6,3766,1350,62.18
0,65,80,59,27.74017492,36002,28081.56,2091,900,52.64
1,65,80,59,27.74017492,36800,33488,2117,1160,54.7
2,65,80,59,27.74017492,37569,37569,2132,1350,55.83
3,65,85,59,19.33867393,36611,36611,2096,900,54.25
4,65,85,59,19.33867393,37408,37408,2122,1160,56.31
5,65,85,59,19.33867393,38177,38177,2137,1350,57.44
6,65,80,63,39.16764156,36512,25923.52,2089,900,54.37
7,65,80,63,39.16764156,37310,30967.3,2115,1160,56.43
8,65,80,63,39.16764156,38079,33128.73,2130,1350,57.56
9,65,85,63,29.05629383,37121,30068.01,2094,900,55.98
10,65,85,63,29.05629383,37918,35263.74,2120,1160,58.04
11,65,85,63,29.05629383,38688,37527.36,2135,1350,59.17
12,65,80,67,51.57236381,37591,21426.87,2084,900,57.6
13,65,80,67,51.57236381,38389,26872.3,2111,1160,59.66
14,65,80,67,51.57236381,39158,28976.92,2125,1350,60.79
15,65,85,67,39.60494643,38200,25594,2089,900,59.21
16,65,85,67,39.60494643,38997,31197.6,2116,1160,61.27
17,65,85,67,39.60494643,39767,33404.28,2130,1350,62.4
18,65,80,71,65.06178938,39239,16872.77,2104,900,60.95
19,65,80,71,65.06178938,40037,22420.72,2131,1160,63.01
20,65,80,71,65.06178938,40806,24483.6,2145,1350,64.14
21,65,85,71,51.07600248,39848,21119.44,2109,900,62.55
22,65,85,71,51.07600248,40645,26825.7,2136,1160,64.61
23,65,85,71,51.07600248,41415,28990.5,2150,1350,65.74
24,75,80,59,27.74017492,35679,35679,2350,900,52.69
25,75,80,59,27.74017492,36476,36476,2376,1160,54.75
26,75,80,59,27.74017492,37246,37246,2391,1350,55.88
27,75,85,59,19.33867393,36287,36287,2355,900,54.29
28,75,85,59,19.33867393,37085,37085,2381,1160,56.35
29,75,85,59,19.33867393,37854,37854,2396,1350,57.48
30,75,80,63,39.16764156,36189,25694.19,2348,900,54.42
31,75,80,63,39.16764156,36987,31069.08,2374,1160,56.48
32,75,80,63,39.16764156,37756,33225.28,2389,1350,57.61
33,75,85,63,29.05629383,36797,29805.57,2353,900,56.02
34,75,85,63,29.05629383,37595,35339.3,2379,1160,58.08
35,75,85,63,29.05629383,38364,37596.72,2394,1350,59.21
36,75,80,67,51.57236381,37268,21615.44,2343,900,57.65
37,75,80,67,51.57236381,38066,27026.86,2370,1160,59.71
38,75,80,67,51.57236381,38835,29126.25,2384,1350,60.84
39,75,85,67,39.60494643,37876,25755.68,2348,900,59.26
40,75,85,67,39.60494643,38674,31325.94,2375,1160,61.31
41,75,85,67,39.60494643,39443,33526.55,2389,1350,62.45
42,75,80,71,65.06178938,38916,17123.04,2363,900,61
43,75,80,71,65.06178938,39714,22636.98,2390,1160,63.06
44,75,80,71,65.06178938,40483,24289.8,2404,1350,64.19
45,75,85,71,51.07600248,39524,21342.96,2368,900,62.6
46,75,85,71,51.07600248,40322,27015.74,2395,1160,64.66
47,75,85,71,51.07600248,41091,28763.7,2409,1350,65.79
48,85,80,59,27.74017492,34736,34736,2639,900,52.45
49,85,80,59,27.74017492,35533,35533,2666,1160,54.51
50,85,80,59,27.74017492,36303,36303,2680,1350,55.64
51,85,85,59,19.33867393,35344,35344,2644,900,54.05
52,85,85,59,19.33867393,36142,36142,2671,1160,56.11
53,85,85,59,19.33867393,36911,36911,2685,1350,57.24
54,85,80,63,39.16764156,35246,26082.04,2637,900,54.18
55,85,80,63,39.16764156,36043,30996.98,2664,1160,56.24
56,85,80,63,39.16764156,36813,33131.7,2678,1350,57.37
57,85,85,63,29.05629383,35854,30117.36,2642,900,55.78
58,85,85,63,29.05629383,36652,36652,2669,1160,57.84
59,85,85,63,29.05629383,37421,37421,2683,1350,58.97
60,85,80,67,51.57236381,36325,21795,2633,900,57.41
61,85,80,67,51.57236381,37122,27099.06,2659,1160,59.47
62,85,80,67,51.57236381,37892,29176.84,2674,1350,60.6
63,85,85,67,39.60494643,36933,25853.1,2638,900,59.01
64,85,85,67,39.60494643,37731,31316.73,2664,1160,61.07
65,85,85,67,39.60494643,38500,33495,2679,1350,62.2
66,85,80,71,65.06178938,37973,17467.58,2653,900,60.76
67,85,80,71,65.06178938,38770,22874.3,2679,1160,62.82
68,85,80,71,65.06178938,39540,24910.2,2694,1350,63.95
69,85,85,71,51.07600248,38581,21605.36,2658,900,62.36
70,85,85,71,51.07600248,39379,27171.51,2684,1160,64.42
71,85,85,71,51.07600248,40148,29308.04,2699,1350,65.55
72,95,80,59,27.74017492,33113,33113,2952,900,52.71
73,95,80,59,27.74017492,33911,33911,2979,1160,54.77
74,95,80,59,27.74017492,34680,34680,2993,1350,55.9
75,95,85,59,19.33867393,33722,33722,2957,900,54.31
76,95,85,59,19.33867393,34519,34519,2984,1160,56.37
77,95,85,59,19.33867393,35288,35288,2998,1350,57.5
78,95,80,63,39.16764156,33623,25553.48,2950,900,54.44
79,95,80,63,39.16764156,34421,30290.48,2977,1160,56.5
80,95,80,63,39.16764156,35190,32374.8,2991,1350,57.63
81,95,85,63,29.05629383,34232,34232,2955,900,56.04
82,95,85,63,29.05629383,35029,35029,2982,1160,58.1
83,95,85,63,29.05629383,35799,35799,2996,1350,59.23
84,95,80,67,51.57236381,34702,21515.24,2946,900,57.67
85,95,80,67,51.57236381,35500,26625,2972,1160,59.73
86,95,80,67,51.57236381,36269,28652.51,2987,1350,60.86
87,95,85,67,39.60494643,35311,25423.92,2951,900,59.27
88,95,85,67,39.60494643,36108,30691.8,2977,1160,61.33
89,95,85,67,39.60494643,36877,32820.53,2992,1350,62.46
90,95,80,71,65.06178938,36350,17448,2966,900,61.02
91,95,80,71,65.06178938,37148,22660.28,2992,1160,63.08
92,95,80,71,65.06178938,37917,24646.05,3007,1350,64.21
93,95,85,71,51.07600248,36959,21436.22,2971,900,62.62
94,95,85,71,51.07600248,37756,26806.76,2997,1160,64.68
95,95,85,71,51.07600248,38526,28894.5,3012,1350,65.81
96,105,80,59,27.74017492,31130,31130,3302,900,52.94
97,105,80,59,27.74017492,31928,31928,3329,1160,55
98,105,80,59,27.74017492,32697,32697,3343,1350,56.13
99,105,85,59,19.33867393,31739,31739,3307,900,54.54
100,105,85,59,19.33867393,32536,32536,3334,1160,56.6
101,105,85,59,19.33867393,33305,33305,3348,1350,57.73
102,105,80,63,39.16764156,31640,24679.2,3300,900,54.67
103,105,80,63,39.16764156,32438,32438,3327,1160,56.73
104,105,80,63,39.16764156,33207,33207,3341,1350,57.86
105,105,85,63,29.05629383,32249,32249,3305,900,56.27
106,105,85,63,29.05629383,33046,33046,3332,1160,58.33
107,105,85,63,29.05629383,33816,33816,3346,1350,59.46
108,105,80,67,51.57236381,32719,20940.16,3296,900,57.9
109,105,80,67,51.57236381,33517,25808.09,3322,1160,59.96
110,105,80,67,51.57236381,34286,27771.66,3337,1350,61.09
111,105,85,67,39.60494643,33328,24662.72,3301,900,59.5
112,105,85,67,39.60494643,34125,29688.75,3327,1160,61.56
113,105,85,67,39.60494643,34894,31753.54,3342,1350,62.69
114,105,80,71,65.06178938,34367,17183.5,3315,900,61.25
115,105,80,71,65.06178938,35165,22153.95,3342,1160,63.31
116,105,80,71,65.06178938,35934,24075.78,3356,1350,64.44
117,105,85,71,51.07600248,34976,20985.6,3320,900,62.85
118,105,85,71,51.07600248,35773,26114.29,3347,1160,64.91
119,105,85,71,51.07600248,36542,28137.34,3361,1350,66.04
120,115,80,59,27.74017492,29320,29320,3713,900,51.86
121,115,80,59,27.74017492,30117,30117,3739,1160,53.92
122,115,80,59,27.74017492,30886,30886,3754,1350,55.05
123,115,85,59,19.33867393,29928,29928,3717,900,53.46
124,115,85,59,19.33867393,30726,30726,3744,1160,55.52
125,115,85,59,19.33867393,31495,31495,3758,1350,56.65
126,115,80,63,39.16764156,29830,29830,3711,900,53.59
127,115,80,63,39.16764156,30627,30627,3737,1160,55.65
128,115,80,63,39.16764156,31397,31397,3751,1350,56.78
129,115,85,63,29.05629383,30438,30438,3715,900,55.19
130,115,85,63,29.05629383,31236,31236,3742,1160,57.25
131,115,85,63,29.05629383,32005,32005,3756,1350,58.38
132,115,80,67,51.57236381,30909,21327.21,3706,900,56.82
133,115,80,67,51.57236381,31706,25998.92,3733,1160,58.88
134,115,80,67,51.57236381,32476,27929.36,3747,1350,60.01
135,115,85,67,39.60494643,31517,24898.43,3711,900,58.42
136,115,85,67,39.60494643,32315,29826.745,3738,1160,60.48
137,115,85,67,39.60494643,33084,33084,3752,1350,61.61
138,115,80,71,65.06178938,32557,17906.35,3726,900,60.16
139,115,80,71,65.06178938,33354,22680.72,3752,1160,62.22
140,115,80,71,65.06178938,34124,24569.28,3767,1350,63.35
141,115,85,71,51.07600248,33165,21557.25,3731,900,61.77
142,115,85,71,51.07600248,33963,26559.066,3757,1160,63.83
143,115,85,71,51.07600248,34732,28480.24,3772,1350,64.96
0,65,70,59,52.72176242,47343,25091.79,2821,1200,50.29
1,65,70,59,52.72176242,48445,32942.6,2855,1570,52.47
2,65,70,59,52.72176242,49344,35527.68,2871,1800,53.48
3,65,75,59,38.62936875,47370,31737.9,2819,1200,51.52
4,65,75,59,38.62936875,48473,39263.13,2853,1570,53.69
5,65,75,59,38.62936875,49372,41966.2,2869,1800,54.71
6,65,70,63,68.68656767,48018,22088.28,2818,1200,52.01
7,65,70,63,68.68656767,49121,29472.6,2852,1570,54.19
8,65,70,63,68.68656767,50019,32012.16,2868,1800,55.2
9,65,75,63,52.11286489,48046,28347.14,2816,1200,53.23
10,65,75,63,52.11286489,49148,35878.04,2850,1570,55.41
11,65,75,63,52.11286489,50047,38536.19,2866,1800,56.42
12,65,70,67,86.01665326,49446,15822.72,2813,1200,55.22
13,65,70,67,86.01665326,50549,23252.54,2847,1570,57.39
14,65,70,67,86.01665326,51448,25724,2863,1800,58.4
15,65,75,67,66.74944445,49474,22263.3,2811,1200,56.44
16,65,75,67,66.74944445,50577,29840.43,2845,1570,58.62
17,65,75,67,66.74944445,51476,32429.88,2861,1800,59.63
18,65,70,71,104.8621296,,,,1200,
19,65,70,71,104.8621296,,,,1570,
20,65,70,71,104.8621296,,,,1800,
21,65,75,71,82.66588712,51656,16013.36,2835,1200,59.76
22,65,75,71,82.66588712,52759,23741.55,2869,1570,61.94
23,65,75,71,82.66588712,53658,26292.42,2885,1800,62.95
24,75,70,59,52.72176242,46914,25333.56,3135,1200,50.34
25,75,70,59,52.72176242,48017,32651.56,3169,1570,52.52
26,75,70,59,52.72176242,48916,35219.52,3185,1800,53.53
27,75,75,59,38.62936875,46942,31451.14,3133,1200,51.56
28,75,75,59,38.62936875,48045,38916.45,3167,1570,53.74
29,75,75,59,38.62936875,48944,48944,3183,1800,54.75
30,75,70,63,68.68656767,47590,21891.4,3132,1200,52.06
31,75,70,63,68.68656767,48693,29702.73,3167,1570,54.23
32,75,70,63,68.68656767,49591,31738.24,3182,1800,55.25
33,75,75,63,52.11286489,47618,28094.62,3130,1200,53.28
34,75,75,63,52.11286489,48720,36052.8,3165,1570,55.46
35,75,75,63,52.11286489,49619,38702.82,3180,1800,56.47
36,75,70,67,86.01665326,49018,16175.94,3127,1200,55.26
37,75,70,67,86.01665326,50121,23556.87,3161,1570,57.44
38,75,70,67,86.01665326,51020,26020.2,3177,1800,58.45
39,75,75,67,66.74944445,49046,22561.16,3125,1200,56.49
40,75,75,67,66.74944445,50149,30089.4,3159,1570,58.66
41,75,75,67,66.74944445,51048,32670.72,3175,1800,59.68
42,75,70,71,104.8621296,,,,1200,
43,75,70,71,104.8621296,,,,1570,
44,75,70,71,104.8621296,,,,1800,
45,75,75,71,82.66588712,51228,15880.68,3149,1200,59.81
46,75,75,71,82.66588712,52331,23548.95,3183,1570,61.99
47,75,75,71,82.66588712,53230,26082.7,3199,1800,63
48,85,70,59,52.72176242,45666,26029.62,3486,1200,50.1
49,85,70,59,52.72176242,46769,33205.99,3520,1570,52.27
50,85,70,59,52.72176242,47667,35750.25,3536,1800,53.29
51,85,75,59,38.62936875,45694,45694,3484,1200,51.32
52,85,75,59,38.62936875,46796,46796,3518,1570,53.5
53,85,75,59,38.62936875,47695,47695,3534,1800,54.51
54,85,70,63,68.68656767,46341,22707.09,3483,1200,51.82
55,85,70,63,68.68656767,47444,29889.72,3517,1570,53.99
56,85,70,63,68.68656767,48343,32389.81,3533,1800,55
57,85,75,63,52.11286489,46369,28748.78,3481,1200,53.04
58,85,75,63,52.11286489,47472,36078.72,3515,1570,55.22
59,85,75,63,52.11286489,48371,38696.8,3531,1800,56.23
60,85,70,67,86.01665326,47770,16719.5,3478,1200,55.02
61,85,70,67,86.01665326,48872,23947.28,3512,1570,57.2
62,85,70,67,86.01665326,49771,26378.63,3528,1800,58.21
63,85,75,67,66.74944445,47798,22943.04,3476,1200,56.25
64,85,75,67,66.74944445,48900,30318,3510,1570,58.42
65,85,75,67,66.74944445,49799,32867.34,3526,1800,59.43
66,85,70,71,104.8621296,,,,1200,
67,85,70,71,104.8621296,,,,1570,
68,85,70,71,104.8621296,,,,1800,
69,85,75,71,82.66588712,49979,16992.86,3500,1200,59.57
70,85,75,71,82.66588712,51082,24519.36,3534,1570,61.74
71,85,75,71,82.66588712,51981,27030.12,3550,1800,62.76
72,95,70,59,52.72176242,43518,25675.62,3865,1200,50.36
73,95,70,59,52.72176242,44620,44620,3899,1570,52.53
74,95,70,59,52.72176242,45519,45519,3915,1800,53.55
75,95,75,59,38.62936875,43545,43545,3863,1200,51.58
76,95,75,59,38.62936875,44648,44648,3897,1570,53.76
77,95,75,59,38.62936875,45547,45547,3913,1800,54.77
78,95,70,63,68.68656767,44193,22538.43,3863,1200,52.07
79,95,70,63,68.68656767,45296,29442.4,3897,1570,54.25
80,95,70,63,68.68656767,46194,31873.86,3913,1800,55.26
81,95,75,63,52.11286489,44221,28301.44,3861,1200,53.3
82,95,75,63,52.11286489,45324,35352.72,3895,1570,55.48
83,95,75,63,52.11286489,46222,37902.04,3911,1800,56.49
84,95,70,67,86.01665326,45621,16879.77,3857,1200,55.28
85,95,70,67,86.01665326,46724,23829.24,3892,1570,57.46
86,95,70,67,86.01665326,47623,26192.65,3907,1800,58.47
87,95,75,67,66.74944445,45649,22824.5,3855,1200,56.51
88,95,75,67,66.74944445,46752,29921.28,3889,1570,58.68
89,95,75,67,66.74944445,47651,32402.68,3905,1800,59.69
90,95,70,71,104.8621296,,,,1200,
91,95,70,71,104.8621296,,,,1570,
92,95,70,71,104.8621296,,,,1800,
93,95,75,71,82.66588712,47831,17219.16,3879,1200,59.83
94,95,75,71,82.66588712,48934,24467,3914,1570,62
95,95,75,71,82.66588712,49833,26909.82,3929,1800,63.02
96,105,70,59,52.72176242,40892,40892,4289,1200,50.59
97,105,70,59,52.72176242,41995,41995,4323,1570,52.76
98,105,70,59,52.72176242,42894,42894,4339,1800,53.78
99,105,75,59,38.62936875,40920,40920,4287,1200,51.81
100,105,75,59,38.62936875,42023,42023,4321,1570,53.99
101,105,75,59,38.62936875,42922,42922,4337,1800,55
102,105,70,63,68.68656767,41568,22031.04,4287,1200,52.3
103,105,70,63,68.68656767,42670,28588.9,4321,1570,54.48
104,105,70,63,68.68656767,43569,30933.99,4337,1800,55.49
105,105,75,63,52.11286489,41595,27452.7,4285,1200,53.53
106,105,75,63,52.11286489,42698,34585.38,4319,1570,55.7
107,105,75,63,52.11286489,43597,36621.48,4335,1800,56.72
108,105,70,67,86.01665326,42996,16768.44,4281,1200,55.51
109,105,70,67,86.01665326,44099,23813.46,4316,1570,57.69
110,105,70,67,86.01665326,44997,25648.29,4331,1800,58.7
111,105,75,67,66.74944445,43024,22372.48,4279,1200,56.73
112,105,75,67,66.74944445,44127,29565.09,4314,1570,58.91
113,105,75,67,66.74944445,45025,31967.75,4329,1800,59.92
114,105,70,71,104.8621296,,,,1200,
115,105,70,71,104.8621296,,,,1570,
116,105,70,71,104.8621296,,,,1800,
117,105,75,71,82.66588712,45206,17178.28,4303,1200,60.06
118,105,75,71,82.66588712,46308,24080.16,4338,1570,62.23
119,105,75,71,82.66588712,47207,26435.92,4353,1800,63.24
120,115,70,59,52.72176242,38495,38495,4787,1200,
121,115,70,59,52.72176242,39598,39598,4821,1570,
122,115,70,59,52.72176242,40497,40497,4837,1800,52.7
123,115,75,59,38.62936875,38523,38523,4785,1200,50.74
124,115,75,59,38.62936875,39626,39626,4819,1570,52.91
125,115,75,59,38.62936875,40525,40525,4835,1800,53.92
126,115,70,63,68.68656767,39171,22719.18,4784,1200,
127,115,70,63,68.68656767,40273,29399.29,4819,1570,
128,115,70,63,68.68656767,41172,31290.72,4834,1800,54.42
129,115,75,63,52.11286489,39199,27831.29,4782,1200,52.45
130,115,75,63,52.11286489,40301,40301,4816,1570,54.63
131,115,75,63,52.11286489,41200,41200,4832,1800,55.64
132,115,70,67,86.01665326,40599,18269.55,4779,1200,
133,115,70,67,86.01665326,41702,24604.18,4813,1570,
134,115,70,67,86.01665326,42601,26838.63,4829,1800,57.62
135,115,75,67,66.74944445,40627,23563.66,4777,1200,55.66
136,115,75,67,66.74944445,41730,30045.6,4811,1570,57.84
137,115,75,67,66.74944445,42629,32398.04,4827,1800,58.85
138,115,70,71,104.8621296,,,,1200,
139,115,70,71,104.8621296,,,,1570,
140,115,70,71,104.8621296,,,,1800,
141,115,75,71,82.66588712,42809,18407.87,4801,1200,58.98
142,115,75,71,82.66588712,43912,25029.84,4835,1570,61.16
143,115,75,71,82.66588712,44810,27334.1,4851,1800,62.17
0,65,80,59,27.74017492,47618,37618.22,2820,1200,52.72
1,65,80,59,27.74017492,48721,48721,2854,1570,54.89
2,65,80,59,27.74017492,49620,49620,2870,1800,55.9
3,65,85,59,19.33867393,48424,48424,2826,1200,54.34
4,65,85,59,19.33867393,49527,49527,2860,1570,56.52
5,65,85,59,19.33867393,50425,50425,2876,1800,
6,65,80,63,39.16764156,48293,34770.96,2818,1200,54.43
7,65,80,63,39.16764156,49396,42480.56,2852,1570,56.61
8,65,80,63,39.16764156,50295,45265.5,2868,1800,57.62
9,65,85,63,29.05629383,49099,40261.18,2824,1200,56.06
10,65,85,63,29.05629383,50202,48193.92,2858,1570,58.24
11,65,85,63,29.05629383,51101,51101,2874,1800,
12,65,80,67,51.57236381,49722,28838.76,2812,1200,57.64
13,65,80,67,51.57236381,50825,36594,2847,1570,59.82
14,65,80,67,51.57236381,51723,39309.48,2862,1800,60.83
15,65,85,67,39.60494643,50528,34359.04,2818,1200,59.27
16,65,85,67,39.60494643,51630,42336.6,2853,1570,61.44
17,65,85,67,39.60494643,52529,45174.94,2868,1800,
18,65,80,71,65.06178938,51904,22318.72,2836,1200,60.96
19,65,80,71,65.06178938,53007,30744.06,2871,1570,63.14
20,65,80,71,65.06178938,53905,32882.05,2886,1800,64.15
21,65,85,71,51.07600248,52710,28463.4,2842,1200,62.59
22,65,85,71,51.07600248,53812,36592.16,2877,1570,64.77
23,65,85,71,51.07600248,54711,39391.92,2892,1800,
24,75,80,59,27.74017492,47190,47190,3134,1200,52.76
25,75,80,59,27.74017492,48293,48293,3169,1570,54.94
26,75,80,59,27.74017492,49192,49192,3184,1800,55.95
27,75,85,59,19.33867393,47996,47996,3140,1200,54.39
28,75,85,59,19.33867393,49099,49099,3175,1570,56.57
29,75,85,59,19.33867393,49997,49997,3190,1800,
30,75,80,63,39.16764156,47865,34462.8,3132,1200,54.48
31,75,80,63,39.16764156,48968,42112.48,3166,1570,56.66
32,75,80,63,39.16764156,49867,44880.3,3182,1800,57.67
33,75,85,63,29.05629383,48671,40396.93,3138,1200,56.11
34,75,85,63,29.05629383,49774,49774,3172,1570,58.28
35,75,85,63,29.05629383,50673,50673,3188,1800,
36,75,80,67,51.57236381,49294,28590.52,3127,1200,57.69
37,75,80,67,51.57236381,50397,36789.81,3161,1570,59.86
38,75,80,67,51.57236381,51295,39497.15,3177,1800,60.87
39,75,85,67,39.60494643,50100,34569,3133,1200,59.32
40,75,85,67,39.60494643,51202,42497.66,3167,1570,61.49
41,75,85,67,39.60494643,52101,45327.87,3183,1800,
42,75,80,71,65.06178938,51476,22649.44,3151,1200,61.01
43,75,80,71,65.06178938,52579,30495.82,3185,1570,63.18
44,75,80,71,65.06178938,53477,33155.74,3201,1800,64.2
45,75,85,71,51.07600248,52281,28231.74,3157,1200,62.64
46,75,85,71,51.07600248,53384,36301.12,3191,1570,64.81
47,75,85,71,51.07600248,54283,39083.76,3207,1800,
48,85,80,59,27.74017492,45941,45941,3485,1200,52.52
49,85,80,59,27.74017492,47044,47044,3519,1570,54.7
50,85,80,59,27.74017492,47943,47943,3535,1800,55.71
51,85,85,59,19.33867393,46747,46747,3491,1200,54.15
52,85,85,59,19.33867393,47850,47850,3525,1570,56.33
53,85,85,59,19.33867393,48749,48749,3541,1800,
54,85,80,63,39.16764156,46617,34962.75,3483,1200,54.24
55,85,80,63,39.16764156,47720,42470.8,3517,1570,56.41
56,85,80,63,39.16764156,48618,45214.74,3533,1800,57.43
57,85,85,63,29.05629383,47423,47423,3489,1200,55.87
58,85,85,63,29.05629383,48525,48525,3523,1570,58.04
59,85,85,63,29.05629383,49424,49424,3539,1800,
60,85,80,67,51.57236381,48045,29307.45,3477,1200,57.45
61,85,80,67,51.57236381,49148,36861,3512,1570,59.62
62,85,80,67,51.57236381,50047,39537.13,3527,1800,60.63
63,85,85,67,39.60494643,48851,34684.21,3483,1200,59.07
64,85,85,67,39.60494643,49954,42960.44,3518,1570,61.25
65,85,85,67,39.60494643,50852,45258.28,3533,1800,
66,85,80,71,65.06178938,50227,23104.42,3501,1200,60.77
67,85,80,71,65.06178938,51330,31311.3,3536,1570,62.94
68,85,80,71,65.06178938,52229,33948.85,3551,1800,63.96
69,85,85,71,51.07600248,51033,29088.81,3507,1200,62.4
70,85,85,71,51.07600248,52136,37016.56,3542,1570,64.57
71,85,85,71,51.07600248,53034,39775.5,3557,1800,
72,95,80,59,27.74017492,43793,43793,3865,1200,52.78
73,95,80,59,27.74017492,44896,44896,3899,1570,54.96
74,95,80,59,27.74017492,45795,45795,3915,1800,55.97
75,95,85,59,19.33867393,44599,44599,3871,1200,54.41
76,95,85,59,19.33867393,45702,45702,3905,1570,56.58
77,95,85,59,19.33867393,46600,46600,3921,1800,
78,95,80,63,39.16764156,44469,34241.13,3862,1200,54.5
79,95,80,63,39.16764156,45571,45571,3897,1570,56.67
80,95,80,63,39.16764156,46470,46470,3912,1800,57.69
81,95,85,63,29.05629383,45274,45274,3868,1200,56.13
82,95,85,63,29.05629383,46377,46377,3903,1570,58.3
83,95,85,63,29.05629383,47276,47276,3918,1800,
84,95,80,67,51.57236381,45897,28915.11,3857,1200,57.7
85,95,80,67,51.57236381,47000,36190,3891,1570,59.88
86,95,80,67,51.57236381,47899,38798.19,3907,1800,60.89
87,95,85,67,39.60494643,46703,34093.19,3863,1200,59.33
88,95,85,67,39.60494643,47805,42068.4,3897,1570,61.51
89,95,85,67,39.60494643,48704,44320.64,3913,1800,
90,95,80,71,65.06178938,48079,23077.92,3881,1200,61.03
91,95,80,71,65.06178938,49182,30984.66,3915,1570,63.2
92,95,80,71,65.06178938,50080,33052.8,3931,1800,64.21
93,95,85,71,51.07600248,48885,28842.15,3887,1200,62.65
94,95,85,71,51.07600248,49987,36490.51,3921,1570,64.83
95,95,85,71,51.07600248,50886,39182.22,3937,1800,
96,105,80,59,27.74017492,41168,41168,4289,1200,53.01
97,105,80,59,27.74017492,42270,42270,4323,1570,55.19
98,105,80,59,27.74017492,43169,43169,4339,1800,56.2
99,105,85,59,19.33867393,41973,41973,4295,1200,54.64
100,105,85,59,19.33867393,43076,43076,4329,1570,56.81
101,105,85,59,19.33867393,43975,43975,4345,1800,
102,105,80,63,39.16764156,41843,41843,4286,1200,54.73
103,105,80,63,39.16764156,42946,42946,4321,1570,56.9
104,105,80,63,39.16764156,43845,43845,4336,1800,57.92
105,105,85,63,29.05629383,42649,42649,4292,1200,56.36
106,105,85,63,29.05629383,43752,43752,4327,1570,58.53
107,105,85,63,29.05629383,44650,44650,4342,1800,
108,105,80,67,51.57236381,43272,28126.8,4281,1200,57.93
109,105,80,67,51.57236381,44374,35055.46,4315,1570,60.11
110,105,80,67,51.57236381,45273,37576.59,4331,1800,61.12
111,105,85,67,39.60494643,44077,33498.52,4287,1200,59.56
112,105,85,67,39.60494643,45180,40662,4321,1570,61.74
113,105,85,67,39.60494643,46079,46079,4337,1800,
114,105,80,71,65.06178938,45453,23181.03,4305,1200,61.26
115,105,80,71,65.06178938,46556,30261.4,4339,1570,63.43
116,105,80,71,65.06178938,47455,32743.95,4355,1800,64.44
117,105,85,71,51.07600248,46259,28217.99,4311,1200,62.88
118,105,85,71,51.07600248,47362,35521.5,4345,1570,65.06
119,105,85,71,51.07600248,48261,38126.19,4361,1800,
120,115,80,59,27.74017492,38771,38771,4786,1200,51.93
121,115,80,59,27.74017492,39874,39874,4821,1570,54.11
122,115,80,59,27.74017492,40772,40772,4836,1800,55.12
123,115,85,59,19.33867393,39577,39577,4792,1200,53.56
124,115,85,59,19.33867393,40679,40679,4827,1570,55.74
125,115,85,59,19.33867393,41578,41578,4842,1800,
126,115,80,63,39.16764156,39446,39446,4784,1200,53.65
127,115,80,63,39.16764156,40549,40549,4818,1570,55.83
128,115,80,63,39.16764156,41448,41448,4834,1800,56.84
129,115,85,63,29.05629383,40252,40252,4790,1200,55.28
130,115,85,63,29.05629383,41355,41355,4824,1570,57.46
131,115,85,63,29.05629383,42254,42254,4840,1800,
132,115,80,67,51.57236381,40875,28612.5,4779,1200,56.86
133,115,80,67,51.57236381,41977,35680.45,4813,1570,59.03
134,115,80,67,51.57236381,42876,38159.64,4829,1800,60.05
135,115,85,67,39.60494643,41680,41680,4785,1200,58.49
136,115,85,67,39.60494643,42783,42783,4819,1570,60.66
137,115,85,67,39.60494643,43682,43682,4835,1800,
138,115,80,71,65.06178938,43057,24111.92,4803,1200,60.18
139,115,80,71,65.06178938,44159,30911.3,4837,1570,62.36
140,115,80,71,65.06178938,45058,33342.92,4853,1800,63.37
141,115,85,71,51.07600248,43862,28948.92,4809,1200,61.81
142,115,85,71,51.07600248,44965,36196.825,4843,1570,63.98
143,115,85,71,51.07600248,45864,38525.76,4859,1800,
0,65,70,59,52.72176242,59742,33455.52,3650,1500,49.77
1,65,70,59,52.72176242,60814,39529.1,3683,1820,51.39
2,65,70,59,52.72176242,62764,43307.16,3717,2250,53.05
3,65,75,59,38.62936875,59777,40648.36,3647,1500,50.76
4,65,75,59,38.62936875,60849,46853.73,3681,1820,52.38
5,65,75,59,38.62936875,62799,51495.18,3714,2250,54.05
6,65,70,63,68.68656767,60590,29083.2,3647,1500,51.59
7,65,70,63,68.68656767,61662,35147.34,3680,1820,53.22
8,65,70,63,68.68656767,63611,39438.82,3714,2250,54.88
9,65,75,63,52.11286489,60625,36981.25,3644,1500,52.59
10,65,75,63,52.11286489,61697,43187.9,3677,1820,54.21
11,65,75,63,52.11286489,63646,47098.04,3711,2250,55.87
12,65,70,67,86.01665326,62383,21834.05,3639,1500,55
13,65,70,67,86.01665326,63455,27920.2,3672,1820,56.62
14,65,70,67,86.01665326,65405,32048.45,3706,2250,58.28
15,65,75,67,66.74944445,62418,29960.64,3636,1500,55.99
16,65,75,67,66.74944445,63490,36189.3,3670,1820,57.61
17,65,75,67,66.74944445,65440,39918.4,3703,2250,59.27
18,65,70,71,104.8621296,,,,1500,
19,65,70,71,104.8621296,,,,1820,
20,65,70,71,104.8621296,,,,2250,
21,65,75,71,82.66588712,65157,22153.38,3670,1500,59.51
22,65,75,71,82.66588712,66229,28478.47,3703,1820,61.14
23,65,75,71,82.66588712,68179,32044.13,3737,2250,62.8
24,75,70,59,52.72176242,59205,33154.8,4085,1500,49.82
25,75,70,59,52.72176242,60277,39180.05,4118,1820,51.44
26,75,70,59,52.72176242,62226,43558.2,4152,2250,53.1
27,75,75,59,38.62936875,59240,40875.6,4082,1500,50.81
28,75,75,59,38.62936875,60312,47043.36,4115,1820,52.43
29,75,75,59,38.62936875,62261,51054.02,4149,2250,54.1
30,75,70,63,68.68656767,60053,29425.97,4081,1500,51.64
31,75,70,63,68.68656767,61125,35452.5,4114,1820,53.26
32,75,70,63,68.68656767,63074,39105.88,4148,2250,54.93
33,75,75,63,52.11286489,60088,36653.68,4078,1500,52.64
34,75,75,63,52.11286489,61160,42812,4112,1820,54.26
35,75,75,63,52.11286489,63109,47331.75,4145,2250,55.92
36,75,70,67,86.01665326,61846,22264.56,4074,1500,55.05
37,75,70,67,86.01665326,62918,28313.1,4107,1820,56.67
38,75,70,67,86.01665326,64867,31784.83,4141,2250,58.33
39,75,75,67,66.74944445,61881,29702.88,4071,1500,56.04
40,75,75,67,66.74944445,62953,35883.21,4104,1820,57.66
41,75,75,67,66.74944445,64902,40239.24,4138,2250,59.32
42,75,70,71,104.8621296,,,,1500,
43,75,70,71,104.8621296,,,,1820,
44,75,70,71,104.8621296,,,,2250,
45,75,75,71,82.66588712,64620,21970.8,4104,1500,59.56
46,75,75,71,82.66588712,65692,28247.56,4137,1820,61.19
47,75,75,71,82.66588712,67641,32467.68,4171,2250,62.85
48,85,70,59,52.72176242,57637,34005.83,4570,1500,49.56
49,85,70,59,52.72176242,58710,39922.8,4603,1820,51.19
50,85,70,59,52.72176242,60659,43674.48,4637,2250,52.85
51,85,75,59,38.62936875,57672,40947.12,4567,1500,50.56
52,85,75,59,38.62936875,58744,58744,4600,1820,52.18
53,85,75,59,38.62936875,60694,60694,4634,2250,53.84
54,85,70,63,68.68656767,58485,29827.35,4566,1500,51.39
55,85,70,63,68.68656767,59557,35734.2,4599,1820,53.01
56,85,70,63,68.68656767,61507,39979.55,4633,2250,54.67
57,85,75,63,52.11286489,58520,37452.8,4563,1500,52.38
58,85,75,63,52.11286489,59592,43502.16,4597,1820,54
59,85,75,63,52.11286489,61542,47387.34,4630,2250,55.66
60,85,70,67,86.01665326,60278,22905.64,4559,1500,54.79
61,85,70,67,86.01665326,61350,28834.5,4592,1820,56.41
62,85,70,67,86.01665326,63300,32916,4626,2250,58.07
63,85,75,67,66.74944445,60313,30759.63,4556,1500,55.78
64,85,75,67,66.74944445,61385,36831,4589,1820,57.4
65,85,75,67,66.74944445,63335,40534.4,4623,2250,59.07
66,85,70,71,104.8621296,,,,1500,
67,85,70,71,104.8621296,,,,1820,
68,85,70,71,104.8621296,,,,2250,
69,85,75,71,82.66588712,63052,23329.24,4589,1500,59.31
70,85,75,71,82.66588712,64124,29497.04,4622,1820,60.93
71,85,75,71,82.66588712,66074,33037,4656,2250,62.59
72,95,70,59,52.72176242,54941,33514.01,5094,1500,49.84
73,95,70,59,52.72176242,56013,39209.1,5128,1820,51.46
74,95,70,59,52.72176242,57962,42891.88,5161,2250,53.12
75,95,75,59,38.62936875,54976,54976,5092,1500,50.83
76,95,75,59,38.62936875,56048,56048,5125,1820,52.45
77,95,75,59,38.62936875,57997,57997,5159,2250,54.12
78,95,70,63,68.68656767,55789,29568.17,5091,1500,51.66
79,95,70,63,68.68656767,56861,35253.82,5124,1820,53.28
80,95,70,63,68.68656767,58810,39402.7,5158,2250,54.95
81,95,75,63,52.11286489,55823,36843.18,5088,1500,52.65
82,95,75,63,52.11286489,56896,42672,5121,1820,54.28
83,95,75,63,52.11286489,58845,46487.55,5155,2250,55.94
84,95,70,67,86.01665326,57582,23032.8,5084,1500,55.06
85,95,70,67,86.01665326,58654,28740.46,5117,1820,56.69
86,95,70,67,86.01665326,60603,32119.59,5151,2250,58.35
87,95,75,67,66.74944445,57617,30537.01,5081,1500,56.06
88,95,75,67,66.74944445,58689,36387.18,5114,1820,57.68
89,95,75,67,66.74944445,60638,40021.08,5148,2250,59.34
90,95,70,71,104.8621296,,,,1500,
91,95,70,71,104.8621296,,,,1820,
92,95,70,71,104.8621296,,,,2250,
93,95,75,71,82.66588712,60356,23538.84,5114,1500,59.58
94,95,75,71,82.66588712,61428,29485.44,5147,1820,61.21
95,95,75,71,82.66588712,63377,32956.04,5181,2250,62.87
96,105,70,59,52.72176242,51645,32536.35,5681,1500,50.08
97,105,70,59,52.72176242,52717,52717,5714,1820,51.7
98,105,70,59,52.72176242,54666,54666,5748,2250,53.37
99,105,75,59,38.62936875,51680,51680,5678,1500,51.07
100,105,75,59,38.62936875,52752,52752,5711,1820,52.7
101,105,75,59,38.62936875,54701,54701,5745,2250,54.36
102,105,70,63,68.68656767,52493,28871.15,5677,1500,51.91
103,105,70,63,68.68656767,53565,34281.6,5711,1820,53.53
104,105,70,63,68.68656767,55514,38304.66,5744,2250,55.19
105,105,75,63,52.11286489,52528,35719.04,5675,1500,52.9
106,105,75,63,52.11286489,53600,41272,5708,1820,54.52
107,105,75,63,52.11286489,55549,44994.69,5742,2250,56.18
108,105,70,67,86.01665326,54286,22800.12,5670,1500,55.31
109,105,70,67,86.01665326,55358,28232.58,5703,1820,56.93
110,105,70,67,86.01665326,57307,32091.92,5737,2250,58.59
111,105,75,67,66.74944445,54321,29876.55,5667,1500,56.3
112,105,75,67,66.74944445,55393,35451.52,5700,1820,57.92
113,105,75,67,66.74944445,57342,38992.56,5734,2250,59.59
114,105,70,71,104.8621296,,,,1500,
115,105,70,71,104.8621296,,,,1820,
116,105,70,71,104.8621296,,,,2250,
117,105,75,71,82.66588712,57060,23394.6,5700,1500,59.83
118,105,75,71,82.66588712,58132,29066,5734,1820,61.45
119,105,75,71,82.66588712,60081,32443.74,5767,2250,63.11
120,115,70,59,52.72176242,48636,48636,6369,1500,48.94
121,115,70,59,52.72176242,49708,49708,6402,1820,50.56
122,115,70,59,52.72176242,51658,51658,6436,2250,52.23
123,115,75,59,38.62936875,48671,48671,6366,1500,49.93
124,115,75,59,38.62936875,49743,49743,6399,1820,51.56
125,115,75,59,38.62936875,51693,51693,6433,2250,53.22
126,115,70,63,68.68656767,49484,29690.4,6365,1500,50.76
127,115,70,63,68.68656767,50556,34883.64,6398,1820,52.39
128,115,70,63,68.68656767,52505,38853.7,6432,2250,54.05
129,115,75,63,52.11286489,49519,36148.87,6362,1500,51.76
130,115,75,63,52.11286489,50591,41484.62,6396,1820,53.38
131,115,75,63,52.11286489,52540,52540,6429,2250,55.04
132,115,70,67,86.01665326,51277,24100.19,6358,1500,54.17
133,115,70,67,86.01665326,52349,29315.44,6391,1820,55.79
134,115,70,67,86.01665326,54299,33122.39,6425,2250,57.45
135,115,75,67,66.74944445,51312,30787.2,6355,1500,55.16
136,115,75,67,66.74944445,52384,36144.96,6388,1820,56.78
137,115,75,67,66.74944445,54334,39663.82,6422,2250,58.44
138,115,70,71,104.8621296,,,,1500,
139,115,70,71,104.8621296,,,,1820,
140,115,70,71,104.8621296,,,,2250,
141,115,75,71,82.66588712,54051,24863.46,6388,1500,58.69
142,115,75,71,82.66588712,55123,30317.65,6421,1820,60.31
143,115,75,71,82.66588712,57073,33673.07,6455,2250,61.97
0,65,80,59,27.74017492,60088,48070.4,3650,1500,51.73
1,65,80,59,27.74017492,61160,54432.4,3683,1820,53.35
2,65,80,59,27.74017492,63110,63110,3717,2250,55.01
3,65,85,59,19.33867393,61100,61100,3658,1500,53.15
4,65,85,59,19.33867393,62172,62172,3691,1820,54.77
5,65,85,59,19.33867393,64121,64121,3725,2250,56.43
6,65,80,63,39.16764156,60936,44483.28,3646,1500,53.55
7,65,80,63,39.16764156,62008,50846.56,3679,1820,55.17
8,65,80,63,39.16764156,63957,55003.02,3713,2250,56.84
9,65,85,63,29.05629383,61947,51416.01,3654,1500,54.97
10,65,85,63,29.05629383,63019,57977.48,3688,1820,56.59
11,65,85,63,29.05629383,64969,62370.24,3722,2250,58.26
12,65,80,67,51.57236381,62729,37637.4,3639,1500,56.95
13,65,80,67,51.57236381,63801,44022.69,3672,1820,58.58
14,65,80,67,51.57236381,65751,47998.23,3706,2250,60.24
15,65,85,67,39.60494643,63740,44618,3647,1500,58.38
16,65,85,67,39.60494643,64813,51202.27,3680,1820,60
17,65,85,67,39.60494643,66762,55412.46,3714,2250,61.66
18,65,80,71,65.06178938,65468,30115.28,3672,1500,60.48
19,65,80,71,65.06178938,66540,36597,3705,1820,62.1
20,65,80,71,65.06178938,68490,40409.1,3739,2250,63.76
21,65,85,71,51.07600248,66479,37228.24,3680,1500,61.9
22,65,85,71,51.07600248,67552,43908.8,3713,1820,63.52
23,65,85,71,51.07600248,69501,47955.69,3747,2250,65.19
24,75,80,59,27.74017492,59551,59551,4084,1500,51.78
25,75,80,59,27.74017492,60623,60623,4117,1820,53.4
26,75,80,59,27.74017492,62572,62572,4151,2250,55.06
27,75,85,59,19.33867393,60562,60562,4092,1500,53.2
28,75,85,59,19.33867393,61634,61634,4126,1820,54.82
29,75,85,59,19.33867393,63584,63584,4159,2250,56.48
30,75,80,63,39.16764156,60399,44695.26,4081,1500,53.6
31,75,80,63,39.16764156,61471,51020.93,4114,1820,55.22
32,75,80,63,39.16764156,63420,55175.4,4148,2250,56.88
33,75,85,63,29.05629383,61410,50970.3,4089,1500,55.02
34,75,85,63,29.05629383,62482,58108.26,4122,1820,56.64
35,75,85,63,29.05629383,64431,62498.07,4156,2250,58.31
36,75,80,67,51.57236381,62192,37315.2,4073,1500,57
37,75,80,67,51.57236381,63264,43652.16,4106,1820,58.63
38,75,80,67,51.57236381,65213,48257.62,4140,2250,60.29
39,75,85,67,39.60494643,63203,44242.1,4082,1500,58.43
40,75,85,67,39.60494643,64275,50777.25,4115,1820,60.05
41,75,85,67,39.60494643,66225,55629,4149,2250,61.71
42,75,80,71,65.06178938,64931,30517.57,4106,1500,60.53
43,75,80,71,65.06178938,66003,36961.68,4140,1820,62.15
44,75,80,71,65.06178938,67952,40771.2,4173,2250,63.81
45,75,85,71,51.07600248,65942,36927.52,4115,1500,61.95
46,75,85,71,51.07600248,67014,43559.1,4148,1820,63.57
47,75,85,71,51.07600248,68964,48274.8,4182,2250,65.24
48,85,80,59,27.74017492,57983,57983,4569,1500,51.52
49,85,80,59,27.74017492,59055,59055,4602,1820,53.14
50,85,80,59,27.74017492,61005,61005,4636,2250,54.81
51,85,85,59,19.33867393,58995,58995,4577,1500,52.94
52,85,85,59,19.33867393,60067,60067,4611,1820,54.57
53,85,85,59,19.33867393,62016,62016,4644,2250,56.23
54,85,80,63,39.16764156,58831,44711.56,4566,1500,53.34
55,85,80,63,39.16764156,59903,50917.55,4599,1820,54.97
56,85,80,63,39.16764156,61853,55049.17,4633,2250,56.63
57,85,85,63,29.05629383,59843,51464.98,4574,1500,54.77
58,85,85,63,29.05629383,60915,60915,4607,1820,56.39
59,85,85,63,29.05629383,62864,62864,4641,2250,58.05
60,85,80,67,51.57236381,60624,38193.12,4558,1500,56.75
61,85,80,67,51.57236381,61696,44421.12,4591,1820,58.37
62,85,80,67,51.57236381,63646,48370.96,4625,2250,60.03
63,85,85,67,39.60494643,61636,44994.28,4566,1500,58.17
64,85,85,67,39.60494643,62708,51420.56,4600,1820,59.79
65,85,85,67,39.60494643,64657,55605.02,4634,2250,61.45
66,85,80,71,65.06178938,63363,31047.87,4591,1500,60.27
67,85,80,71,65.06178938,64435,37372.3,4625,1820,61.9
68,85,80,71,65.06178938,66385,41158.7,4658,2250,63.56
69,85,85,71,51.07600248,64375,37981.25,4600,1500,61.69
70,85,85,71,51.07600248,65447,44503.96,4633,1820,63.32
71,85,85,71,51.07600248,67396,48525.12,4667,2250,64.98
72,95,80,59,27.74017492,55287,55287,5094,1500,51.8
73,95,80,59,27.74017492,56359,56359,5127,1820,53.42
74,95,80,59,27.74017492,58308,58308,5161,2250,55.08
75,95,85,59,19.33867393,56298,56298,5102,1500,53.22
76,95,85,59,19.33867393,57370,57370,5135,1820,54.84
77,95,85,59,19.33867393,59320,59320,5169,2250,56.5
78,95,80,63,39.16764156,56134,43784.52,5090,1500,53.62
79,95,80,63,39.16764156,57207,49770.09,5124,1820,55.24
80,95,80,63,39.16764156,59156,53831.96,5157,2250,56.9
81,95,85,63,29.05629383,57146,57146,5099,1500,55.04
82,95,85,63,29.05629383,58218,58218,5132,1820,56.66
83,95,85,63,29.05629383,60167,60167,5166,2250,58.33
84,95,80,67,51.57236381,57928,37653.2,5083,1500,57.02
85,95,80,67,51.57236381,59000,43660,5116,1820,58.64
86,95,80,67,51.57236381,60949,47540.22,5150,2250,60.31
87,95,85,67,39.60494643,58939,44204.25,5091,1500,58.44
88,95,85,67,39.60494643,60011,50409.24,5125,1820,60.07
89,95,85,67,39.60494643,61960,54524.8,5158,2250,61.73
90,95,80,71,65.06178938,60667,30940.17,5116,1500,60.55
91,95,80,71,65.06178938,61739,37043.4,5149,1820,62.17
92,95,80,71,65.06178938,63688,40760.32,5183,2250,63.83
93,95,85,71,51.07600248,61678,37623.58,5125,1500,61.97
94,95,85,71,51.07600248,62750,43925,5158,1820,63.59
95,95,85,71,51.07600248,64699,47877.26,5192,2250,65.25
96,105,80,59,27.74017492,51991,51991,5680,1500,52.04
97,105,80,59,27.74017492,53063,53063,5713,1820,53.66
98,105,80,59,27.74017492,55012,55012,5747,2250,55.32
99,105,85,59,19.33867393,53002,53002,5689,1500,53.46
100,105,85,59,19.33867393,54074,54074,5722,1820,55.08
101,105,85,59,19.33867393,56024,56024,5756,2250,56.75
102,105,80,63,39.16764156,52839,42271.2,5677,1500,53.86
103,105,80,63,39.16764156,53911,53911,5710,1820,55.48
104,105,80,63,39.16764156,55860,55860,5744,2250,57.15
105,105,85,63,29.05629383,53850,53850,5685,1500,55.28
106,105,85,63,29.05629383,54922,54922,5718,1820,56.91
107,105,85,63,29.05629383,56872,56872,5752,2250,58.57
108,105,80,67,51.57236381,54632,36603.44,5669,1500,57.27
109,105,80,67,51.57236381,55704,42335.04,5703,1820,58.89
110,105,80,67,51.57236381,57653,46122.4,5736,2250,60.55
111,105,85,67,39.60494643,55643,42845.11,5678,1500,58.69
112,105,85,67,39.60494643,56715,48774.9,5711,1820,60.31
113,105,85,67,39.60494643,58665,52798.5,5745,2250,61.97
114,105,80,71,65.06178938,57371,30406.63,5703,1500,60.79
115,105,80,71,65.06178938,58443,36234.66,5736,1820,62.41
116,105,80,71,65.06178938,60392,39858.72,5770,2250,64.08
117,105,85,71,51.07600248,58382,36780.66,5711,1500,62.21
118,105,85,71,51.07600248,59454,42806.88,5744,1820,63.84
119,105,85,71,51.07600248,61404,46667.04,5778,2250,65.5
120,115,80,59,27.74017492,48982,48982,6368,1500,50.9
121,115,80,59,27.74017492,50054,50054,6401,1820,52.52
122,115,80,59,27.74017492,52004,52004,6435,2250,54.18
123,115,85,59,19.33867393,49994,49994,6376,1500,52.32
124,115,85,59,19.33867393,51066,51066,6410,1820,53.94
125,115,85,59,19.33867393,53015,53015,6444,2250,55.6
126,115,80,63,39.16764156,49830,49830,6365,1500,52.72
127,115,80,63,39.16764156,50902,50902,6398,1820,54.34
128,115,80,63,39.16764156,52851,52851,6432,2250,56.01
129,115,85,63,29.05629383,50841,50841,6373,1500,54.14
130,115,85,63,29.05629383,51913,51913,6406,1820,55.77
131,115,85,63,29.05629383,53863,53863,6440,2250,57.43
132,115,80,67,51.57236381,51623,37168.56,6357,1500,56.12
133,115,80,67,51.57236381,52695,42682.95,6391,1820,57.75
134,115,80,67,51.57236381,54645,46448.25,6424,2250,59.41
135,115,85,67,39.60494643,52634,43159.88,6366,1500,57.55
136,115,85,67,39.60494643,53707,48765.956,6399,1820,59.17
137,115,85,67,39.60494643,55656,55656,6433,2250,60.83
138,115,80,71,65.06178938,54362,31529.96,6391,1500,59.65
139,115,80,71,65.06178938,55434,37140.78,6424,1820,61.27
140,115,80,71,65.06178938,57384,40742.64,6458,2250,62.93
141,115,85,71,51.07600248,55373,37653.64,6399,1500,61.07
142,115,85,71,51.07600248,56446,43406.974,6432,1820,62.69
143,115,85,71,51.07600248,58395,47299.95,6466,2250,64.36
0,65,70,59,52.72176242,70588,40235.16,4153,1800,50.11
1,65,70,59,52.72176242,71637,45847.68,4184,2100,51.39
2,65,70,59,52.72176242,74522,50674.96,4232,2700,53.36
3,65,75,59,38.62936875,70630,48734.7,4149,1800,51.11
4,65,75,59,38.62936875,71678,54475.28,4180,2100,52.38
5,65,75,59,38.62936875,74563,59650.4,4228,2700,54.36
6,65,70,63,68.68656767,71587,35793.5,4149,1800,51.94
7,65,70,63,68.68656767,72636,40676.16,4180,2100,53.22
8,65,70,63,68.68656767,75520,46067.2,4228,2700,55.19
9,65,75,63,52.11286489,71628,44409.36,4145,1800,52.93
10,65,75,63,52.11286489,72677,50147.13,4176,2100,54.21
11,65,75,63,52.11286489,75562,55160.26,4224,2700,56.18
12,65,70,67,86.01665326,73699,27268.63,4140,1800,55.34
13,65,70,67,86.01665326,74748,32141.64,4171,2100,56.62
14,65,70,67,86.01665326,77633,37263.84,4219,2700,58.59
15,65,75,67,66.74944445,73741,36133.09,4136,1800,56.33
16,65,75,67,66.74944445,74789,41881.84,4168,2100,57.61
17,65,75,67,66.74944445,77674,46604.4,4215,2700,59.58
18,65,70,71,104.8621296,,,,1800,
19,65,70,71,104.8621296,,,,2100,
20,65,70,71,104.8621296,,,,2700,
21,65,75,71,82.66588712,76967,26938.45,4176,1800,59.86
22,65,75,71,82.66588712,78016,32766.72,4207,2100,61.14
23,65,75,71,82.66588712,80900,37214,4255,2700,63.11
24,75,70,59,52.72176242,69955,40573.9,4670,1800,50.16
25,75,70,59,52.72176242,71004,45442.56,4701,2100,51.44
26,75,70,59,52.72176242,73889,50983.41,4749,2700,53.41
27,75,75,59,38.62936875,69997,48997.9,4667,1800,51.16
28,75,75,59,38.62936875,71045,54704.65,4698,2100,52.43
29,75,75,59,38.62936875,73930,59883.3,4746,2700,54.41
30,75,70,63,68.68656767,70954,35477,4666,1800,51.99
31,75,70,63,68.68656767,72003,41041.71,4697,2100,53.26
32,75,70,63,68.68656767,74887,45681.07,4745,2700,55.24
33,75,75,63,52.11286489,70995,44726.85,4663,1800,52.98
34,75,75,63,52.11286489,72044,49710.36,4694,2100,54.26
35,75,75,63,52.11286489,74929,55447.46,4742,2700,56.23
36,75,70,67,86.01665326,73066,27034.42,4657,1800,55.39
37,75,70,67,86.01665326,74115,32610.6,4688,2100,56.67
38,75,70,67,86.01665326,77000,36960,4736,2700,58.64
39,75,75,67,66.74944445,73108,36554,4654,1800,56.38
40,75,75,67,66.74944445,74156,41527.36,4685,2100,57.66
41,75,75,67,66.74944445,77041,46995.01,4733,2700,59.63
42,75,70,71,104.8621296,,,,1800,
43,75,70,71,104.8621296,,,,2100,
44,75,70,71,104.8621296,,,,2700,
45,75,75,71,82.66588712,76334,27480.24,4693,1800,59.91
46,75,75,71,82.66588712,77383,33274.69,4725,2100,61.19
47,75,75,71,82.66588712,80267,37725.49,4772,2700,63.16
48,85,70,59,52.72176242,68109,40865.4,5248,1800,49.91
49,85,70,59,52.72176242,69158,46335.86,5279,2100,51.19
50,85,70,59,52.72176242,72042,51149.82,5327,2700,53.16
51,85,75,59,38.62936875,68150,49068,5245,1800,50.9
52,85,75,59,38.62936875,69199,69199,5276,2100,52.18
53,85,75,59,38.62936875,72084,72084,5323,2700,54.15
54,85,70,63,68.68656767,69108,36627.24,5244,1800,51.73
55,85,70,63,68.68656767,70156,41392.04,5275,2100,53.01
56,85,70,63,68.68656767,73041,46746.24,5323,2700,54.98
57,85,75,63,52.11286489,69149,44946.85,5240,1800,52.72
58,85,75,63,52.11286489,70198,50542.56,5272,2100,54
59,85,75,63,52.11286489,73082,55542.32,5319,2700,55.97
60,85,70,67,86.01665326,71220,28488,5235,1800,55.13
61,85,70,67,86.01665326,72269,33243.74,5266,2100,56.41
62,85,70,67,86.01665326,75153,38328.03,5314,2700,58.38
63,85,75,67,66.74944445,71261,37055.72,5232,1800,56.13
64,85,75,67,66.74944445,72310,42662.9,5263,2100,57.4
65,85,75,67,66.74944445,75195,47372.85,5310,2700,59.38
66,85,70,71,104.8621296,,,,1800,
67,85,70,71,104.8621296,,,,2100,
68,85,70,71,104.8621296,,,,2700,
69,85,75,71,82.66588712,74488,28305.44,5271,1800,59.65
70,85,75,71,82.66588712,75536,33991.2,5302,2100,60.93
71,85,75,71,82.66588712,78421,38426.29,5350,2700,62.9
72,95,70,59,52.72176242,64932,40257.84,5873,1800,50.18
73,95,70,59,52.72176242,65981,45526.89,5904,2100,
74,95,70,59,52.72176242,68866,68866,5952,2700,53.43
75,95,75,59,38.62936875,64974,64974,5870,1800,51.17
76,95,75,59,38.62936875,66022,66022,5901,2100,52.45
77,95,75,59,38.62936875,68907,68907,5949,2700,54.42
78,95,70,63,68.68656767,65931,36262.05,5869,1800,52.01
79,95,70,63,68.68656767,66980,40857.8,5900,2100,
80,95,70,63,68.68656767,69864,46110.24,5948,2700,55.26
81,95,75,63,52.11286489,65972,44201.24,5866,1800,53
82,95,75,63,52.11286489,67021,49595.54,5897,2100,
83,95,75,63,52.11286489,69906,54526.68,5944,2700,56.25
84,95,70,67,86.01665326,68043,28578.06,5860,1800,55.41
85,95,70,67,86.01665326,69092,33164.16,5891,2100,
86,95,70,67,86.01665326,71977,38147.81,5939,2700,58.66
87,95,75,67,66.74944445,68085,36765.9,5857,1800,56.4
88,95,75,67,66.74944445,69133,42171.13,5888,2100,57.68
89,95,75,67,66.74944445,72018,46811.7,5936,2700,59.65
90,95,70,71,104.8621296,,,,1800,
91,95,70,71,104.8621296,,,,2100,
92,95,70,71,104.8621296,,,,2700,
93,95,75,71,82.66588712,71311,28524.4,5896,1800,59.93
94,95,75,71,82.66588712,72360,34009.2,5928,2100,61.21
95,95,75,71,82.66588712,75244,38374.44,5975,2700,63.18
96,105,70,59,52.72176242,61050,39072,6572,1800,50.43
97,105,70,59,52.72176242,62099,62099,6603,2100,
98,105,70,59,52.72176242,64983,64983,6650,2700,53.68
99,105,75,59,38.62936875,61091,61091,6568,1800,51.42
100,105,75,59,38.62936875,62140,62140,6599,2100,52.7
101,105,75,59,38.62936875,65025,65025,6647,2700,54.67
102,105,70,63,68.68656767,62049,35367.93,6567,1800,52.25
103,105,70,63,68.68656767,63098,39751.74,6599,2100,
104,105,70,63,68.68656767,65982,44867.76,6646,2700,55.5
105,105,75,63,52.11286489,62090,42842.1,6564,1800,53.24
106,105,75,63,52.11286489,63139,47985.64,6595,2100,54.52
107,105,75,63,52.11286489,66023,52818.4,6643,2700,56.49
108,105,70,67,86.01665326,64161,28230.84,6559,1800,55.65
109,105,70,67,86.01665326,65210,32605,6590,2100,
110,105,70,67,86.01665326,68094,37451.7,6637,2700,58.9
111,105,75,67,66.74944445,64202,35953.12,6555,1800,56.64
112,105,75,67,66.74944445,65251,41108.13,6586,2100,57.92
113,105,75,67,66.74944445,68136,45651.12,6634,2700,59.89
114,105,70,71,104.8621296,,,,1800,
115,105,70,71,104.8621296,,,,2100,
116,105,70,71,104.8621296,,,,2700,
117,105,75,71,82.66588712,67429,28320.18,6595,1800,60.17
118,105,75,71,82.66588712,68477,33553.73,6626,2100,61.45
119,105,75,71,82.66588712,71362,37821.86,6674,2700,63.42
120,115,70,59,52.72176242,57506,57506,7391,1800,49.28
121,115,70,59,52.72176242,58555,58555,7422,2100,
122,115,70,59,52.72176242,61439,61439,7470,2700,52.53
123,115,75,59,38.62936875,57547,57547,7388,1800,50.28
124,115,75,59,38.62936875,58596,58596,7419,2100,51.56
125,115,75,59,38.62936875,61480,61480,7467,2700,53.53
126,115,70,63,68.68656767,58505,36273.1,7387,1800,51.11
127,115,70,63,68.68656767,59553,40496.04,7418,2100,
128,115,70,63,68.68656767,62438,45579.74,7466,2700,54.36
129,115,75,63,52.11286489,58546,43324.04,7384,1800,52.1
130,115,75,63,52.11286489,59594,48271.14,7415,2100,53.38
131,115,75,63,52.11286489,62479,62479,7462,2700,55.35
132,115,70,67,86.01665326,60617,29702.33,7378,1800,54.51
133,115,70,67,86.01665326,61666,33916.3,7409,2100,
134,115,70,67,86.01665326,64550,38730,7457,2700,57.76
135,115,75,67,66.74944445,60658,37001.38,7375,1800,55.5
136,115,75,67,66.74944445,61707,41960.76,7406,2100,56.78
137,115,75,67,66.74944445,64591,46505.52,7454,2700,58.75
138,115,70,71,104.8621296,,,,1800,
139,115,70,71,104.8621296,,,,2100,
140,115,70,71,104.8621296,,,,2700,
141,115,75,71,82.66588712,63885,30025.95,7414,1800,59.03
142,115,75,71,82.66588712,64933,35063.82,7445,2100,60.31
143,115,75,71,82.66588712,67818,39334.44,7493,2700,62.28
0,65,80,59,27.74017492,70996,57506.76,4152,1800,52.07
1,65,80,59,27.74017492,72045,63399.6,4183,2100,53.35
2,65,80,59,27.74017492,74929,74929,4231,2700,55.32
3,65,85,59,19.33867393,72187,72187,4162,1800,53.49
4,65,85,59,19.33867393,73236,73236,4193,2100,54.77
5,65,85,59,19.33867393,76121,76121,4241,2700,56.74
6,65,80,63,39.16764156,71995,53276.3,4148,1800,53.89
7,65,80,63,39.16764156,73043,59164.83,4179,2100,55.17
8,65,80,63,39.16764156,75928,64538.8,4227,2700,57.14
9,65,85,63,29.05629383,73186,61476.24,4158,1800,55.32
10,65,85,63,29.05629383,74235,66811.5,4189,2100,56.59
11,65,85,63,29.05629383,77119,73263.05,4237,2700,58.57
12,65,80,67,51.57236381,74107,45205.27,4139,1800,57.3
13,65,80,67,51.57236381,75156,51106.08,4170,2100,58.58
14,65,80,67,51.57236381,78040,56188.8,4218,2700,60.55
15,65,85,67,39.60494643,75298,53461.58,4149,1800,58.72
16,65,85,67,39.60494643,76347,59550.66,4180,2100,60
17,65,85,67,39.60494643,79232,64970.24,4228,2700,61.97
18,65,80,71,65.06178938,77333,36346.51,4179,1800,60.82
19,65,80,71,65.06178938,78382,42326.28,4210,2100,62.1
20,65,80,71,65.06178938,81267,47134.86,4258,2700,64.07
21,65,85,71,51.07600248,78525,44759.25,4189,1800,62.24
22,65,85,71,51.07600248,79573,50926.72,4220,2100,63.52
23,65,85,71,51.07600248,82458,56071.44,4268,2700,65.49
24,75,80,59,27.74017492,70363,70363,4670,1800,52.12
25,75,80,59,27.74017492,71412,71412,4701,2100,53.4
26,75,80,59,27.74017492,74296,74296,4748,2700,55.37
27,75,85,59,19.33867393,71554,71554,4679,1800,53.54
28,75,85,59,19.33867393,72603,72603,4711,2100,54.82
29,75,85,59,19.33867393,75488,75488,4758,2700,56.79
30,75,80,63,39.16764156,71362,53521.5,4665,1800,53.94
31,75,80,63,39.16764156,72410,58652.1,4697,2100,55.22
32,75,80,63,39.16764156,75295,64753.7,4744,2700,57.19
33,75,85,63,29.05629383,72553,60944.52,4675,1800,55.37
34,75,85,63,29.05629383,73602,66977.82,4707,2100,56.64
35,75,85,63,29.05629383,76486,76486,4754,2700,58.62
36,75,80,67,51.57236381,73474,45553.88,4657,1800,57.35
37,75,80,67,51.57236381,74523,50675.64,4688,2100,58.63
38,75,80,67,51.57236381,77407,56507.11,4736,2700,60.6
39,75,85,67,39.60494643,74665,53012.15,4667,1800,58.77
40,75,85,67,39.60494643,75714,59056.92,4698,2100,60.05
41,75,85,67,39.60494643,78599,64451.18,4745,2700,62.02
42,75,80,71,65.06178938,76700,36816,4696,1800,60.87
43,75,80,71,65.06178938,77749,42761.95,4727,2100,62.15
44,75,80,71,65.06178938,80634,47574.06,4775,2700,64.12
45,75,85,71,51.07600248,77892,45177.36,4706,1800,62.29
46,75,85,71,51.07600248,78941,50522.24,4737,2100,63.57
47,75,85,71,51.07600248,81825,56459.25,4785,2700,65.54
48,85,80,59,27.74017492,68517,68517,5247,1800,51.87
49,85,80,59,27.74017492,69565,69565,5278,2100,53.14
50,85,80,59,27.74017492,72450,72450,5326,2700,55.12
51,85,85,59,19.33867393,69708,69708,5257,1800,53.29
52,85,85,59,19.33867393,70757,70757,5288,2100,54.57
53,85,85,59,19.33867393,73641,73641,5336,2700,56.54
54,85,80,63,39.16764156,69515,53526.55,5243,1800,53.69
55,85,80,63,39.16764156,70564,59273.76,5274,2100,54.97
56,85,80,63,39.16764156,73449,64635.12,5322,2700,56.94
57,85,85,63,29.05629383,70707,61515.09,5253,1800,55.11
58,85,85,63,29.05629383,71755,71755,5284,2100,56.39
59,85,85,63,29.05629383,74640,74640,5332,2700,58.36
60,85,80,67,51.57236381,71628,45841.92,5234,1800,57.09
61,85,80,67,51.57236381,72676,51599.96,5265,2100,58.37
62,85,80,67,51.57236381,75561,56670.75,5313,2700,60.34
63,85,85,67,39.60494643,72819,53886.06,5244,1800,58.51
64,85,85,67,39.60494643,73868,59833.08,5275,2100,59.79
65,85,85,67,39.60494643,76752,65239.2,5323,2700,61.76
66,85,80,71,65.06178938,74854,37427,5274,1800,60.62
67,85,80,71,65.06178938,75903,43264.71,5305,2100,61.9
68,85,80,71,65.06178938,78787,48060.07,5353,2700,63.87
69,85,85,71,51.07600248,76045,45627,5284,1800,62.04
70,85,85,71,51.07600248,77094,51652.98,5315,2100,63.32
71,85,85,71,51.07600248,79979,56785.09,5363,2700,65.29
72,95,80,59,27.74017492,65340,65340,5872,1800,52.14
73,95,80,59,27.74017492,66389,66389,5904,2100,53.42
74,95,80,59,27.74017492,69273,69273,5951,2700,55.39
75,95,85,59,19.33867393,66531,66531,5882,1800,53.56
76,95,85,59,19.33867393,67580,67580,5913,2100,54.84
77,95,85,59,19.33867393,70465,70465,5961,2700,56.81
78,95,80,63,39.16764156,66339,52407.81,5868,1800,53.96
79,95,80,63,39.16764156,67387,57952.82,5899,2100,55.24
80,95,80,63,39.16764156,70272,70272,5947,2700,57.21
81,95,85,63,29.05629383,67530,67530,5878,1800,55.38
82,95,85,63,29.05629383,68579,68579,5909,2100,56.66
83,95,85,63,29.05629383,71463,71463,5957,2700,58.63
84,95,80,67,51.57236381,68451,45177.66,5859,1800,57.37
85,95,80,67,51.57236381,69500,50735,5891,2100,58.64
86,95,80,67,51.57236381,72384,55735.68,5938,2700,60.62
87,95,85,67,39.60494643,69642,52927.92,5869,1800,58.79
88,95,85,67,39.60494643,70691,57966.62,5901,2100,60.07
89,95,85,67,39.60494643,73576,64011.12,5948,2700,62.04
90,95,80,71,65.06178938,71677,37272.04,5899,1800,60.89
91,95,80,71,65.06178938,72726,42908.34,5930,2100,62.17
92,95,80,71,65.06178938,75611,47634.93,5978,2700,64.14
93,95,85,71,51.07600248,72869,45178.78,5909,1800,62.31
94,95,85,71,51.07600248,73917,51002.73,5940,2100,63.59
95,95,85,71,51.07600248,76802,56065.46,5988,2700,65.56
96,105,80,59,27.74017492,61458,61458,6571,1800,52.38
97,105,80,59,27.74017492,62506,62506,6602,2100,53.66
98,105,80,59,27.74017492,65391,65391,6650,2700,55.63
99,105,85,59,19.33867393,62649,62649,6581,1800,53.81
100,105,85,59,19.33867393,63698,63698,6612,2100,55.08
101,105,85,59,19.33867393,66582,66582,6660,2700,57.05
102,105,80,63,39.16764156,62456,50589.36,6567,1800,54.21
103,105,80,63,39.16764156,63505,63505,6598,2100,55.48
104,105,80,63,39.16764156,66390,66390,6646,2700,57.46
105,105,85,63,29.05629383,63648,63648,6577,1800,55.63
106,105,85,63,29.05629383,64696,64696,6608,2100,56.91
107,105,85,63,29.05629383,67581,67581,6656,2700,58.88
108,105,80,67,51.57236381,64569,43906.92,6558,1800,57.61
109,105,80,67,51.57236381,65617,49212.75,6589,2100,58.89
110,105,80,67,51.57236381,68502,54116.58,6637,2700,60.86
111,105,85,67,39.60494643,65760,51292.8,6568,1800,59.03
112,105,85,67,39.60494643,66809,56119.56,6599,2100,60.31
113,105,85,67,39.60494643,69693,62026.77,6647,2700,62.28
114,105,80,71,65.06178938,67795,36609.3,6598,1800,61.14
115,105,80,71,65.06178938,68844,41994.84,6629,2100,62.41
116,105,80,71,65.06178938,71728,46623.2,6676,2700,64.39
117,105,85,71,51.07600248,68986,44151.04,6607,1800,62.56
118,105,85,71,51.07600248,70035,49724.85,6639,2100,63.84
119,105,85,71,51.07600248,72920,54690,6686,2700,65.81
120,115,80,59,27.74017492,57913,57913,7390,1800,51.24
121,115,80,59,27.74017492,58962,58962,7422,2100,52.52
122,115,80,59,27.74017492,61847,61847,7469,2700,54.49
123,115,85,59,19.33867393,59105,59105,7400,1800,52.66
124,115,85,59,19.33867393,60154,60154,7431,2100,53.94
125,115,85,59,19.33867393,63038,63038,7479,2700,55.91
126,115,80,63,39.16764156,58912,58912,7386,1800,53.07
127,115,80,63,39.16764156,59961,59961,7417,2100,54.34
128,115,80,63,39.16764156,62845,62845,7465,2700,56.32
129,115,85,63,29.05629383,60104,60104,7396,1800,54.49
130,115,85,63,29.05629383,61152,61152,7427,2100,55.77
131,115,85,63,29.05629383,64037,64037,7475,2700,57.74
132,115,80,67,51.57236381,61024,44547.52,7377,1800,56.47
133,115,80,67,51.57236381,62073,49658.4,7409,2100,57.75
134,115,80,67,51.57236381,64958,54564.72,7456,2700,59.72
135,115,85,67,39.60494643,62216,51639.28,7387,1800,57.89
136,115,85,67,39.60494643,63264,56558.016,7418,2100,59.17
137,115,85,67,39.60494643,66149,66149,7466,2700,61.14
138,115,80,71,65.06178938,64251,37908.09,7417,1800,59.99
139,115,80,71,65.06178938,65300,43098,7448,2100,61.27
140,115,80,71,65.06178938,68184,47728.8,7496,2700,63.24
141,115,85,71,51.07600248,65442,45154.98,7427,1800,61.42
142,115,85,71,51.07600248,66491,50333.687,7458,2100,62.69
143,115,85,71,51.07600248,69375,55500,7506,2700,64.67
