,OADB,IDB,IWB,RH,MBH,Sensible MBH,kW,airflow,Out DB
0,65,70,59,52.721762416728325,91600.0,55876.0,5.25,2625,50.22
1,65,70,59,52.721762416728325,92800.0,62176.00000000001,5.28,3000,51.32
2,65,70,59,52.721762416728325,94200.0,65940.0,5.31,3375,52.25
3,65,75,59,38.6293687458052,91600.0,67784.0,5.24,2625,51.19
4,65,75,59,38.6293687458052,92800.0,74240.0,5.27,3000,52.3
5,65,75,59,38.6293687458052,94300.0,78269.0,5.3,3375,53.230000000000004
6,65,70,63,68.68656766716235,92900.0,49237.0,5.24,2625,52.05
7,65,70,63,68.68656766716235,94100.0,55519.0,5.27,3000,53.15
8,65,70,63,68.68656766716235,95500.0,60165.0,5.3,3375,54.08
9,65,75,63,52.11286489029116,92900.0,61314.0,5.24,2625,53.019999999999996
10,65,75,63,52.11286489029116,94100.0,67752.0,5.27,3000,54.129999999999995
11,65,75,63,52.11286489029116,95600.0,71700.0,5.3,3375,55.06
12,65,70,67,86.01665325663092,95600.0,38240.0,5.23,2625,55.46
13,65,70,67,86.01665325663092,96800.0,44528.0,5.26,3000,56.57
14,65,70,67,86.01665325663092,98200.0,48118.0,5.29,3375,57.5
15,65,75,67,66.74944445162711,95600.0,49712.0,5.23,2625,56.44
16,65,75,67,66.74944445162711,96800.0,56143.99999999999,5.26,3000,57.55
17,65,75,67,66.74944445162711,98300.0,60946.0,5.29,3375,58.480000000000004
18,65,70,71,104.86212959386695,,,,2625,
19,65,70,71,104.86212959386695,,,,3000,
20,65,70,71,104.86212959386695,,,,3375,
21,65,75,71,82.66588712337318,99800.0,39920.0,5.3,2625,60.0
22,65,75,71,82.66588712337318,101000.0,40400.0,5.3,3000,61.1
23,65,75,71,82.66588712337318,102500.0,51250.0,5.3,3375,62.0
24,75,70,59,52.721762416728325,90700.0,55327.0,5.86,2625,50.269999999999996
25,75,70,59,52.721762416728325,91900.0,61573.00000000001,5.9,3000,51.370000000000005
26,75,70,59,52.721762416728325,93400.0,66314.0,5.92,3375,52.3
27,75,75,59,38.6293687458052,90800.0,90800.0,5.86,2625,51.239999999999995
28,75,75,59,38.6293687458052,92000.0,92000.0,5.89,3000,52.35
29,75,75,59,38.6293687458052,93400.0,93400.0,5.92,3375,53.28
30,75,70,63,68.68656766716235,92000.0,49680.0,5.86,2625,52.1
31,75,70,63,68.68656766716235,93200.0,55920.0,5.89,3000,53.2
32,75,70,63,68.68656766716235,94700.0,59661.0,5.92,3375,54.13
33,75,75,63,52.11286489029116,92100.0,61707.00000000001,5.86,2625,53.07
34,75,75,63,52.11286489029116,93300.0,68109.0,5.89,3000,54.18
35,75,75,63,52.11286489029116,94700.0,71972.0,5.91,3375,55.11
36,75,70,67,86.01665325663092,94800.0,37920.0,5.85,2625,55.51
37,75,70,67,86.01665325663092,96000.0,44160.0,5.88,3000,56.62
38,75,70,67,86.01665325663092,97400.0,48700.0,5.91,3375,57.55
39,75,75,67,66.74944445162711,94800.0,50244.0,5.84,2625,56.489999999999995
40,75,75,67,66.74944445162711,96000.0,56640.0,5.88,3000,57.6
41,75,75,67,66.74944445162711,97500.0,60450.0,5.9,3375,58.53
42,75,70,71,104.86212959386695,,,,2625,
43,75,70,71,104.86212959386695,,,,3000,
44,75,70,71,104.86212959386695,,,,3375,
45,75,75,71,82.66588712337318,99000.0,39600.0,5.9,2625,60.0
46,75,75,71,82.66588712337318,100200.0,40080.0,5.9,3000,61.1
47,75,75,71,82.66588712337318,101700.0,50850.0,6.0,3375,62.1
48,85,70,59,52.721762416728325,88400.0,56576.0,6.55,2625,50.010000000000005
49,85,70,59,52.721762416728325,89600.0,62719.99999999999,6.58,3000,51.120000000000005
50,85,70,59,52.721762416728325,91000.0,91000.0,6.61,3375,52.05
51,85,75,59,38.6293687458052,88400.0,88400.0,6.55,2625,50.989999999999995
52,85,75,59,38.6293687458052,89600.0,89600.0,6.58,3000,52.09
53,85,75,59,38.6293687458052,91100.0,91100.0,6.61,3375,53.019999999999996
54,85,70,63,68.68656766716235,89600.0,50176.00000000001,6.55,2625,51.84
55,85,70,63,68.68656766716235,90900.0,56358.0,6.58,3000,52.94
56,85,70,63,68.68656766716235,92300.0,60918.0,6.61,3375,53.879999999999995
57,85,75,63,52.11286489029116,89700.0,61892.99999999999,6.54,2625,52.82
58,85,75,63,52.11286489029116,90900.0,68175.0,6.58,3000,53.92
59,85,75,63,52.11286489029116,92300.0,72917.0,6.6,3375,54.85
60,85,70,67,86.01665325663092,92400.0,39732.0,6.54,2625,55.26
61,85,70,67,86.01665325663092,93600.0,45864.0,6.57,3000,56.36
62,85,70,67,86.01665325663092,95000.0,49400.0,6.6,3375,57.29
63,85,75,67,66.74944445162711,92400.0,51744.00000000001,6.53,2625,56.230000000000004
64,85,75,67,66.74944445162711,93600.0,58032.0,6.57,3000,57.34
65,85,75,67,66.74944445162711,95100.0,61815.0,6.59,3375,58.269999999999996
66,85,70,71,104.86212959386695,,,,2625,
67,85,70,71,104.86212959386695,,,,3000,
68,85,70,71,104.86212959386695,,,,3375,
69,85,75,71,82.66588712337318,96600.0,38640.0,6.6,2625,59.8
70,85,75,71,82.66588712337318,97800.0,48900.0,6.6,3000,60.9
71,85,75,71,82.66588712337318,99300.0,49650.0,6.6,3375,61.8
72,95,70,59,52.721762416728325,84200.0,84200.0,7.3,2625,50.29
73,95,70,59,52.721762416728325,85400.0,85400.0,7.33,3000,51.39
74,95,70,59,52.721762416728325,86900.0,86900.0,7.36,3375,52.32
75,95,75,59,38.6293687458052,84300.0,84300.0,7.29,2625,51.260000000000005
76,95,75,59,38.6293687458052,85500.0,85500.0,7.33,3000,52.370000000000005
77,95,75,59,38.6293687458052,86900.0,86900.0,7.35,3375,53.3
78,95,70,63,68.68656766716235,85500.0,49590.0,7.29,2625,52.120000000000005
79,95,70,63,68.68656766716235,86700.0,55488.0,7.33,3000,53.22
80,95,70,63,68.68656766716235,88200.0,59976.00000000001,7.35,3375,54.15
81,95,75,63,52.11286489029116,85600.0,60776.0,7.29,2625,53.09
82,95,75,63,52.11286489029116,86800.0,66836.0,7.32,3000,54.2
83,95,75,63,52.11286489029116,88200.0,71442.0,7.35,3375,55.129999999999995
84,95,70,67,86.01665325663092,88300.0,39735.0,7.28,2625,55.53
85,95,70,67,86.01665325663092,89500.0,45645.0,7.31,3000,56.64
86,95,70,67,86.01665325663092,90900.0,49086.0,7.34,3375,57.57
87,95,75,67,66.74944445162711,88300.0,51214.0,7.28,2625,56.510000000000005
88,95,75,67,66.74944445162711,89500.0,57280.0,7.31,3000,57.61
89,95,75,67,66.74944445162711,91000.0,60970.0,7.34,3375,58.54
90,95,70,71,104.86212959386695,,,,2625,
91,95,70,71,104.86212959386695,,,,3000,
92,95,70,71,104.86212959386695,,,,3375,
93,95,75,71,82.66588712337318,92500.0,37000.0,7.3,2625,60.0
94,95,75,71,82.66588712337318,93700.0,46850.0,7.4,3000,61.2
95,95,75,71,82.66588712337318,95100.0,47550.0,7.4,3375,62.1
96,105,70,59,52.721762416728325,79200.0,79200.0,8.13,2625,50.53
97,105,70,59,52.721762416728325,80400.0,80400.0,8.16,3000,51.64
98,105,70,59,52.721762416728325,81900.0,81900.0,8.19,3375,52.57
99,105,75,59,38.6293687458052,79300.0,79300.0,8.13,2625,51.510000000000005
100,105,75,59,38.6293687458052,80500.0,80500.0,8.16,3000,52.61
101,105,75,59,38.6293687458052,81900.0,81900.0,8.19,3375,53.54
102,105,70,63,68.68656766716235,80500.0,48300.0,8.13,2625,52.36
103,105,70,63,68.68656766716235,81700.0,53922.0,8.16,3000,53.47
104,105,70,63,68.68656766716235,83200.0,58239.99999999999,8.18,3375,54.4
105,105,75,63,52.11286489029116,80600.0,58838.0,8.12,2625,53.34
106,105,75,63,52.11286489029116,81800.0,81800.0,8.15,3000,54.44
107,105,75,63,52.11286489029116,83200.0,83200.0,8.18,3375,55.370000000000005
108,105,70,67,86.01665325663092,83200.0,39104.0,8.12,2625,55.78
109,105,70,67,86.01665325663092,84400.0,44732.0,8.15,3000,56.88
110,105,70,67,86.01665325663092,85900.0,48104.00000000001,8.17,3375,57.81
111,105,75,67,66.74944445162711,83300.0,49980.0,8.11,2625,56.75
112,105,75,67,66.74944445162711,84500.0,55770.0,8.14,3000,57.86
113,105,75,67,66.74944445162711,85900.0,59270.99999999999,8.17,3375,58.79
114,105,70,71,104.86212959386695,,,,2625,
115,105,70,71,104.86212959386695,,,,3000,
116,105,70,71,104.86212959386695,,,,3375,
117,105,75,71,82.66588712337318,87500.0,43750.0,8.2,2625,60.3
118,105,75,71,82.66588712337318,88700.0,44350.0,8.2,3000,61.4
119,105,75,71,82.66588712337318,90100.0,45050.0,8.2,3375,62.3
120,115,70,59,52.721762416728325,74600.0,74600.0,9.11,2625,49.379999999999995
121,115,70,59,52.721762416728325,75800.0,75800.0,9.14,3000,50.489999999999995
122,115,70,59,52.721762416728325,77300.0,77300.0,9.17,3375,51.42
123,115,75,59,38.6293687458052,74700.0,74700.0,9.1,2625,50.36
124,115,75,59,38.6293687458052,75900.0,75900.0,9.14,3000,51.47
125,115,75,59,38.6293687458052,77300.0,77300.0,9.16,3375,52.4
126,115,70,63,68.68656766716235,75900.0,50094.0,9.1,2625,51.21
127,115,70,63,68.68656766716235,77100.0,55512.0,9.13,3000,52.32
128,115,70,63,68.68656766716235,78600.0,78600.0,9.16,3375,53.25
129,115,75,63,52.11286489029116,76000.0,76000.0,9.1,2625,52.19
130,115,75,63,52.11286489029116,77200.0,77200.0,9.13,3000,53.3
131,115,75,63,52.11286489029116,78600.0,78600.0,9.16,3375,54.230000000000004
132,115,70,67,86.01665325663092,78700.0,40924.0,9.09,2625,54.63
133,115,70,67,86.01665325663092,79900.0,46342.0,9.12,3000,55.74
134,115,70,67,86.01665325663092,81300.0,49593.0,9.15,3375,56.67
135,115,75,67,66.74944445162711,78700.0,51155.0,9.09,2625,55.61
136,115,75,67,66.74944445162711,79900.0,56729.0,9.12,3000,56.71
137,115,75,67,66.74944445162711,81400.0,60236.0,9.15,3375,57.64
138,115,70,71,104.86212959386695,,,,2625,
139,115,70,71,104.86212959386695,,,,3000,
140,115,70,71,104.86212959386695,,,,3375,
141,115,75,71,82.66588712337318,82900.0,41450.0,9.1,2625,59.1
142,115,75,71,82.66588712337318,84100.0,50460.0,9.2,3000,60.3
143,115,75,71,82.66588712337318,85500.0,51300.0,9.2,3375,61.2
0,65,80,59,27.740174916877326,92100.0,92100.0,5.25,2625,52.14
1,65,80,59,27.740174916877326,93300.0,93300.0,5.28,3000,53.25
2,65,80,59,27.740174916877326,94700.0,94700.0,5.31,3375,54.18
3,65,85,59,19.33867393480812,93600.0,93600.0,5.26,2625,53.55
4,65,85,59,19.33867393480812,94800.0,94800.0,5.29,3000,54.66
5,65,85,59,19.33867393480812,96300.0,96300.0,5.32,3375,55.59
6,65,80,63,39.167641557516895,93400.0,73786.0,5.24,2625,53.97
7,65,80,63,39.167641557516895,94600.0,80410.0,5.27,3000,55.08
8,65,80,63,39.167641557516895,96000.0,84480.0,5.3,3375,56.010000000000005
9,65,85,63,29.0562938284468,94900.0,84461.0,5.25,2625,55.379999999999995
10,65,85,63,29.0562938284468,96100.0,91295.0,5.29,3000,56.489999999999995
11,65,85,63,29.0562938284468,97600.0,95648.0,5.31,3375,57.42
12,65,80,67,51.57236381040482,96100.0,62465.0,5.23,2625,57.39
13,65,80,67,51.57236381040482,97300.0,69083.0,5.26,3000,58.5
14,65,80,67,51.57236381040482,98800.0,73112.0,5.29,3375,59.43
15,65,85,67,39.60494643278111,97700.0,73275.0,5.24,2625,58.8
16,65,85,67,39.60494643278111,98900.0,80109.0,5.27,3000,59.9
17,65,85,67,39.60494643278111,100300.0,85255.0,5.3,3375,60.83
18,65,80,71,65.06178938074635,100300.0,50150.0,5.3,2625,60.9
19,65,80,71,65.06178938074635,101500.0,60900.0,5.3,3000,62.0
20,65,80,71,65.06178938074635,102900.0,61740.0,5.3,3375,63.0
21,65,85,71,51.07600247681543,101800.0,61080.0,5.3,2625,62.3
22,65,85,71,51.07600247681543,103000.0,72100.0,5.3,3000,63.4
23,65,85,71,51.07600247681543,104500.0,73150.0,5.3,3375,64.4
24,75,80,59,27.740174916877326,91300.0,91300.0,5.86,2625,52.19
25,75,80,59,27.740174916877326,92500.0,92500.0,5.9,3000,53.3
26,75,80,59,27.740174916877326,93900.0,93900.0,5.92,3375,54.230000000000004
27,75,85,59,19.33867393480812,92800.0,92800.0,5.87,2625,53.6
28,75,85,59,19.33867393480812,94000.0,94000.0,5.91,3000,54.71
29,75,85,59,19.33867393480812,95500.0,95500.0,5.93,3375,55.64
30,75,80,63,39.167641557516895,92600.0,73154.0,5.86,2625,54.019999999999996
31,75,80,63,39.167641557516895,93800.0,79730.0,5.89,3000,55.129999999999995
32,75,80,63,39.167641557516895,95200.0,84728.0,5.92,3375,56.06
33,75,85,63,29.0562938284468,94100.0,94100.0,5.87,2625,55.43
34,75,85,63,29.0562938284468,95300.0,95300.0,5.9,3000,56.54
35,75,85,63,29.0562938284468,96800.0,96800.0,5.93,3375,57.47
36,75,80,67,51.57236381040482,95300.0,62898.0,5.85,2625,57.44
37,75,80,67,51.57236381040482,96500.0,69480.0,5.88,3000,58.55
38,75,80,67,51.57236381040482,97900.0,73425.0,5.91,3375,59.480000000000004
39,75,85,67,39.60494643278111,96800.0,73568.0,5.86,2625,58.85
40,75,85,67,39.60494643278111,98000.0,80360.0,5.89,3000,59.95
41,75,85,67,39.60494643278111,99500.0,84575.0,5.92,3375,60.879999999999995
42,75,80,71,65.06178938074635,99500.0,49750.0,5.9,2625,61.0
43,75,80,71,65.06178938074635,100700.0,60420.0,5.9,3000,62.1
44,75,80,71,65.06178938074635,102100.0,61260.0,6.0,3375,63.0
45,75,85,71,51.07600247681543,101000.0,60600.0,5.9,2625,62.4
46,75,85,71,51.07600247681543,102200.0,71540.0,5.9,3000,63.5
47,75,85,71,51.07600247681543,103700.0,72590.0,6.0,3375,64.4
48,85,80,59,27.740174916877326,88900.0,88900.0,6.55,2625,51.94
49,85,80,59,27.740174916877326,90100.0,90100.0,6.58,3000,53.04
50,85,80,59,27.740174916877326,91500.0,91500.0,6.61,3375,53.97
51,85,85,59,19.33867393480812,90400.0,90400.0,6.56,2625,53.35
52,85,85,59,19.33867393480812,91600.0,91600.0,6.6,3000,54.45
53,85,85,59,19.33867393480812,93100.0,93100.0,6.62,3375,55.379999999999995
54,85,80,63,39.167641557516895,90200.0,73964.0,6.55,2625,53.769999999999996
55,85,80,63,39.167641557516895,91400.0,80432.0,6.58,3000,54.870000000000005
56,85,80,63,39.167641557516895,92800.0,92800.0,6.61,3375,55.8
57,85,85,63,29.0562938284468,91700.0,91700.0,6.56,2625,55.18
58,85,85,63,29.0562938284468,92900.0,92900.0,6.59,3000,56.28
59,85,85,63,29.0562938284468,94400.0,94400.0,6.62,3375,57.21
60,85,80,67,51.57236381040482,92900.0,63172.00000000001,6.54,2625,57.18
61,85,80,67,51.57236381040482,94100.0,69634.0,6.57,3000,58.29
62,85,80,67,51.57236381040482,95600.0,74568.0,6.6,3375,59.22
63,85,85,67,39.60494643278111,94500.0,73710.0,6.55,2625,58.59
64,85,85,67,39.60494643278111,95700.0,80388.0,6.58,3000,59.7
65,85,85,67,39.60494643278111,97100.0,85448.0,6.61,3375,60.629999999999995
66,85,80,71,65.06178938074635,97100.0,48550.0,6.6,2625,60.7
67,85,80,71,65.06178938074635,98300.0,58980.0,6.6,3000,61.8
68,85,80,71,65.06178938074635,99700.0,59820.0,6.6,3375,62.8
69,85,85,71,51.07600247681543,98600.0,59160.0,6.6,2625,62.1
70,85,85,71,51.07600247681543,99800.0,69860.0,6.6,3000,63.2
71,85,85,71,51.07600247681543,101300.0,70910.0,6.7,3375,64.2
72,95,80,59,27.740174916877326,84800.0,84800.0,7.3,2625,52.21
73,95,80,59,27.740174916877326,86000.0,86000.0,7.33,3000,53.32
74,95,80,59,27.740174916877326,87400.0,87400.0,7.36,3375,54.25
75,95,85,59,19.33867393480812,86300.0,86300.0,7.31,2625,53.620000000000005
76,95,85,59,19.33867393480812,87500.0,87500.0,7.34,3000,54.730000000000004
77,95,85,59,19.33867393480812,89000.0,89000.0,7.37,3375,55.66
78,95,80,63,39.167641557516895,86100.0,86100.0,7.29,2625,54.04
79,95,80,63,39.167641557516895,87300.0,87300.0,7.32,3000,55.15
80,95,80,63,39.167641557516895,88700.0,88700.0,7.35,3375,56.08
81,95,85,63,29.0562938284468,87600.0,87600.0,7.3,2625,55.45
82,95,85,63,29.0562938284468,88800.0,88800.0,7.34,3000,56.56
83,95,85,63,29.0562938284468,90300.0,90300.0,7.36,3375,57.489999999999995
84,95,80,67,51.57236381040482,88800.0,62159.99999999999,7.28,2625,57.46
85,95,80,67,51.57236381040482,90000.0,68400.0,7.31,3000,58.56
86,95,80,67,51.57236381040482,91400.0,73120.0,7.34,3375,59.489999999999995
87,95,85,67,39.60494643278111,90300.0,72240.0,7.29,2625,58.870000000000005
88,95,85,67,39.60494643278111,91500.0,78690.0,7.33,3000,59.97
89,95,85,67,39.60494643278111,93000.0,83700.0,7.35,3375,60.9
90,95,80,71,65.06178938074635,93000.0,55800.0,7.3,2625,61.0
91,95,80,71,65.06178938074635,94200.0,56520.0,7.4,3000,62.1
92,95,80,71,65.06178938074635,95600.0,66920.0,7.4,3375,63.0
93,95,85,71,51.07600247681543,94500.0,66150.0,7.3,2625,62.4
94,95,85,71,51.07600247681543,95700.0,66990.0,7.4,3000,63.5
95,95,85,71,51.07600247681543,97200.0,77760.0,7.4,3375,64.4
96,105,80,59,27.740174916877326,79700.0,79700.0,8.13,2625,52.46
97,105,80,59,27.740174916877326,80900.0,80900.0,8.16,3000,53.56
98,105,80,59,27.740174916877326,82400.0,82400.0,8.19,3375,54.489999999999995
99,105,85,59,19.33867393480812,81300.0,81300.0,8.14,2625,53.870000000000005
100,105,85,59,19.33867393480812,82500.0,82500.0,8.17,3000,54.97
101,105,85,59,19.33867393480812,83900.0,83900.0,8.2,3375,55.9
102,105,80,63,39.167641557516895,81000.0,81000.0,8.12,2625,54.29
103,105,80,63,39.167641557516895,82200.0,82200.0,8.16,3000,55.39
104,105,80,63,39.167641557516895,83700.0,83700.0,8.18,3375,56.32
105,105,85,63,29.0562938284468,82600.0,82600.0,8.14,2625,55.7
106,105,85,63,29.0562938284468,83800.0,83800.0,8.17,3000,56.8
107,105,85,63,29.0562938284468,85200.0,85200.0,8.2,3375,57.730000000000004
108,105,80,67,51.57236381040482,83800.0,60336.0,8.11,2625,57.7
109,105,80,67,51.57236381040482,85000.0,66300.0,8.15,3000,58.81
110,105,80,67,51.57236381040482,86400.0,70848.0,8.17,3375,59.739999999999995
111,105,85,67,39.60494643278111,85300.0,85300.0,8.13,2625,59.11
112,105,85,67,39.60494643278111,86500.0,86500.0,8.16,3000,60.22
113,105,85,67,39.60494643278111,88000.0,88000.0,8.19,3375,61.15
114,105,80,71,65.06178938074635,87900.0,52740.0,8.2,2625,61.2
115,105,80,71,65.06178938074635,89200.0,53520.0,8.2,3000,62.3
116,105,80,71,65.06178938074635,90600.0,63419.99999999999,8.2,3375,63.3
117,105,85,71,51.07600247681543,89500.0,62649.99999999999,8.2,2625,62.7
118,105,85,71,51.07600247681543,90700.0,63489.99999999999,8.2,3000,63.8
119,105,85,71,51.07600247681543,92100.0,73680.0,8.2,3375,64.7
120,115,80,59,27.740174916877326,75200.0,75200.0,9.11,2625,51.31
121,115,80,59,27.740174916877326,76400.0,76400.0,9.14,3000,52.42
122,115,80,59,27.740174916877326,77800.0,77800.0,9.17,3375,53.35
123,115,85,59,19.33867393480812,76700.0,76700.0,9.12,2625,52.72
124,115,85,59,19.33867393480812,77900.0,77900.0,9.15,3000,53.83
125,115,85,59,19.33867393480812,79300.0,79300.0,9.18,3375,54.760000000000005
126,115,80,63,39.167641557516895,76400.0,76400.0,9.1,2625,53.14
127,115,80,63,39.167641557516895,77600.0,77600.0,9.13,3000,54.25
128,115,80,63,39.167641557516895,79100.0,79100.0,9.16,3375,55.18
129,115,85,63,29.0562938284468,78000.0,78000.0,9.11,2625,54.55
130,115,85,63,29.0562938284468,79200.0,79200.0,9.15,3000,55.66
131,115,85,63,29.0562938284468,80600.0,80600.0,9.17,3375,56.59
132,115,80,67,51.57236381040482,79200.0,60984.0,9.09,2625,56.56
133,115,80,67,51.57236381040482,80400.0,66732.0,9.12,3000,57.66
134,115,80,67,51.57236381040482,81800.0,81800.0,9.15,3375,58.59
135,115,85,67,39.60494643278111,80700.0,80700.0,9.1,2625,57.97
136,115,85,67,39.60494643278111,81900.0,81900.0,9.14,3000,59.07
137,115,85,67,39.60494643278111,83400.0,83400.0,9.16,3375,60.0
138,115,80,71,65.06178938074635,83400.0,50040.0,9.1,2625,60.1
139,115,80,71,65.06178938074635,84600.0,59219.99999999999,9.2,3000,61.2
140,115,80,71,65.06178938074635,86000.0,60199.99999999999,9.2,3375,62.1
141,115,85,71,51.07600247681543,84900.0,59429.99999999999,9.2,2625,61.5
142,115,85,71,51.07600247681543,86100.0,68880.0,9.2,3000,62.6
143,115,85,71,51.07600247681543,87500.0,70000.0,9.2,3375,63.5
0,65,70,59,52.721762416728325,105100.0,68315.0,6.06,3100,51.519999999999996
1,65,70,59,52.721762416728325,106400.0,72352.0,6.09,3400,52.25
2,65,70,59,52.721762416728325,108500.0,74865.0,6.12,3825,53.16
3,65,75,59,38.6293687458052,105200.0,82056.0,6.06,3100,52.54
4,65,75,59,38.6293687458052,106400.0,85120.0,6.08,3400,53.269999999999996
5,65,75,59,38.6293687458052,108500.0,88970.0,6.11,3825,54.18
6,65,70,63,68.68656766716235,106600.0,61827.99999999999,6.06,3100,53.33
7,65,70,63,68.68656766716235,107800.0,64680.0,6.08,3400,54.06
8,65,70,63,68.68656766716235,109900.0,68138.0,6.11,3825,54.97
9,65,75,63,52.11286489029116,106700.0,74690.0,6.05,3100,54.35
10,65,75,63,52.11286489029116,107900.0,78767.0,6.08,3400,55.08
11,65,75,63,52.11286489029116,110000.0,82500.0,6.11,3825,55.989999999999995
12,65,70,67,86.01665325663092,109700.0,48268.0,6.05,3100,56.71
13,65,70,67,86.01665325663092,110900.0,52123.0,6.07,3400,57.44
14,65,70,67,86.01665325663092,113000.0,55370.0,6.1,3825,58.35
15,65,75,67,66.74944445162711,109800.0,62585.99999999999,6.04,3100,57.730000000000004
16,65,75,67,66.74944445162711,111000.0,66600.0,6.06,3400,58.46
17,65,75,67,66.74944445162711,113100.0,68991.0,6.09,3825,59.37
18,65,70,71,104.86212959386695,,,,3100,
19,65,70,71,104.86212959386695,,,,3400,
20,65,70,71,104.86212959386695,,,,3825,
21,65,75,71,82.66588712337318,114500.0,45800.0,6.1,3100,61.2
22,65,75,71,82.66588712337318,115700.0,57850.0,6.1,3400,62.0
23,65,75,71,82.66588712337318,117800.0,58900.0,6.1,3825,62.9
24,75,70,59,52.721762416728325,104200.0,68772.0,6.76,3100,51.57
25,75,70,59,52.721762416728325,105400.0,71672.0,6.78,3400,52.3
26,75,70,59,52.721762416728325,107500.0,75250.0,6.81,3825,53.21
27,75,75,59,38.6293687458052,104300.0,104300.0,6.75,3100,52.59
28,75,75,59,38.6293687458052,105500.0,105500.0,6.78,3400,53.32
29,75,75,59,38.6293687458052,107600.0,107600.0,6.81,3825,54.230000000000004
30,75,70,63,68.68656766716235,105700.0,61305.99999999999,6.75,3100,53.379999999999995
31,75,70,63,68.68656766716235,106900.0,65209.0,6.78,3400,54.11
32,75,70,63,68.68656766716235,109000.0,68670.0,6.81,3825,55.019999999999996
33,75,75,63,52.11286489029116,105700.0,75047.0,6.75,3100,54.4
34,75,75,63,52.11286489029116,107000.0,79180.0,6.77,3400,55.129999999999995
35,75,75,63,52.11286489029116,109100.0,81825.0,6.8,3825,56.04
36,75,70,67,86.01665325663092,108800.0,48960.0,6.74,3100,56.76
37,75,70,67,86.01665325663092,110000.0,52800.0,6.76,3400,57.49
38,75,70,67,86.01665325663092,112100.0,54929.0,6.79,3825,58.4
39,75,75,67,66.74944445162711,108800.0,63103.99999999999,6.74,3100,57.78
40,75,75,67,66.74944445162711,110100.0,66060.0,6.76,3400,58.510000000000005
41,75,75,67,66.74944445162711,112200.0,69564.0,6.79,3825,59.42
42,75,70,71,104.86212959386695,,,,3100,
43,75,70,71,104.86212959386695,,,,3400,
44,75,70,71,104.86212959386695,,,,3825,
45,75,75,71,82.66588712337318,113600.0,45440.0,6.8,3100,61.3
46,75,75,71,82.66588712337318,114800.0,57400.0,6.8,3400,62.0
47,75,75,71,82.66588712337318,116900.0,58450.0,6.8,3825,62.9
48,85,70,59,52.721762416728325,101500.0,69020.0,7.53,3100,51.32
49,85,70,59,52.721762416728325,102700.0,72917.0,7.56,3400,52.04
50,85,70,59,52.721762416728325,104800.0,104800.0,7.59,3825,52.95
51,85,75,59,38.6293687458052,101600.0,101600.0,7.53,3100,52.34
52,85,75,59,38.6293687458052,102800.0,102800.0,7.55,3400,53.06
53,85,75,59,38.6293687458052,104900.0,104900.0,7.58,3825,53.980000000000004
54,85,70,63,68.68656766716235,103000.0,62830.0,7.53,3100,53.129999999999995
55,85,70,63,68.68656766716235,104200.0,65646.0,7.55,3400,53.85
56,85,70,63,68.68656766716235,106300.0,69095.0,7.58,3825,54.76
57,85,75,63,52.11286489029116,103000.0,75190.0,7.52,3100,54.15
58,85,75,63,52.11286489029116,104300.0,79268.0,7.55,3400,54.870000000000005
59,85,75,63,52.11286489029116,106400.0,82992.0,7.58,3825,55.78
60,85,70,67,86.01665325663092,106100.0,49867.0,7.52,3100,56.51
61,85,70,67,86.01665325663092,107300.0,53650.0,7.54,3400,57.230000000000004
62,85,70,67,86.01665325663092,109400.0,56888.0,7.57,3825,58.14
63,85,75,67,66.74944445162711,106100.0,63660.0,7.51,3100,57.53
64,85,75,67,66.74944445162711,107400.0,67662.0,7.54,3400,58.25
65,85,75,67,66.74944445162711,109500.0,70080.0,7.57,3825,59.16
66,85,70,71,104.86212959386695,,,,3100,
67,85,70,71,104.86212959386695,,,,3400,
68,85,70,71,104.86212959386695,,,,3825,
69,85,75,71,82.66588712337318,110900.0,55450.0,7.6,3100,61.0
70,85,75,71,82.66588712337318,112100.0,56050.0,7.6,3400,61.8
71,85,75,71,82.66588712337318,114200.0,57100.0,7.6,3825,62.7
72,95,70,59,52.721762416728325,96800.0,96800.0,8.37,3100,51.59
73,95,70,59,52.721762416728325,98100.0,98100.0,8.4,3400,52.32
74,95,70,59,52.721762416728325,100200.0,100200.0,8.43,3825,53.230000000000004
75,95,75,59,38.6293687458052,96900.0,96900.0,8.37,3100,52.61
76,95,75,59,38.6293687458052,98100.0,98100.0,8.39,3400,53.34
77,95,75,59,38.6293687458052,100200.0,100200.0,8.42,3825,54.25
78,95,70,63,68.68656766716235,98300.0,61929.0,8.37,3100,53.4
79,95,70,63,68.68656766716235,99500.0,64675.0,8.39,3400,54.13
80,95,70,63,68.68656766716235,101600.0,68072.0,8.42,3825,55.04
81,95,75,63,52.11286489029116,98400.0,73800.0,8.36,3100,54.42
82,95,75,63,52.11286489029116,99600.0,77688.0,8.39,3400,55.15
83,95,75,63,52.11286489029116,101700.0,81360.0,8.42,3825,56.06
84,95,70,67,86.01665325663092,101400.0,49686.0,8.36,3100,56.78
85,95,70,67,86.01665325663092,102600.0,53352.0,8.38,3400,57.5
86,95,70,67,86.01665325663092,104700.0,56538.00000000001,8.41,3825,58.42
87,95,75,67,66.74944445162711,101500.0,62930.0,8.35,3100,57.8
88,95,75,67,66.74944445162711,102700.0,66755.0,8.38,3400,58.53
89,95,75,67,66.74944445162711,104800.0,69168.0,8.41,3825,59.44
90,95,70,71,104.86212959386695,,,,3100,
91,95,70,71,104.86212959386695,,,,3400,
92,95,70,71,104.86212959386695,,,,3825,
93,95,75,71,82.66588712337318,106200.0,53100.0,8.4,3100,61.3
94,95,75,71,82.66588712337318,107400.0,53700.0,8.4,3400,62.0
95,95,75,71,82.66588712337318,109500.0,54750.0,8.5,3825,62.9
96,105,70,59,52.721762416728325,91100.0,91100.0,9.31,3100,51.83
97,105,70,59,52.721762416728325,92400.0,92400.0,9.34,3400,52.56
98,105,70,59,52.721762416728325,94500.0,94500.0,9.37,3825,53.47
99,105,75,59,38.6293687458052,91200.0,91200.0,9.31,3100,52.85
100,105,75,59,38.6293687458052,92400.0,92400.0,9.33,3400,53.58
101,105,75,59,38.6293687458052,94500.0,94500.0,9.36,3825,54.489999999999995
102,105,70,63,68.68656766716235,92600.0,60190.0,9.31,3100,53.64
103,105,70,63,68.68656766716235,93800.0,62846.00000000001,9.33,3400,54.37
104,105,70,63,68.68656766716235,95900.0,66171.0,9.36,3825,55.28
105,105,75,63,52.11286489029116,92700.0,71379.0,9.3,3100,54.66
106,105,75,63,52.11286489029116,93900.0,75120.0,9.33,3400,55.39
107,105,75,63,52.11286489029116,96000.0,96000.0,9.36,3825,56.3
108,105,70,67,86.01665325663092,95700.0,48807.0,9.29,3100,57.019999999999996
109,105,70,67,86.01665325663092,96900.0,52326.0,9.32,3400,57.75
110,105,70,67,86.01665325663092,99000.0,55440.00000000001,9.35,3825,58.66
111,105,75,67,66.74944445162711,95800.0,61312.0,9.29,3100,58.04
112,105,75,67,66.74944445162711,97000.0,64990.00000000001,9.31,3400,58.769999999999996
113,105,75,67,66.74944445162711,99100.0,67388.0,9.34,3825,59.68
114,105,70,71,104.86212959386695,,,,3100,
115,105,70,71,104.86212959386695,,,,3400,
116,105,70,71,104.86212959386695,,,,3825,
117,105,75,71,82.66588712337318,100500.0,50250.0,9.3,3100,61.5
118,105,75,71,82.66588712337318,101700.0,50850.0,9.4,3400,62.3
119,105,75,71,82.66588712337318,103800.0,51900.0,9.4,3825,63.2
120,115,70,59,52.721762416728325,85900.0,85900.0,10.41,3100,50.7
121,115,70,59,52.721762416728325,87200.0,87200.0,10.44,3400,51.42
122,115,70,59,52.721762416728325,89300.0,89300.0,10.47,3825,52.34
123,115,75,59,38.6293687458052,86000.0,86000.0,10.41,3100,51.72
124,115,75,59,38.6293687458052,87200.0,87200.0,10.43,3400,52.44
125,115,75,59,38.6293687458052,89300.0,89300.0,10.46,3825,53.36
126,115,70,63,68.68656766716235,87400.0,61179.99999999999,10.41,3100,52.510000000000005
127,115,70,63,68.68656766716235,88600.0,63792.0,10.43,3400,53.230000000000004
128,115,70,63,68.68656766716235,90700.0,90700.0,10.46,3825,54.15
129,115,75,63,52.11286489029116,87500.0,87500.0,10.4,3100,53.53
130,115,75,63,52.11286489029116,88700.0,88700.0,10.43,3400,54.25
131,115,75,63,52.11286489029116,90800.0,90800.0,10.46,3825,55.17
132,115,70,67,86.01665325663092,90500.0,50680.00000000001,10.4,3100,55.89
133,115,70,67,86.01665325663092,91700.0,54103.0,10.42,3400,56.61
134,115,70,67,86.01665325663092,93800.0,57218.0,10.45,3825,57.519999999999996
135,115,75,67,66.74944445162711,90600.0,62513.99999999999,10.39,3100,56.91
136,115,75,67,66.74944445162711,91800.0,66096.0,10.41,3400,57.629999999999995
137,115,75,67,66.74944445162711,93900.0,68547.0,10.44,3825,58.55
138,115,70,71,104.86212959386695,,,,3100,
139,115,70,71,104.86212959386695,,,,3400,
140,115,70,71,104.86212959386695,,,,3825,
141,115,75,71,82.66588712337318,95300.0,57180.0,10.4,3100,60.4
142,115,75,71,82.66588712337318,96500.0,57900.0,10.5,3400,61.1
143,115,75,71,82.66588712337318,98600.0,59160.0,10.5,3825,62.0
0,65,80,59,27.740174916877326,105700.0,105700.0,6.06,3100,53.54
1,65,80,59,27.740174916877326,107000.0,107000.0,6.09,3400,54.260000000000005
2,65,80,59,27.740174916877326,109100.0,109100.0,6.12,3825,55.17
3,65,85,59,19.33867393480812,107500.0,107500.0,6.08,3100,54.980000000000004
4,65,85,59,19.33867393480812,108700.0,108700.0,6.1,3400,55.71
5,65,85,59,19.33867393480812,110800.0,110800.0,6.13,3825,56.620000000000005
6,65,80,63,39.167641557516895,107200.0,87904.0,6.06,3100,55.35
7,65,80,63,39.167641557516895,108400.0,92140.0,6.08,3400,56.07
8,65,80,63,39.167641557516895,110500.0,96135.0,6.11,3825,56.980000000000004
9,65,85,63,29.0562938284468,108900.0,100188.0,6.07,3100,56.79
10,65,85,63,29.0562938284468,110200.0,104690.0,6.09,3400,57.519999999999996
11,65,85,63,29.0562938284468,112300.0,108931.0,6.12,3825,58.43
12,65,80,67,51.57236381040482,110300.0,76107.0,6.04,3100,58.730000000000004
13,65,80,67,51.57236381040482,111500.0,80280.0,6.07,3400,59.45
14,65,80,67,51.57236381040482,113600.0,84064.0,6.1,3825,60.36
15,65,85,67,39.60494643278111,112000.0,88480.0,6.06,3100,60.17
16,65,85,67,39.60494643278111,113300.0,92906.0,6.08,3400,60.9
17,65,85,67,39.60494643278111,115400.0,95782.0,6.11,3825,61.81
18,65,80,71,65.06178938074635,115000.0,69000.0,6.1,3100,62.2
19,65,80,71,65.06178938074635,116300.0,69780.0,6.1,3400,63.0
20,65,80,71,65.06178938074635,118400.0,71040.0,6.2,3825,63.9
21,65,85,71,51.07600247681543,116800.0,81760.0,6.1,3100,63.7
22,65,85,71,51.07600247681543,118000.0,82600.0,6.1,3400,64.4
23,65,85,71,51.07600247681543,120100.0,84070.0,6.2,3825,65.3
24,75,80,59,27.740174916877326,104800.0,104800.0,6.76,3100,53.59
25,75,80,59,27.740174916877326,106000.0,106000.0,6.78,3400,54.31
26,75,80,59,27.740174916877326,108100.0,108100.0,6.81,3825,55.22
27,75,85,59,19.33867393480812,106600.0,106600.0,6.77,3100,55.03
28,75,85,59,19.33867393480812,107800.0,107800.0,6.79,3400,55.760000000000005
29,75,85,59,19.33867393480812,109900.0,109900.0,6.82,3825,56.67
30,75,80,63,39.167641557516895,106300.0,88229.0,6.75,3100,55.4
31,75,80,63,39.167641557516895,107500.0,92450.0,6.78,3400,56.120000000000005
32,75,80,63,39.167641557516895,109600.0,95352.0,6.81,3825,57.03
33,75,85,63,29.0562938284468,108000.0,108000.0,6.76,3100,56.84
34,75,85,63,29.0562938284468,109300.0,109300.0,6.79,3400,57.57
35,75,85,63,29.0562938284468,111300.0,111300.0,6.82,3825,58.480000000000004
36,75,80,67,51.57236381040482,109400.0,76580.0,6.74,3100,58.78
37,75,80,67,51.57236381040482,110600.0,80738.0,6.76,3400,59.5
38,75,80,67,51.57236381040482,112700.0,83398.0,6.79,3825,60.41
39,75,85,67,39.60494643278111,111100.0,88880.0,6.75,3100,60.22
40,75,85,67,39.60494643278111,112400.0,92168.0,6.78,3400,60.95
41,75,85,67,39.60494643278111,114400.0,96096.0,6.81,3825,61.86
42,75,80,71,65.06178938074635,114100.0,68460.0,6.8,3100,62.3
43,75,80,71,65.06178938074635,115300.0,69180.0,6.8,3400,63.0
44,75,80,71,65.06178938074635,117400.0,70440.0,6.8,3825,63.9
45,75,85,71,51.07600247681543,115900.0,81130.0,6.8,3100,63.7
46,75,85,71,51.07600247681543,117100.0,81970.0,6.8,3400,64.4
47,75,85,71,51.07600247681543,119200.0,83440.0,6.9,3825,65.4
48,85,80,59,27.740174916877326,102100.0,102100.0,7.53,3100,53.33
49,85,80,59,27.740174916877326,103300.0,103300.0,7.56,3400,54.06
50,85,80,59,27.740174916877326,105400.0,105400.0,7.59,3825,54.97
51,85,85,59,19.33867393480812,103800.0,103800.0,7.55,3100,54.78
52,85,85,59,19.33867393480812,105100.0,105100.0,7.57,3400,55.5
53,85,85,59,19.33867393480812,107200.0,107200.0,7.6,3825,56.42
54,85,80,63,39.167641557516895,103600.0,88060.0,7.53,3100,55.14
55,85,80,63,39.167641557516895,104800.0,92224.0,7.55,3400,55.870000000000005
56,85,80,63,39.167641557516895,106900.0,106900.0,7.58,3825,56.78
57,85,85,63,29.0562938284468,105300.0,105300.0,7.54,3100,56.59
58,85,85,63,29.0562938284468,106600.0,106600.0,7.56,3400,57.31
59,85,85,63,29.0562938284468,108600.0,108600.0,7.59,3825,58.230000000000004
60,85,80,67,51.57236381040482,106700.0,76824.0,7.52,3100,58.519999999999996
61,85,80,67,51.57236381040482,107900.0,80925.0,7.54,3400,59.25
62,85,80,67,51.57236381040482,110000.0,84700.0,7.57,3825,60.16
63,85,85,67,39.60494643278111,108400.0,88888.0,7.53,3100,59.97
64,85,85,67,39.60494643278111,109700.0,93245.0,7.55,3400,60.69
65,85,85,67,39.60494643278111,111700.0,96062.0,7.58,3825,61.6
66,85,80,71,65.06178938074635,111400.0,66840.0,7.6,3100,62.0
67,85,80,71,65.06178938074635,112600.0,67560.0,7.6,3400,62.7
68,85,80,71,65.06178938074635,114700.0,68820.0,7.6,3825,63.7
69,85,85,71,51.07600247681543,113100.0,79170.0,7.6,3100,63.5
70,85,85,71,51.07600247681543,114400.0,80080.0,7.6,3400,64.2
71,85,85,71,51.07600247681543,116500.0,81550.0,7.6,3825,65.1
72,95,80,59,27.740174916877326,97400.0,97400.0,8.37,3100,53.61
73,95,80,59,27.740174916877326,98700.0,98700.0,8.4,3400,54.33
74,95,80,59,27.740174916877326,100800.0,100800.0,8.43,3825,55.239999999999995
75,95,85,59,19.33867393480812,99200.0,99200.0,8.39,3100,55.05
76,95,85,59,19.33867393480812,100400.0,100400.0,8.41,3400,55.78
77,95,85,59,19.33867393480812,102500.0,102500.0,8.44,3825,56.69
78,95,80,63,39.167641557516895,98900.0,98900.0,8.37,3100,55.42
79,95,80,63,39.167641557516895,100100.0,100100.0,8.39,3400,56.14
80,95,80,63,39.167641557516895,102200.0,102200.0,8.42,3825,57.05
81,95,85,63,29.0562938284468,100600.0,100600.0,8.38,3100,56.86
82,95,85,63,29.0562938284468,101900.0,101900.0,8.4,3400,57.59
83,95,85,63,29.0562938284468,104000.0,104000.0,8.43,3825,58.5
84,95,80,67,51.57236381040482,102000.0,75480.0,8.36,3100,58.8
85,95,80,67,51.57236381040482,103200.0,79464.0,8.38,3400,59.519999999999996
86,95,80,67,51.57236381040482,105300.0,83187.0,8.41,3825,60.43
87,95,85,67,39.60494643278111,103700.0,87108.0,8.37,3100,60.239999999999995
88,95,85,67,39.60494643278111,105000.0,91350.0,8.39,3400,60.97
89,95,85,67,39.60494643278111,107100.0,94248.0,8.42,3825,61.879999999999995
90,95,80,71,65.06178938074635,106700.0,64020.0,8.4,3100,62.3
91,95,80,71,65.06178938074635,108000.0,64800.0,8.4,3400,63.0
92,95,80,71,65.06178938074635,110100.0,66060.0,8.5,3825,63.9
93,95,85,71,51.07600247681543,108500.0,75950.0,8.4,3100,63.7
94,95,85,71,51.07600247681543,109700.0,76790.0,8.4,3400,64.5
95,95,85,71,51.07600247681543,111800.0,78260.0,8.5,3825,65.4
96,105,80,59,27.740174916877326,91700.0,91700.0,9.31,3100,53.85
97,105,80,59,27.740174916877326,93000.0,93000.0,9.33,3400,54.57
98,105,80,59,27.740174916877326,95100.0,95100.0,9.36,3825,55.480000000000004
99,105,85,59,19.33867393480812,93500.0,93500.0,9.32,3100,55.29
100,105,85,59,19.33867393480812,94700.0,94700.0,9.35,3400,56.019999999999996
101,105,85,59,19.33867393480812,96800.0,96800.0,9.38,3825,56.93
102,105,80,63,39.167641557516895,93200.0,93200.0,9.31,3100,55.66
103,105,80,63,39.167641557516895,94400.0,94400.0,9.33,3400,56.379999999999995
104,105,80,63,39.167641557516895,96500.0,96500.0,9.36,3825,57.29
105,105,85,63,29.0562938284468,95000.0,95000.0,9.32,3100,57.1
106,105,85,63,29.0562938284468,96200.0,96200.0,9.34,3400,57.83
107,105,85,63,29.0562938284468,98300.0,98300.0,9.37,3825,58.739999999999995
108,105,80,67,51.57236381040482,96300.0,73188.0,9.29,3100,59.04
109,105,80,67,51.57236381040482,97500.0,77025.0,9.32,3400,59.760000000000005
110,105,80,67,51.57236381040482,99600.0,80676.0,9.35,3825,60.67
111,105,85,67,39.60494643278111,98100.0,84366.0,9.31,3100,60.480000000000004
112,105,85,67,39.60494643278111,99300.0,99300.0,9.33,3400,61.21
113,105,85,67,39.60494643278111,101400.0,101400.0,9.36,3825,62.120000000000005
114,105,80,71,65.06178938074635,101000.0,60600.0,9.3,3100,62.5
115,105,80,71,65.06178938074635,102300.0,71610.0,9.4,3400,63.3
116,105,80,71,65.06178938074635,104400.0,73080.0,9.4,3825,64.2
117,105,85,71,51.07600247681543,102800.0,71960.0,9.4,3100,64.0
118,105,85,71,51.07600247681543,104000.0,72800.0,9.4,3400,64.7
119,105,85,71,51.07600247681543,106100.0,84880.0,9.4,3825,65.6
120,115,80,59,27.740174916877326,86500.0,86500.0,10.41,3100,52.71
121,115,80,59,27.740174916877326,87800.0,87800.0,10.44,3400,53.44
122,115,80,59,27.740174916877326,89900.0,89900.0,10.47,3825,54.35
123,115,85,59,19.33867393480812,88300.0,88300.0,10.43,3100,54.16
124,115,85,59,19.33867393480812,89500.0,89500.0,10.45,3400,54.89
125,115,85,59,19.33867393480812,91600.0,91600.0,10.48,3825,55.8
126,115,80,63,39.167641557516895,88000.0,88000.0,10.41,3100,54.519999999999996
127,115,80,63,39.167641557516895,89200.0,89200.0,10.43,3400,55.25
128,115,80,63,39.167641557516895,91300.0,91300.0,10.46,3825,56.16
129,115,85,63,29.0562938284468,89700.0,89700.0,10.42,3100,55.97
130,115,85,63,29.0562938284468,91000.0,91000.0,10.44,3400,56.7
131,115,85,63,29.0562938284468,93100.0,93100.0,10.47,3825,57.61
132,115,80,67,51.57236381040482,91100.0,73791.0,10.39,3100,57.9
133,115,80,67,51.57236381040482,92300.0,77532.0,10.42,3400,58.629999999999995
134,115,80,67,51.57236381040482,94400.0,94400.0,10.45,3825,59.54
135,115,85,67,39.60494643278111,92800.0,92800.0,10.41,3100,59.35
136,115,85,67,39.60494643278111,94100.0,94100.0,10.43,3400,60.07
137,115,85,67,39.60494643278111,96200.0,96200.0,10.46,3825,60.989999999999995
138,115,80,71,65.06178938074635,95800.0,67060.0,10.4,3100,61.4
139,115,80,71,65.06178938074635,97100.0,67970.0,10.5,3400,62.1
140,115,80,71,65.06178938074635,99200.0,69440.0,10.5,3825,63.0
141,115,85,71,51.07600247681543,97600.0,78080.0,10.5,3100,62.9
142,115,85,71,51.07600247681543,98800.0,79040.0,10.5,3400,63.6
143,115,85,71,51.07600247681543,100900.0,80720.0,10.5,3825,64.5
0,65,70,59,52.721762416728325,118500.0,74655.0,6.8,3550,51.05
1,65,70,59,52.721762416728325,120400.0,79464.0,6.84,4000,52.010000000000005
2,65,70,59,52.721762416728325,122900.0,82343.0,6.87,4500,52.94
3,65,75,59,38.6293687458052,118600.0,88950.0,6.8,3550,51.97
4,65,75,59,38.6293687458052,120500.0,93990.0,6.83,4000,52.93
5,65,75,59,38.6293687458052,123000.0,97170.0,6.87,4500,53.86
6,65,70,63,68.68656766716235,120200.0,67312.0,6.79,3550,52.91
7,65,70,63,68.68656766716235,122100.0,72039.0,6.83,4000,53.86
8,65,70,63,68.68656766716235,124600.0,74760.0,6.87,4500,54.8
9,65,75,63,52.11286489029116,120300.0,81804.0,6.79,3550,53.83
10,65,75,63,52.11286489029116,122100.0,86691.0,6.83,4000,54.78
11,65,75,63,52.11286489029116,124700.0,89784.0,6.86,4500,55.72
12,65,70,67,86.01665325663092,123700.0,53191.0,6.78,3550,56.37
13,65,70,67,86.01665325663092,125600.0,57776.0,6.82,4000,57.33
14,65,70,67,86.01665325663092,128100.0,60207.0,6.85,4500,58.269999999999996
15,65,75,67,66.74944445162711,123800.0,68090.0,6.78,3550,57.29
16,65,75,67,66.74944445162711,125600.0,72848.0,6.81,4000,58.25
17,65,75,67,66.74944445162711,128199.99999999999,75637.99999999999,6.85,4500,59.19
18,65,70,71,104.86212959386695,,,,3550,
19,65,70,71,104.86212959386695,,,,4000,
20,65,70,71,104.86212959386695,,,,4500,
21,65,75,71,82.66588712337318,129100.0,51640.0,6.8,3550,60.9
22,65,75,71,82.66588712337318,131000.0,52400.0,6.9,4000,61.8
23,65,75,71,82.66588712337318,133500.0,66750.0,6.9,4500,62.8
24,75,70,59,52.721762416728325,117500.0,74025.0,7.62,3550,51.1
25,75,70,59,52.721762416728325,119400.0,79998.0,7.66,4000,52.06
26,75,70,59,52.721762416728325,121900.0,82892.0,7.69,4500,53.0
27,75,75,59,38.6293687458052,117600.0,89376.0,7.61,3550,52.019999999999996
28,75,75,59,38.6293687458052,119400.0,94326.0,7.65,4000,52.980000000000004
29,75,75,59,38.6293687458052,122000.0,122000.0,7.69,4500,53.91
30,75,70,63,68.68656766716235,119100.0,66696.0,7.61,3550,52.96
31,75,70,63,68.68656766716235,121000.0,72600.0,7.65,4000,53.91
32,75,70,63,68.68656766716235,123600.0,75396.0,7.68,4500,54.85
33,75,75,63,52.11286489029116,119200.0,81056.0,7.61,3550,53.879999999999995
34,75,75,63,52.11286489029116,121100.0,87192.0,7.64,4000,54.83
35,75,75,63,52.11286489029116,123600.0,90228.0,7.68,4500,55.769999999999996
36,75,70,67,86.01665325663092,122600.0,52718.0,7.6,3550,56.42
37,75,70,67,86.01665325663092,124500.0,58515.0,7.64,4000,57.38
38,75,70,67,86.01665325663092,127000.0,60960.0,7.67,4500,58.32
39,75,75,67,66.74944445162711,122700.0,68712.0,7.59,3550,57.34
40,75,75,67,66.74944445162711,124600.0,73514.0,7.63,4000,58.3
41,75,75,67,66.74944445162711,127100.0,76260.0,7.67,4500,59.24
42,75,70,71,104.86212959386695,,,,3550,
43,75,70,71,104.86212959386695,,,,4000,
44,75,70,71,104.86212959386695,,,,4500,
45,75,75,71,82.66588712337318,128000.0,51200.0,7.7,3550,60.9
46,75,75,71,82.66588712337318,129900.0,64950.0,7.7,4000,61.9
47,75,75,71,82.66588712337318,132500.0,66250.0,7.7,4500,62.8
48,85,70,59,52.721762416728325,114400.0,75504.0,8.53,3550,50.84
49,85,70,59,52.721762416728325,116300.0,80247.0,8.57,4000,51.8
50,85,70,59,52.721762416728325,118800.0,83160.0,8.6,4500,52.730000000000004
51,85,75,59,38.6293687458052,114500.0,114500.0,8.53,3550,51.760000000000005
52,85,75,59,38.6293687458052,116400.0,116400.0,8.56,4000,52.72
53,85,75,59,38.6293687458052,118900.0,118900.0,8.6,4500,53.65
54,85,70,63,68.68656766716235,116100.0,68499.0,8.53,3550,52.7
55,85,70,63,68.68656766716235,118000.0,73160.0,8.56,4000,53.65
56,85,70,63,68.68656766716235,120500.0,75915.0,8.6,4500,54.59
57,85,75,63,52.11286489029116,116200.0,82502.0,8.52,3550,53.620000000000005
58,85,75,63,52.11286489029116,118000.0,87320.0,8.56,4000,54.57
59,85,75,63,52.11286489029116,120600.0,90450.0,8.59,4500,55.510000000000005
60,85,70,67,86.01665325663092,119600.0,55016.0,8.51,3550,56.16
61,85,70,67,86.01665325663092,121500.0,59535.0,8.55,4000,57.12
62,85,70,67,86.01665325663092,124000.0,62000.0,8.58,4500,58.06
63,85,75,67,66.74944445162711,119600.0,69368.0,8.51,3550,57.08
64,85,75,67,66.74944445162711,121500.0,74115.0,8.54,4000,58.04
65,85,75,67,66.74944445162711,124100.0,76942.0,8.58,4500,58.97
66,85,70,71,104.86212959386695,,,,3550,
67,85,70,71,104.86212959386695,,,,4000,
68,85,70,71,104.86212959386695,,,,4500,
69,85,75,71,82.66588712337318,125000.0,50000.0,8.6,3550,60.7
70,85,75,71,82.66588712337318,126900.0,63450.0,8.6,4000,61.6
71,85,75,71,82.66588712337318,129400.0,64700.0,8.6,4500,62.6
72,95,70,59,52.721762416728325,109200.0,74256.0,9.52,3550,51.120000000000005
73,95,70,59,52.721762416728325,111100.0,111100.0,9.56,4000,52.08
74,95,70,59,52.721762416728325,113600.0,113600.0,9.59,4500,53.010000000000005
75,95,75,59,38.6293687458052,109200.0,109200.0,9.52,3550,52.04
76,95,75,59,38.6293687458052,111100.0,111100.0,9.55,4000,53.0
77,95,75,59,38.6293687458052,113700.0,113700.0,9.59,4500,53.93
78,95,70,63,68.68656766716235,110800.0,66480.0,9.52,3550,52.980000000000004
79,95,70,63,68.68656766716235,112700.0,72128.0,9.55,4000,53.93
80,95,70,63,68.68656766716235,115200.0,74880.0,9.59,4500,54.87
81,95,75,63,52.11286489029116,110900.0,80957.0,9.51,3550,53.9
82,95,75,63,52.11286489029116,112800.0,85728.0,9.55,4000,54.85
83,95,75,63,52.11286489029116,115300.0,88781.0,9.58,4500,55.79
84,95,70,67,86.01665325663092,114300.0,54864.0,9.5,3550,56.44
85,95,70,67,86.01665325663092,116200.0,59262.0,9.54,4000,57.4
86,95,70,67,86.01665325663092,118700.0,61724.0,9.57,4500,58.34
87,95,75,67,66.74944445162711,114400.0,68640.0,9.5,3550,57.36
88,95,75,67,66.74944445162711,116300.0,73269.0,9.53,4000,58.32
89,95,75,67,66.74944445162711,118800.0,76032.0,9.57,4500,59.25
90,95,70,71,104.86212959386695,,,,3550,
91,95,70,71,104.86212959386695,,,,4000,
92,95,70,71,104.86212959386695,,,,4500,
93,95,75,71,82.66588712337318,119700.0,59850.0,9.6,3550,61.0
94,95,75,71,82.66588712337318,121600.0,60800.0,9.6,4000,61.9
95,95,75,71,82.66588712337318,124100.0,62050.0,9.6,4500,62.8
96,105,70,59,52.721762416728325,102800.0,102800.0,10.63,3550,51.370000000000005
97,105,70,59,52.721762416728325,104600.0,104600.0,10.66,4000,52.33
98,105,70,59,52.721762416728325,107200.0,107200.0,10.7,4500,53.260000000000005
99,105,75,59,38.6293687458052,102800.0,102800.0,10.62,3550,52.29
100,105,75,59,38.6293687458052,104700.0,104700.0,10.66,4000,53.239999999999995
101,105,75,59,38.6293687458052,107200.0,107200.0,10.69,4500,54.18
102,105,70,63,68.68656766716235,104400.0,65772.0,10.62,3550,53.22
103,105,70,63,68.68656766716235,106300.0,70158.0,10.66,4000,54.18
104,105,70,63,68.68656766716235,108800.0,72896.0,10.69,4500,55.12
105,105,75,63,52.11286489029116,104500.0,78375.0,10.61,3550,54.14
106,105,75,63,52.11286489029116,106300.0,82914.0,10.65,4000,55.1
107,105,75,63,52.11286489029116,108900.0,86031.0,10.69,4500,56.04
108,105,70,67,86.01665325663092,107900.0,53950.0,10.61,3550,56.69
109,105,70,67,86.01665325663092,109800.0,58194.0,10.64,4000,57.65
110,105,70,67,86.01665325663092,112300.0,60642.00000000001,10.68,4500,58.58
111,105,75,67,66.74944445162711,108000.0,66960.0,10.6,3550,57.61
112,105,75,67,66.74944445162711,109800.0,71370.0,10.64,4000,58.57
113,105,75,67,66.74944445162711,112400.0,74184.0,10.67,4500,59.5
114,105,70,71,104.86212959386695,,,,3550,
115,105,70,71,104.86212959386695,,,,4000,
116,105,70,71,104.86212959386695,,,,4500,
117,105,75,71,82.66588712337318,113300.0,56650.0,10.7,3550,61.2
118,105,75,71,82.66588712337318,115200.0,57600.0,10.7,4000,62.2
119,105,75,71,82.66588712337318,117700.0,58850.0,10.7,4500,63.1
120,115,70,59,52.721762416728325,96900.0,96900.0,11.92,3550,50.21
121,115,70,59,52.721762416728325,98800.0,98800.0,11.96,4000,51.16
122,115,70,59,52.721762416728325,101300.0,101300.0,11.99,4500,52.1
123,115,75,59,38.6293687458052,97000.0,97000.0,11.92,3550,51.129999999999995
124,115,75,59,38.6293687458052,98800.0,98800.0,11.95,4000,52.08
125,115,75,59,38.6293687458052,101400.0,101400.0,11.99,4500,53.019999999999996
126,115,70,63,68.68656766716235,98500.0,65995.0,11.92,3550,52.06
127,115,70,63,68.68656766716235,100400.0,71284.0,11.95,4000,53.019999999999996
128,115,70,63,68.68656766716235,103000.0,74160.0,11.99,4500,53.96
129,115,75,63,52.11286489029116,98600.0,98600.0,11.91,3550,52.980000000000004
130,115,75,63,52.11286489029116,100500.0,100500.0,11.95,4000,53.94
131,115,75,63,52.11286489029116,103000.0,103000.0,11.98,4500,54.879999999999995
132,115,70,67,86.01665325663092,102000.0,56100.00000000001,11.9,3550,55.53
133,115,70,67,86.01665325663092,103900.0,60261.99999999999,11.94,4000,56.480000000000004
134,115,70,67,86.01665325663092,106400.0,62776.0,11.97,4500,57.42
135,115,75,67,66.74944445162711,102100.0,68407.0,11.9,3550,56.45
136,115,75,67,66.74944445162711,104000.0,72800.0,11.93,4000,57.4
137,115,75,67,66.74944445162711,106500.0,75615.0,11.97,4500,58.34
138,115,70,71,104.86212959386695,,,,3550,
139,115,70,71,104.86212959386695,,,,4000,
140,115,70,71,104.86212959386695,,,,4500,
141,115,75,71,82.66588712337318,107400.0,53700.0,12.0,3550,60.0
142,115,75,71,82.66588712337318,109300.0,65580.0,12.0,4000,61.0
143,115,75,71,82.66588712337318,111900.0,67140.0,12.0,4500,61.9
0,65,80,59,27.740174916877326,119200.0,119200.0,6.8,3550,52.86
1,65,80,59,27.740174916877326,121100.0,121100.0,6.84,4000,53.82
2,65,80,59,27.740174916877326,123600.0,123600.0,6.87,4500,54.75
3,65,85,59,19.33867393480812,121200.0,121200.0,6.82,3550,54.22
4,65,85,59,19.33867393480812,123100.0,123100.0,6.85,4000,55.17
5,65,85,59,19.33867393480812,125600.0,125600.0,6.89,4500,56.11
6,65,80,63,39.167641557516895,120900.0,96720.0,6.79,3550,54.72
7,65,80,63,39.167641557516895,122700.0,101841.0,6.83,4000,55.67
8,65,80,63,39.167641557516895,125300.0,105252.0,6.87,4500,56.61
9,65,85,63,29.0562938284468,122800.0,109292.0,6.81,3550,56.07
10,65,85,63,29.0562938284468,124700.0,115971.0,6.85,4000,57.03
11,65,85,63,29.0562938284468,127200.0,119568.0,6.88,4500,57.97
12,65,80,67,51.57236381040482,124400.0,83348.0,6.78,3550,58.18
13,65,80,67,51.57236381040482,126200.0,88340.0,6.82,4000,59.14
14,65,80,67,51.57236381040482,128800.00000000001,91448.0,6.85,4500,60.08
15,65,85,67,39.60494643278111,126300.0,95988.0,6.8,3550,59.54
16,65,85,67,39.60494643278111,128199.99999999999,102560.0,6.83,4000,60.5
17,65,85,67,39.60494643278111,130699.99999999999,105867.0,6.87,4500,61.43
18,65,80,71,65.06178938074635,129699.99999999999,64849.99999999999,6.8,3550,61.8
19,65,80,71,65.06178938074635,131600.0,78960.0,6.9,4000,62.7
20,65,80,71,65.06178938074635,134100.0,80460.0,6.9,4500,63.7
21,65,85,71,51.07600247681543,131700.0,79020.0,6.9,3550,63.1
22,65,85,71,51.07600247681543,133500.0,93450.0,6.9,4000,64.1
23,65,85,71,51.07600247681543,136100.0,95270.0,6.9,4500,65.0
24,75,80,59,27.740174916877326,118200.0,118200.0,7.62,3550,52.91
25,75,80,59,27.740174916877326,120000.0,120000.0,7.65,4000,53.870000000000005
26,75,80,59,27.740174916877326,122600.0,122600.0,7.69,4500,54.81
27,75,85,59,19.33867393480812,120100.0,120100.0,7.63,3550,54.269999999999996
28,75,85,59,19.33867393480812,122000.0,122000.0,7.67,4000,55.22
29,75,85,59,19.33867393480812,124500.0,124500.0,7.71,4500,56.16
30,75,80,63,39.167641557516895,119800.0,95840.0,7.61,3550,54.769999999999996
31,75,80,63,39.167641557516895,121700.0,102228.0,7.65,4000,55.72
32,75,80,63,39.167641557516895,124200.0,105570.0,7.68,4500,56.66
33,75,85,63,29.0562938284468,121800.0,109620.0,7.63,3550,56.120000000000005
34,75,85,63,29.0562938284468,123700.0,123700.0,7.66,4000,57.08
35,75,85,63,29.0562938284468,126200.0,126200.0,7.7,4500,58.019999999999996
36,75,80,67,51.57236381040482,123300.0,83844.0,7.6,3550,58.230000000000004
37,75,80,67,51.57236381040482,125200.0,88892.0,7.63,4000,59.19
38,75,80,67,51.57236381040482,127700.0,91944.0,7.67,4500,60.129999999999995
39,75,85,67,39.60494643278111,125300.0,96481.0,7.61,3550,59.59
40,75,85,67,39.60494643278111,127200.0,101760.0,7.65,4000,60.55
41,75,85,67,39.60494643278111,129699.99999999999,105057.0,7.69,4500,61.480000000000004
42,75,80,71,65.06178938074635,128600.0,64300.0,7.7,3550,61.8
43,75,80,71,65.06178938074635,130500.0,78300.0,7.7,4000,62.8
44,75,80,71,65.06178938074635,133100.0,79860.0,7.7,4500,63.7
45,75,85,71,51.07600247681543,130600.0,78360.0,7.7,3550,63.2
46,75,85,71,51.07600247681543,132500.0,92750.0,7.7,4000,64.1
47,75,85,71,51.07600247681543,135000.0,94500.0,7.7,4500,65.1
48,85,80,59,27.740174916877326,115100.0,115100.0,8.53,3550,52.65
49,85,80,59,27.740174916877326,117000.0,117000.0,8.57,4000,53.61
50,85,80,59,27.740174916877326,119500.0,119500.0,8.6,4500,54.54
51,85,85,59,19.33867393480812,117100.0,117100.0,8.55,3550,54.010000000000005
52,85,85,59,19.33867393480812,119000.0,119000.0,8.58,4000,54.96
53,85,85,59,19.33867393480812,121500.0,121500.0,8.62,4500,55.9
54,85,80,63,39.167641557516895,116800.0,96944.0,8.53,3550,54.510000000000005
55,85,80,63,39.167641557516895,118600.0,101996.0,8.56,4000,55.46
56,85,80,63,39.167641557516895,121200.0,105444.0,8.6,4500,56.4
57,85,85,63,29.0562938284468,118700.0,118700.0,8.54,3550,55.86
58,85,85,63,29.0562938284468,120600.0,120600.0,8.58,4000,56.82
59,85,85,63,29.0562938284468,123100.0,123100.0,8.61,4500,57.760000000000005
60,85,80,67,51.57236381040482,120300.0,84210.0,8.51,3550,57.97
61,85,80,67,51.57236381040482,122100.0,89133.0,8.55,4000,58.93
62,85,80,67,51.57236381040482,124700.0,92278.0,8.58,4500,59.870000000000005
63,85,85,67,39.60494643278111,122200.0,96538.0,8.53,3550,59.33
64,85,85,67,39.60494643278111,124100.0,103003.0,8.56,4000,60.29
65,85,85,67,39.60494643278111,126600.0,106344.0,8.6,4500,61.22
66,85,80,71,65.06178938074635,125600.0,75360.0,8.6,3550,61.6
67,85,80,71,65.06178938074635,127500.0,76500.0,8.6,4000,62.5
68,85,80,71,65.06178938074635,130000.0,78000.0,8.6,4500,63.5
69,85,85,71,51.07600247681543,127600.0,89320.0,8.6,3550,62.9
70,85,85,71,51.07600247681543,129400.0,90580.0,8.6,4000,63.9
71,85,85,71,51.07600247681543,132000.0,92400.0,8.7,4500,64.8
72,95,80,59,27.740174916877326,109900.0,109900.0,9.52,3550,52.93
73,95,80,59,27.740174916877326,111700.0,111700.0,9.56,4000,53.89
74,95,80,59,27.740174916877326,114300.0,114300.0,9.59,4500,54.82
75,95,85,59,19.33867393480812,111800.0,111800.0,9.54,3550,54.29
76,95,85,59,19.33867393480812,113700.0,113700.0,9.57,4000,55.239999999999995
77,95,85,59,19.33867393480812,116200.0,116200.0,9.61,4500,56.18
78,95,80,63,39.167641557516895,111500.0,94775.0,9.51,3550,54.79
79,95,80,63,39.167641557516895,113400.0,113400.0,9.55,4000,55.739999999999995
80,95,80,63,39.167641557516895,115900.0,115900.0,9.59,4500,56.68
81,95,85,63,29.0562938284468,113500.0,113500.0,9.53,3550,56.14
82,95,85,63,29.0562938284468,115400.0,115400.0,9.57,4000,57.1
83,95,85,63,29.0562938284468,117900.0,117900.0,9.6,4500,58.04
84,95,80,67,51.57236381040482,115000.0,82800.0,9.5,3550,58.25
85,95,80,67,51.57236381040482,116900.0,87675.0,9.54,4000,59.21
86,95,80,67,51.57236381040482,119400.0,90744.0,9.57,4500,60.15
87,95,85,67,39.60494643278111,117000.0,94770.0,9.52,3550,59.61
88,95,85,67,39.60494643278111,118800.0,100980.0,9.55,4000,60.57
89,95,85,67,39.60494643278111,121400.0,104404.0,9.59,4500,61.5
90,95,80,71,65.06178938074635,120300.0,72180.0,9.6,3550,61.8
91,95,80,71,65.06178938074635,122200.0,73320.0,9.6,4000,62.8
92,95,80,71,65.06178938074635,124700.0,74820.0,9.6,4500,63.7
93,95,85,71,51.07600247681543,122300.0,85610.0,9.6,3550,63.2
94,95,85,71,51.07600247681543,124200.0,86940.0,9.6,4000,64.2
95,95,85,71,51.07600247681543,126700.0,88690.0,9.6,4500,65.1
96,105,80,59,27.740174916877326,103400.0,103400.0,10.62,3550,53.18
97,105,80,59,27.740174916877326,105300.0,105300.0,10.66,4000,54.14
98,105,80,59,27.740174916877326,107800.0,107800.0,10.7,4500,55.07
99,105,85,59,19.33867393480812,105400.0,105400.0,10.64,3550,54.53
100,105,85,59,19.33867393480812,107300.0,107300.0,10.68,4000,55.489999999999995
101,105,85,59,19.33867393480812,109800.0,109800.0,10.71,4500,56.43
102,105,80,63,39.167641557516895,105100.0,105100.0,10.62,3550,55.04
103,105,80,63,39.167641557516895,107000.0,107000.0,10.65,4000,55.989999999999995
104,105,80,63,39.167641557516895,109500.0,109500.0,10.69,4500,56.93
105,105,85,63,29.0562938284468,107100.0,107100.0,10.63,3550,56.39
106,105,85,63,29.0562938284468,108900.0,108900.0,10.67,4000,57.35
107,105,85,63,29.0562938284468,111500.0,111500.0,10.71,4500,58.28
108,105,80,67,51.57236381040482,108600.0,80364.0,10.6,3550,58.5
109,105,80,67,51.57236381040482,110400.0,85008.0,10.64,4000,59.46
110,105,80,67,51.57236381040482,113000.0,88140.0,10.68,4500,60.39
111,105,85,67,39.60494643278111,110500.0,91715.0,10.62,3550,59.86
112,105,85,67,39.60494643278111,112400.0,97788.0,10.66,4000,60.81
113,105,85,67,39.60494643278111,115000.0,115000.0,10.69,4500,61.75
114,105,80,71,65.06178938074635,113900.0,68340.0,10.7,3550,62.1
115,105,80,71,65.06178938074635,115800.0,69480.0,10.7,4000,63.0
116,105,80,71,65.06178938074635,118300.0,70980.0,10.7,4500,64.0
117,105,85,71,51.07600247681543,115900.0,81130.0,10.7,3550,63.4
118,105,85,71,51.07600247681543,117800.0,82460.0,10.7,4000,64.4
119,105,85,71,51.07600247681543,120300.0,84210.0,10.8,4500,65.3
120,115,80,59,27.740174916877326,97600.0,97600.0,11.92,3550,52.019999999999996
121,115,80,59,27.740174916877326,99400.0,99400.0,11.96,4000,52.97
122,115,80,59,27.740174916877326,102000.0,102000.0,11.99,4500,53.91
123,115,85,59,19.33867393480812,99500.0,99500.0,11.94,3550,53.370000000000005
124,115,85,59,19.33867393480812,101400.0,101400.0,11.97,4000,54.33
125,115,85,59,19.33867393480812,103900.0,103900.0,12.01,4500,55.269999999999996
126,115,80,63,39.167641557516895,99200.0,99200.0,11.91,3550,53.870000000000005
127,115,80,63,39.167641557516895,101100.0,101100.0,11.95,4000,54.83
128,115,80,63,39.167641557516895,103600.0,103600.0,11.99,4500,55.769999999999996
129,115,85,63,29.0562938284468,101200.0,101200.0,11.93,3550,55.230000000000004
130,115,85,63,29.0562938284468,103100.0,103100.0,11.97,4000,56.19
131,115,85,63,29.0562938284468,105600.0,105600.0,12.0,4500,57.120000000000005
132,115,80,67,51.57236381040482,102700.0,81133.0,11.9,3550,57.34
133,115,80,67,51.57236381040482,104600.0,85772.0,11.94,4000,58.3
134,115,80,67,51.57236381040482,107100.0,88893.0,11.97,4500,59.230000000000004
135,115,85,67,39.60494643278111,104700.0,104700.0,11.92,3550,58.69
136,115,85,67,39.60494643278111,106600.0,106600.0,11.95,4000,59.65
137,115,85,67,39.60494643278111,109100.0,109100.0,11.99,4500,60.59
138,115,80,71,65.06178938074635,108000.0,75600.0,12.0,3550,60.9
139,115,80,71,65.06178938074635,109900.0,76930.0,12.0,4000,61.9
140,115,80,71,65.06178938074635,112500.0,78750.0,12.0,4500,62.8
141,115,85,71,51.07600247681543,110000.0,77000.0,12.0,3550,62.3
142,115,85,71,51.07600247681543,111900.0,89520.0,12.0,4000,63.2
143,115,85,71,51.07600247681543,114400.0,91520.0,12.0,4500,64.2
0,65,70,59,52.721762416728325,141200.0,87544.0,8.31,3800,49.45
1,65,70,59,52.721762416728325,147600.0,97416.0,8.42,5000,51.83
2,65,70,59,52.721762416728325,152300.0,95949.0,8.47,5625,52.91
3,65,75,59,38.6293687458052,141300.0,104562.0,8.3,3800,50.019999999999996
4,65,75,59,38.6293687458052,147700.0,115206.0,8.41,5000,52.4
5,65,75,59,38.6293687458052,152400.0,114300.0,8.46,5625,53.480000000000004
6,65,70,63,68.68656766716235,143200.0,78760.0,8.3,3800,51.46
7,65,70,63,68.68656766716235,149600.0,88264.0,8.41,5000,53.84
8,65,70,63,68.68656766716235,154300.0,86408.00000000001,8.46,5625,54.92
9,65,75,63,52.11286489029116,143300.0,96011.0,8.3,3800,52.04
10,65,75,63,52.11286489029116,149700.0,106287.0,8.4,5000,54.42
11,65,75,63,52.11286489029116,154300.0,104924.00000000001,8.45,5625,55.5
12,65,70,67,86.01665325663092,147300.0,61866.0,8.28,3800,55.22
13,65,70,67,86.01665325663092,153800.0,70748.0,8.39,5000,57.6
14,65,70,67,86.01665325663092,158400.0,69696.0,8.44,5625,58.68
15,65,75,67,66.74944445162711,147400.0,79596.0,8.28,3800,55.8
16,65,75,67,66.74944445162711,153900.0,89262.0,8.38,5000,58.18
17,65,75,67,66.74944445162711,158500.0,88760.00000000001,8.43,5625,59.25
18,65,70,71,104.86212959386695,,,,3800,
19,65,70,71,104.86212959386695,,,,5000,
20,65,70,71,104.86212959386695,,,,5625,
21,65,75,71,82.66588712337318,153800.0,61520.0,8.4,3800,59.7
22,65,75,71,82.66588712337318,160200.0,80100.0,8.5,5000,62.1
23,65,75,71,82.66588712337318,164900.0,65960.0,8.5,5625,63.1
24,75,70,59,52.721762416728325,140000.0,88200.0,9.37,3800,49.5
25,75,70,59,52.721762416728325,146400.0,98088.0,9.48,5000,51.879999999999995
26,75,70,59,52.721762416728325,151100.0,96704.0,9.52,5625,52.96
27,75,75,59,38.6293687458052,140000.0,105000.0,9.36,3800,50.08
28,75,75,59,38.6293687458052,146500.0,115735.0,9.47,5000,52.46
29,75,75,59,38.6293687458052,151100.0,151100.0,9.52,5625,53.54
30,75,70,63,68.68656766716235,141900.0,79464.00000000001,9.36,3800,51.519999999999996
31,75,70,63,68.68656766716235,148400.0,89040.0,9.47,5000,53.9
32,75,70,63,68.68656766716235,153000.0,87209.99999999999,9.52,5625,54.980000000000004
33,75,75,63,52.11286489029116,142000.0,96560.0,9.35,3800,52.09
34,75,75,63,52.11286489029116,148400.0,106848.0,9.46,5000,54.47
35,75,75,63,52.11286489029116,153100.0,105638.99999999999,9.51,5625,55.55
36,75,70,67,86.01665325663092,146100.0,62823.0,9.34,3800,55.28
37,75,70,67,86.01665325663092,152500.0,71675.0,9.45,5000,57.66
38,75,70,67,86.01665325663092,157200.0,69168.0,9.5,5625,58.730000000000004
39,75,75,67,66.74944445162711,146200.0,80410.0,9.34,3800,55.85
40,75,75,67,66.74944445162711,152600.0,90034.0,9.44,5000,58.230000000000004
41,75,75,67,66.74944445162711,157300.0,88088.00000000001,9.49,5625,59.31
42,75,70,71,104.86212959386695,,,,3800,
43,75,70,71,104.86212959386695,,,,5000,
44,75,70,71,104.86212959386695,,,,5625,
45,75,75,71,82.66588712337318,152500.0,61000.0,9.4,3800,59.7
46,75,75,71,82.66588712337318,159000.0,79500.0,9.5,5000,62.1
47,75,75,71,82.66588712337318,163600.0,65440.0,9.6,5625,63.2
48,85,70,59,52.721762416728325,136300.0,88595.0,10.55,3800,49.22
49,85,70,59,52.721762416728325,142800.0,98531.99999999999,10.66,5000,51.6
50,85,70,59,52.721762416728325,147400.0,97284.0,10.71,5625,52.68
51,85,75,59,38.6293687458052,136400.0,105028.0,10.55,3800,49.8
52,85,75,59,38.6293687458052,142800.0,142800.0,10.65,5000,52.18
53,85,75,59,38.6293687458052,147500.0,147500.0,10.7,5625,53.25
54,85,70,63,68.68656766716235,138300.0,80214.0,10.54,3800,51.230000000000004
55,85,70,63,68.68656766716235,144700.0,89714.0,10.65,5000,53.620000000000005
56,85,70,63,68.68656766716235,149400.0,88146.0,10.7,5625,54.69
57,85,75,63,52.11286489029116,138400.0,96880.0,10.54,3800,51.81
58,85,75,63,52.11286489029116,144800.0,107152.0,10.64,5000,54.19
59,85,75,63,52.11286489029116,149500.0,106145.0,10.69,5625,55.269999999999996
60,85,70,67,86.01665325663092,142500.0,64125.0,10.53,3800,54.99
61,85,70,67,86.01665325663092,148900.0,72961.0,10.63,5000,57.37
62,85,70,67,86.01665325663092,153500.0,70610.0,10.68,5625,58.45
63,85,75,67,66.74944445162711,142500.0,81225.0,10.52,3800,55.57
64,85,75,67,66.74944445162711,149000.0,90890.0,10.63,5000,57.95
65,85,75,67,66.74944445162711,153600.0,90624.0,10.67,5625,59.03
66,85,70,71,104.86212959386695,,,,3800,
67,85,70,71,104.86212959386695,,,,5000,
68,85,70,71,104.86212959386695,,,,5625,
69,85,75,71,82.66588712337318,148900.0,59560.0,10.6,3800,59.5
70,85,75,71,82.66588712337318,155300.0,77650.0,10.7,5000,61.8
71,85,75,71,82.66588712337318,160000.0,80000.0,10.8,5625,62.9
72,95,70,59,52.721762416728325,130100.0,87167.0,11.83,3800,49.53
73,95,70,59,52.721762416728325,136500.0,136500.0,11.94,5000,51.91
74,95,70,59,52.721762416728325,141200.0,141200.0,11.99,5625,52.980000000000004
75,95,75,59,38.6293687458052,130100.0,130100.0,11.83,3800,50.1
76,95,75,59,38.6293687458052,136600.0,136600.0,11.93,5000,52.480000000000004
77,95,75,59,38.6293687458052,141200.0,141200.0,11.98,5625,53.56
78,95,70,63,68.68656766716235,132000.0,79200.0,11.82,3800,51.54
79,95,70,63,68.68656766716235,138500.0,88640.0,11.93,5000,53.92
80,95,70,63,68.68656766716235,143100.0,87291.0,11.98,5625,55.0
81,95,75,63,52.11286489029116,132100.0,95112.0,11.82,3800,52.11
82,95,75,63,52.11286489029116,138500.0,105260.0,11.92,5000,54.489999999999995
83,95,75,63,52.11286489029116,143200.0,104536.0,11.97,5625,55.57
84,95,70,67,86.01665325663092,136200.0,64014.0,11.81,3800,55.3
85,95,70,67,86.01665325663092,142600.0,72726.0,11.91,5000,57.68
86,95,70,67,86.01665325663092,147300.0,70704.0,11.96,5625,58.76
87,95,75,67,66.74944445162711,136300.0,80417.0,11.8,3800,55.870000000000005
88,95,75,67,66.74944445162711,142700.0,89901.0,11.91,5000,58.25
89,95,75,67,66.74944445162711,147400.0,88440.0,11.95,5625,59.33
90,95,70,71,104.86212959386695,,,,3800,
91,95,70,71,104.86212959386695,,,,5000,
92,95,70,71,104.86212959386695,,,,5625,
93,95,75,71,82.66588712337318,142600.0,71300.0,11.9,3800,59.8
94,95,75,71,82.66588712337318,149100.0,74550.0,12.0,5000,62.1
95,95,75,71,82.66588712337318,153700.0,76850.0,12.0,5625,63.2
96,105,70,59,52.721762416728325,122400.0,122400.0,13.26,3800,49.79
97,105,70,59,52.721762416728325,128800.00000000001,128800.00000000001,13.37,5000,52.17
98,105,70,59,52.721762416728325,133500.0,133500.0,13.42,5625,53.25
99,105,75,59,38.6293687458052,122500.0,122500.0,13.26,3800,50.370000000000005
100,105,75,59,38.6293687458052,128900.0,128900.0,13.36,5000,52.75
101,105,75,59,38.6293687458052,133600.0,133600.0,13.41,5625,53.83
102,105,70,63,68.68656766716235,124400.0,77128.0,13.25,3800,51.81
103,105,70,63,68.68656766716235,130800.00000000001,86328.00000000001,13.36,5000,54.19
104,105,70,63,68.68656766716235,135500.0,85365.0,13.41,5625,55.269999999999996
105,105,75,63,52.11286489029116,124500.0,92130.0,13.25,3800,52.379999999999995
106,105,75,63,52.11286489029116,130900.0,102102.0,13.35,5000,54.760000000000005
107,105,75,63,52.11286489029116,135500.0,101625.0,13.4,5625,55.84
108,105,70,67,86.01665325663092,128500.0,62965.0,13.24,3800,55.57
109,105,70,67,86.01665325663092,135000.0,71550.0,13.34,5000,57.95
110,105,70,67,86.01665325663092,139600.0,69800.0,13.39,5625,59.019999999999996
111,105,75,67,66.74944445162711,128600.0,78446.0,13.23,3800,56.14
112,105,75,67,66.74944445162711,135100.0,87815.0,13.34,5000,58.519999999999996
113,105,75,67,66.74944445162711,139700.0,86614.0,13.38,5625,59.6
114,105,70,71,104.86212959386695,,,,3800,
115,105,70,71,104.86212959386695,,,,5000,
116,105,70,71,104.86212959386695,,,,5625,
117,105,75,71,82.66588712337318,135000.0,67500.0,13.3,3800,60.0
118,105,75,71,82.66588712337318,141400.0,70700.0,13.4,5000,62.4
119,105,75,71,82.66588712337318,146100.0,73050.0,13.5,5625,63.5
120,115,70,59,52.721762416728325,115400.0,115400.0,14.94,3800,48.53
121,115,70,59,52.721762416728325,121900.0,121900.0,15.05,5000,50.91
122,115,70,59,52.721762416728325,126500.0,126500.0,15.1,5625,51.989999999999995
123,115,75,59,38.6293687458052,115500.0,115500.0,14.93,3800,49.11
124,115,75,59,38.6293687458052,121900.0,121900.0,15.04,5000,51.489999999999995
125,115,75,59,38.6293687458052,126600.0,126600.0,15.09,5625,52.57
126,115,70,63,68.68656766716235,117400.0,78658.0,14.93,3800,50.55
127,115,70,63,68.68656766716235,123800.0,87898.0,15.04,5000,52.93
128,115,70,63,68.68656766716235,128500.0,87380.0,15.09,5625,54.01
129,115,75,63,52.11286489029116,117500.0,92825.0,14.93,3800,51.120000000000005
130,115,75,63,52.11286489029116,123900.0,123900.0,15.03,5000,53.5
131,115,75,63,52.11286489029116,128600.0,128600.0,15.08,5625,54.58
132,115,70,67,86.01665325663092,121600.0,65664.0,14.91,3800,54.31
133,115,70,67,86.01665325663092,128000.0,74240.0,15.02,5000,56.69
134,115,70,67,86.01665325663092,132600.0,72930.0,15.07,5625,57.76
135,115,75,67,66.74944445162711,121600.0,80256.0,14.91,3800,54.879999999999995
136,115,75,67,66.74944445162711,128100.0,89670.0,15.01,5000,57.260000000000005
137,115,75,67,66.74944445162711,132700.0,88909.0,15.06,5625,58.34
138,115,70,71,104.86212959386695,,,,3800,
139,115,70,71,104.86212959386695,,,,5000,
140,115,70,71,104.86212959386695,,,,5625,
141,115,75,71,82.66588712337318,128000.0,64000.0,15.0,3800,58.8
142,115,75,71,82.66588712337318,134400.0,80640.0,15.1,5000,61.2
143,115,75,71,82.66588712337318,139100.0,69550.0,15.1,5625,62.2
0,65,80,59,27.740174916877326,142000.0,122120.0,8.31,3800,50.57
1,65,80,59,27.740174916877326,148400.0,148400.0,8.42,5000,52.95
2,65,80,59,27.740174916877326,153100.0,153100.0,8.46,5625,54.03
3,65,85,59,19.33867393480812,144400.0,144400.0,8.33,3800,51.62
4,65,85,59,19.33867393480812,150800.0,150800.0,8.44,5000,54.0
5,65,85,59,19.33867393480812,155500.0,155500.0,8.48,5625,55.07
6,65,80,63,39.167641557516895,144000.0,113760.0,8.3,3800,52.58
7,65,80,63,39.167641557516895,150400.0,124832.0,8.41,5000,54.96
8,65,80,63,39.167641557516895,155100.0,124080.0,8.46,5625,56.04
9,65,85,63,29.0562938284468,146300.0,128744.0,8.32,3800,53.629999999999995
10,65,85,63,29.0562938284468,152800.0,140576.0,8.43,5000,56.010000000000005
11,65,85,63,29.0562938284468,157400.0,140086.0,8.48,5625,57.09
12,65,80,67,51.57236381040482,148100.0,97746.0,8.28,3800,56.34
13,65,80,67,51.57236381040482,154600.0,108220.0,8.39,5000,58.72
14,65,80,67,51.57236381040482,159200.0,106664.0,8.44,5625,59.8
15,65,85,67,39.60494643278111,150500.0,114380.0,8.3,3800,57.39
16,65,85,67,39.60494643278111,156900.0,125520.0,8.41,5000,59.769999999999996
17,65,85,67,39.60494643278111,161600.0,124432.0,8.46,5625,60.85
18,65,80,71,65.06178938074635,154500.0,77250.0,8.4,3800,60.2
19,65,80,71,65.06178938074635,160900.0,96540.0,8.5,5000,62.6
20,65,80,71,65.06178938074635,165600.0,82800.0,8.5,5625,63.7
21,65,85,71,51.07600247681543,156900.0,94140.0,8.4,3800,61.3
22,65,85,71,51.07600247681543,163300.0,114310.0,8.5,5000,63.7
23,65,85,71,51.07600247681543,167900.0,100740.0,8.5,5625,64.7
24,75,80,59,27.740174916877326,140800.0,140800.0,9.37,3800,50.620000000000005
25,75,80,59,27.740174916877326,147200.0,147200.0,9.48,5000,53.0
26,75,80,59,27.740174916877326,151900.0,151900.0,9.52,5625,54.08
27,75,85,59,19.33867393480812,143100.0,143100.0,9.39,3800,51.67
28,75,85,59,19.33867393480812,149500.0,149500.0,9.5,5000,54.05
29,75,85,59,19.33867393480812,154200.0,154200.0,9.54,5625,55.129999999999995
30,75,80,63,39.167641557516895,142700.0,112733.0,9.36,3800,52.64
31,75,80,63,39.167641557516895,149200.0,123836.0,9.47,5000,55.019999999999996
32,75,80,63,39.167641557516895,153800.0,124578.00000000001,9.52,5625,56.09
33,75,85,63,29.0562938284468,145100.0,129139.0,9.38,3800,53.68
34,75,85,63,29.0562938284468,151500.0,151500.0,9.49,5000,56.06
35,75,85,63,29.0562938284468,156200.0,156200.0,9.54,5625,57.14
36,75,80,67,51.57236381040482,146900.0,98423.0,9.34,3800,56.39
37,75,80,67,51.57236381040482,153300.0,108843.0,9.45,5000,58.769999999999996
38,75,80,67,51.57236381040482,158000.0,107440.00000000001,9.5,5625,59.85
39,75,85,67,39.60494643278111,149200.0,113392.0,9.36,3800,57.44
40,75,85,67,39.60494643278111,155700.0,124560.0,9.47,5000,59.82
41,75,85,67,39.60494643278111,160300.0,123431.0,9.52,5625,60.9
42,75,80,71,65.06178938074635,153300.0,76650.0,9.4,3800,60.3
43,75,80,71,65.06178938074635,159700.0,95820.0,9.5,5000,62.7
44,75,80,71,65.06178938074635,164300.0,82150.0,9.6,5625,63.7
45,75,85,71,51.07600247681543,155600.0,93360.0,9.4,3800,61.3
46,75,85,71,51.07600247681543,162000.0,113400.0,9.6,5000,63.7
47,75,85,71,51.07600247681543,166700.0,100020.0,9.6,5625,64.8
48,85,80,59,27.740174916877326,137100.0,137100.0,10.55,3800,50.34
49,85,80,59,27.740174916877326,143600.0,143600.0,10.66,5000,52.72
50,85,80,59,27.740174916877326,148200.0,148200.0,10.71,5625,53.8
51,85,85,59,19.33867393480812,139500.0,139500.0,10.57,3800,51.39
52,85,85,59,19.33867393480812,145900.0,145900.0,10.68,5000,53.769999999999996
53,85,85,59,19.33867393480812,150600.0,150600.0,10.73,5625,54.85
54,85,80,63,39.167641557516895,139100.0,114062.0,10.54,3800,52.35
55,85,80,63,39.167641557516895,145500.0,125130.0,10.65,5000,54.730000000000004
56,85,80,63,39.167641557516895,150200.0,124666.0,10.7,5625,55.81
57,85,85,63,29.0562938284468,141400.0,141400.0,10.56,3800,53.4
58,85,85,63,29.0562938284468,147900.0,147900.0,10.67,5000,55.78
59,85,85,63,29.0562938284468,152500.0,152500.0,10.72,5625,56.86
60,85,80,67,51.57236381040482,143300.0,98876.99999999999,10.53,3800,56.11
61,85,80,67,51.57236381040482,149700.0,109281.0,10.63,5000,58.489999999999995
62,85,80,67,51.57236381040482,154300.0,108010.0,10.68,5625,59.57
63,85,85,67,39.60494643278111,145600.0,115024.0,10.55,3800,57.16
64,85,85,67,39.60494643278111,152000.0,126160.0,10.65,5000,59.54
65,85,85,67,39.60494643278111,156700.0,125360.0,10.7,5625,60.620000000000005
66,85,80,71,65.06178938074635,149600.0,89760.0,10.6,3800,60.0
67,85,80,71,65.06178938074635,156100.0,93660.0,10.7,5000,62.4
68,85,80,71,65.06178938074635,160700.0,96420.0,10.8,5625,63.5
69,85,85,71,51.07600247681543,152000.0,106400.0,10.6,3800,61.1
70,85,85,71,51.07600247681543,158400.0,110880.0,10.7,5000,63.4
71,85,85,71,51.07600247681543,163100.0,114170.0,10.8,5625,64.5
72,95,80,59,27.740174916877326,130900.0,130900.0,11.83,3800,50.64
73,95,80,59,27.740174916877326,137300.0,137300.0,11.94,5000,53.019999999999996
74,95,80,59,27.740174916877326,142000.0,142000.0,11.99,5625,54.1
75,95,85,59,19.33867393480812,133200.0,133200.0,11.85,3800,51.69
76,95,85,59,19.33867393480812,139600.0,139600.0,11.96,5000,54.07
77,95,85,59,19.33867393480812,144300.0,144300.0,12.01,5625,55.15
78,95,80,63,39.167641557516895,132800.0,111552.0,11.82,3800,52.66
79,95,80,63,39.167641557516895,139300.0,139300.0,11.93,5000,55.04
80,95,80,63,39.167641557516895,143900.0,143900.0,11.98,5625,56.11
81,95,85,63,29.0562938284468,135200.0,135200.0,11.84,3800,53.7
82,95,85,63,29.0562938284468,141600.0,141600.0,11.95,5000,56.08
83,95,85,63,29.0562938284468,146300.0,146300.0,12.0,5625,57.16
84,95,80,67,51.57236381040482,137000.0,97270.0,11.81,3800,56.41
85,95,80,67,51.57236381040482,143400.0,107550.0,11.91,5000,58.8
86,95,80,67,51.57236381040482,148100.0,106632.0,11.96,5625,59.870000000000005
87,95,85,67,39.60494643278111,139300.0,111440.0,11.83,3800,57.46
88,95,85,67,39.60494643278111,145800.0,122472.0,11.93,5000,59.84
89,95,85,67,39.60494643278111,150400.0,121824.00000000001,11.98,5625,60.92
90,95,80,71,65.06178938074635,143400.0,86040.0,11.9,3800,60.3
91,95,80,71,65.06178938074635,149800.0,89880.0,12.0,5000,62.7
92,95,80,71,65.06178938074635,154400.0,92640.0,12.0,5625,63.8
93,95,85,71,51.07600247681543,145700.0,101990.0,11.9,3800,61.4
94,95,85,71,51.07600247681543,152100.0,106470.0,12.0,5000,63.7
95,95,85,71,51.07600247681543,156800.0,109760.0,12.1,5625,64.8
96,105,80,59,27.740174916877326,123200.0,123200.0,13.26,3800,50.91
97,105,80,59,27.740174916877326,129600.0,129600.0,13.37,5000,53.29
98,105,80,59,27.740174916877326,134300.0,134300.0,13.42,5625,54.370000000000005
99,105,85,59,19.33867393480812,125600.0,125600.0,13.28,3800,51.96
100,105,85,59,19.33867393480812,132000.0,132000.0,13.39,5000,54.34
101,105,85,59,19.33867393480812,136600.0,136600.0,13.44,5625,55.42
102,105,80,63,39.167641557516895,125200.0,125200.0,13.25,3800,52.92
103,105,80,63,39.167641557516895,131600.0,131600.0,13.36,5000,55.31
104,105,80,63,39.167641557516895,136300.0,136300.0,13.41,5625,56.379999999999995
105,105,85,63,29.0562938284468,127500.0,127500.0,13.27,3800,53.97
106,105,85,63,29.0562938284468,134000.0,134000.0,13.38,5000,56.35
107,105,85,63,29.0562938284468,138600.0,138600.0,13.43,5625,57.43
108,105,80,67,51.57236381040482,129300.00000000001,94389.00000000001,13.24,3800,56.68
109,105,80,67,51.57236381040482,135800.0,104566.0,13.34,5000,59.06
110,105,80,67,51.57236381040482,140400.0,103896.0,13.39,5625,60.14
111,105,85,67,39.60494643278111,131700.0,107994.0,13.26,3800,57.730000000000004
112,105,85,67,39.60494643278111,138100.0,118766.0,13.36,5000,60.11
113,105,85,67,39.60494643278111,142800.0,142800.0,13.41,5625,61.19
114,105,80,71,65.06178938074635,135700.0,81420.0,13.3,3800,60.6
115,105,80,71,65.06178938074635,142100.0,85260.0,13.4,5000,63.0
116,105,80,71,65.06178938074635,146800.0,88080.0,13.5,5625,64.0
117,105,85,71,51.07600247681543,138100.0,96670.0,13.3,3800,61.6
118,105,85,71,51.07600247681543,144500.0,101150.0,13.4,5000,64.0
119,105,85,71,51.07600247681543,149100.0,104370.0,13.5,5625,65.1
120,115,80,59,27.740174916877326,116200.0,116200.0,14.94,3800,49.65
121,115,80,59,27.740174916877326,122700.0,122700.0,15.05,5000,52.03
122,115,80,59,27.740174916877326,127300.0,127300.0,15.09,5625,53.11
123,115,85,59,19.33867393480812,118600.0,118600.0,14.96,3800,50.7
124,115,85,59,19.33867393480812,125000.0,125000.0,15.07,5000,53.08
125,115,85,59,19.33867393480812,129699.99999999999,129699.99999999999,15.11,5625,54.16
126,115,80,63,39.167641557516895,118200.0,118200.0,14.93,3800,51.66
127,115,80,63,39.167641557516895,124600.0,124600.0,15.04,5000,54.05
128,115,80,63,39.167641557516895,129300.00000000001,129300.00000000001,15.09,5625,55.120000000000005
129,115,85,63,29.0562938284468,120500.0,120500.0,14.95,3800,52.71
130,115,85,63,29.0562938284468,127000.0,127000.0,15.06,5000,55.09
131,115,85,63,29.0562938284468,131600.0,131600.0,15.11,5625,56.17
132,115,80,67,51.57236381040482,122400.0,95472.0,14.91,3800,55.42
133,115,80,67,51.57236381040482,128800.00000000001,105616.0,15.02,5000,57.8
134,115,80,67,51.57236381040482,133400.0,105386.0,15.07,5625,58.879999999999995
135,115,85,67,39.60494643278111,124700.0,108489.0,14.93,3800,56.47
136,115,85,67,39.60494643278111,131100.0,131100.0,15.04,5000,58.85
137,115,85,67,39.60494643278111,135800.0,135800.0,15.09,5625,59.93
138,115,80,71,65.06178938074635,128699.99999999999,77219.99999999999,15.0,3800,59.3
139,115,80,71,65.06178938074635,135200.0,94640.0,15.1,5000,61.7
140,115,80,71,65.06178938074635,139800.0,97860.0,15.1,5625,62.8
141,115,85,71,51.07600247681543,131100.0,91770.0,15.0,3800,60.4
142,115,85,71,51.07600247681543,137500.0,110000.0,15.1,5000,62.7
143,115,85,71,51.07600247681543,142200.0,113760.0,15.2,5625,63.8
