OADB,EADB,EAWB,RH,TC,SHC,kW,airflow,SFP,BF,,,,,
75,80,75,79.75271186,791000,255000,52.2,14000,3217.385475,0,,,1,151,301
75,80,72,68.61710395,754000,309000,51.2,14000,3217.385475,0.07,,,,,
75,80,67,51.57236381,683000,393000,49.8,14000,3217.385475,0.07,,,,,
75,80,62,36.22315701,644000,488000,48.8,14000,3217.385475,0.06,,,,,
75,80,57,22.36175345,576000,552000,47.5,14000,3217.385475,0.08,,,,,
75,80,75,79.75271186,812000,257000,53,17500,4936.519553,0.13,,,,,
75,80,72,68.61710395,787000,336000,52.1,17500,4936.519553,0.1,,,,,
75,80,67,51.57236381,726000,440000,50.6,17500,4936.519553,0.09,,,,,
75,80,62,36.22315701,676000,549000,49.5,17500,4936.519553,0.09,,,,,
75,80,57,22.36175345,627000,627000,48.6,17500,4936.519553,0.16,,,,,
75,80,75,79.75271186,855000,292000,54.3,21000,7355.810056,0.14,,,,,
75,80,72,68.61710395,813000,363000,53.1,21000,7355.810056,0.12,,,,,
75,80,67,51.57236381,749000,483000,51.2,21000,7355.810056,0.11,,,,,
75,80,62,36.22315701,671000,580000,49.6,21000,7355.810056,0.11,,,,,
75,80,57,22.36175345,663000,663000,49.3,21000,7355.810056,0.26,,,,,
75,80,75,79.75271186,875000,308000,54.8,24500,10546.10615,0.16,,,,,
75,80,72,68.61710395,813000,369000,53.1,24500,10546.10615,0.14,,,,,
75,80,67,51.57236381,767000,525000,51.7,24500,10546.10615,0.13,,,,,
75,80,62,36.22315701,703000,648000,50.4,24500,10546.10615,0.14,,,,,
75,80,57,22.36175345,681000,681000,49.6,24500,10546.10615,0.34,,,,,
85,80,75,79.75271186,738000,209000,56.1,14000,3217.385475,0,,,,,
85,80,72,68.61710395,724000,286000,55.5,14000,3217.385475,0.07,,,,,
85,80,67,51.57236381,665000,374000,54.1,14000,3217.385475,0.07,,,,,
85,80,62,36.22315701,618000,467000,53.2,14000,3217.385475,0.07,,,,,
85,80,57,22.36175345,551000,529000,51.8,14000,3217.385475,0.09,,,,,
85,80,75,79.75271186,774000,229000,57.2,17500,4936.519553,0.13,,,,,
85,80,72,68.61710395,738000,295000,56.2,17500,4936.519553,0.1,,,,,
85,80,67,51.57236381,695000,416000,54.9,17500,4936.519553,0.09,,,,,
85,80,62,36.22315701,637000,517000,53.6,17500,4936.519553,0.09,,,,,
85,80,57,22.36175345,588000,588000,52.5,17500,4936.519553,0.17,,,,,
85,80,75,79.75271186,815000,264000,58.4,21000,7355.810056,0.14,,,,,
85,80,72,68.61710395,776000,337000,57.3,21000,7355.810056,0.12,,,,,
85,80,67,51.57236381,716000,458000,55.4,21000,7355.810056,0.11,,,,,
85,80,62,36.22315701,668000,584000,54.3,21000,7355.810056,0.11,,,,,
85,80,57,22.36175345,623000,623000,53.3,21000,7355.810056,0.27,,,,,
85,80,75,79.75271186,833000,279000,59,24500,10546.10615,0.15,,,,,
85,80,72,68.61710395,793000,361000,57.8,24500,10546.10615,0.14,,,,,
85,80,67,51.57236381,731000,497000,56.1,24500,10546.10615,0.13,,,,,
85,80,62,36.22315701,672000,624000,54.7,24500,10546.10615,0.14,,,,,
85,80,57,22.36175345,675000,675000,55.7,24500,10546.10615,0.35,,,,,
95,80,75,79.75271186,723000,205000,61.7,14000,3217.385475,0.05,,,,,
95,80,72,68.61710395,687000,258000,60.7,14000,3217.385475,0.07,,,,,
95,80,67,51.57236381,627000,344000,59.2,14000,3217.385475,0.07,,,,,
95,80,62,36.22315701,595000,453000,59.7,14000,3217.385475,0.07,,,,,
95,80,57,22.36175345,543000,522000,59.3,14000,3217.385475,0.11,,,,,
95,80,75,79.75271186,754000,221000,62.6,17500,4936.519553,0.13,,,,,
95,80,72,68.61710395,718000,285000,61.6,17500,4936.519553,0.1,,,,,
95,80,67,51.57236381,660000,390000,60.1,17500,4936.519553,0.09,,,,,
95,80,62,36.22315701,579000,467000,58.3,17500,4936.519553,0.09,,,,,
95,80,57,22.36175345,577000,577000,59.8,17500,4936.519553,0.17,,,,,
95,80,75,79.75271186,775000,236000,63.3,21000,7355.810056,0.14,,,,,
95,80,72,68.61710395,739000,310000,62.2,21000,7355.810056,0.12,,,,,
95,80,67,51.57236381,681000,431000,60.6,21000,7355.810056,0.11,,,,,
95,80,62,36.22315701,646000,571000,60.7,21000,7355.810056,0.11,,,,,
95,80,57,22.36175345,616000,616000,60.4,21000,7355.810056,0.28,,,,,
95,80,75,79.75271186,791000,250000,63.8,24500,10546.10615,0.15,,,,,
95,80,72,68.61710395,753000,333000,62.7,24500,10546.10615,0.14,,,,,
95,80,67,51.57236381,696000,472000,61.1,24500,10546.10615,0.13,,,,,
95,80,62,36.22315701,639000,597000,59.6,24500,10546.10615,0.15,,,,,
95,80,57,22.36175345,621000,621000,59.2,24500,10546.10615,0.36,,,,,
105,80,75,79.75271186,685000,178000,67.3,14000,3217.385475,0.05,,,,,
105,80,72,68.61710395,650000,232000,66.4,14000,3217.385475,0.07,,,,,
105,80,67,51.57236381,605000,333000,65.9,14000,3217.385475,0.07,,,,,
105,80,62,36.22315701,565000,431000,65.7,14000,3217.385475,0.07,,,,,
105,80,57,22.36175345,517000,498000,65.5,14000,3217.385475,0.12,,,,,
105,80,75,79.75271186,714000,193000,68.2,17500,4936.519553,0.13,,,,,
105,80,72,68.61710395,679000,257000,67.2,17500,4936.519553,0.1,,,,,
105,80,67,51.57236381,624000,364000,65.8,17500,4936.519553,0.09,,,,,
105,80,62,36.22315701,593000,491000,66.2,17500,4936.519553,0.09,,,,,
105,80,57,22.36175345,552000,552000,65.9,17500,4936.519553,0.2,,,,,
105,80,75,79.75271186,733000,207000,68.8,21000,7355.810056,0.14,,,,,
105,80,72,68.61710395,699000,282000,67.8,21000,7355.810056,0.12,,,,,
105,80,67,51.57236381,643000,405000,66.3,21000,7355.810056,0.11,,,,,
105,80,62,36.22315701,613000,547000,66.7,21000,7355.810056,0.12,,,,,
105,80,57,22.36175345,586000,586000,66.6,21000,7355.810056,0.3,,,,,
105,80,75,79.75271186,747000,221000,69.3,24500,10546.10615,0.15,,,,,
105,80,72,68.61710395,713000,305000,68.2,24500,10546.10615,0.14,,,,,
105,80,67,51.57236381,657000,444000,66.7,24500,10546.10615,0.13,,,,,
105,80,62,36.22315701,604000,560000,65.3,24500,10546.10615,0.17,,,,,
105,80,57,22.36175345,589000,589000,64.9,24500,10546.10615,0.37,,,,,
115,80,75,79.75271186,643000,150000,73.7,14000,3217.385475,0.04,,,,,
115,80,72,68.61710395,610000,205000,72.8,14000,3217.385475,0.07,,,,,
115,80,67,51.57236381,583000,321000,73.4,14000,3217.385475,0.07,,,,,
115,80,62,36.22315701,532000,408000,72.9,14000,3217.385475,0.07,,,,,
115,80,57,22.36175345,483000,471000,72.7,14000,2950.659218,0.15,,,,,
115,80,75,79.75271186,670000,163000,74.5,17500,4936.519553,0.12,,,,,
115,80,72,68.61710395,637000,229000,73.6,17500,4936.519553,0.1,,,,,
115,80,67,51.57236381,584000,337000,72.2,17500,4936.519553,0.09,,,,,
115,80,62,36.22315701,558000,467000,73.1,17500,4936.519553,0.09,,,,,
115,80,57,22.36175345,522000,522000,73.1,17500,4936.519553,0.22,,,,,
115,80,75,79.75271186,705000,195000,75.9,21000,7355.810056,0.14,,,,,
115,80,72,68.61710395,655000,253000,74.1,21000,7355.810056,0.12,,,,,
115,80,67,51.57236381,602000,377000,72.7,21000,7355.810056,0.11,,,,,
115,80,62,36.22315701,576000,522000,73.5,21000,7355.810056,0.12,,,,,
115,80,57,22.36175345,555000,555000,73.5,21000,7355.810056,0.32,,,,,
115,80,75,79.75271186,718000,209000,76.3,24500,10546.10615,0.15,,,,,
115,80,72,68.61710395,668000,275000,74.5,24500,10546.10615,0.14,,,,,
115,80,67,51.57236381,615000,416000,73,24500,10546.10615,0.13,,,,,
115,80,62,36.22315701,567000,526000,71.7,24500,10546.10615,0.19,,,,,
115,80,57,22.36175345,554000,554000,71.4,24500,10546.10615,0.39,,,,,
75,80,75,79.75271186,703000,648000,50.4,28000,14599.09497,0.17,,,,,
75,80,72,68.61710395,888000,332000,55.2,28000,14599.09497,0.15,,,,,
75,80,67,51.57236381,847000,414000,54.1,28000,14599.09497,0.14,,,,,
75,80,62,36.22315701,777000,561000,52.3,28000,14599.09497,0.17,,,,,
75,80,57,22.36175345,717000,717000,50.5,28000,14599.09497,0.4,,,,,
75,80,75,79.75271186,897000,333000,55.5,30000,17351.7933,0.18,,,,,
75,80,72,68.61710395,854000,428000,54.3,30000,17351.7933,0.16,,,,,
75,80,67,51.57236381,783000,582000,52.5,30000,17351.7933,0.15,,,,,
75,80,62,36.22315701,696000,681000,50.4,30000,17351.7933,0.2,,,,,
75,80,57,22.36175345,728000,728000,50.8,30000,17351.7933,0.43,,,,,
85,80,75,79.75271186,847000,294000,59.4,28000,14599.09497,0.17,,,,,
85,80,72,68.61710395,806000,385000,58.2,28000,14599.09497,0.15,,,,,
85,80,67,51.57236381,744000,536000,56.5,28000,14599.09497,0.14,,,,,
85,80,62,36.22315701,683000,657000,54.9,28000,14599.09497,0.19,,,,,
85,80,57,22.36175345,675000,675000,54.7,28000,14599.09497,0.41,,,,,
85,80,75,79.75271186,853000,303000,59.6,30000,17351.7933,0.18,,,,,
85,80,72,68.61710395,812000,399000,58.4,30000,17351.7933,0.16,,,,,
85,80,67,51.57236381,750000,558000,56.7,30000,17351.7933,0.15,,,,,
85,80,62,36.22315701,715000,700000,56.9,30000,17351.7933,0.22,,,,,
85,80,57,22.36175345,709000,709000,56.3,30000,17351.7933,0.44,,,,,
95,80,75,79.75271186,802000,265000,64.2,28000,14599.09497,0.17,,,,,
95,80,72,68.61710395,766000,357000,63.1,28000,14599.09497,0.15,,,,,
95,80,67,51.57236381,707000,510000,61.4,28000,14599.09497,0.14,,,,,
95,80,62,36.22315701,677000,654000,61.5,28000,14599.09497,0.2,,,,,
95,80,57,22.36175345,669000,669000,61.3,28000,14599.09497,0.42,,,,,
95,80,75,79.75271186,808000,273000,64.4,30000,17351.7933,0.18,,,,,
95,80,72,68.61710395,771000,370000,63.3,30000,17351.7933,0.16,,,,,
95,80,67,51.57236381,713000,531000,61.6,30000,17351.7933,0.15,,,,,
95,80,62,36.22315701,685000,674000,61.8,30000,17351.7933,0.23,,,,,
95,80,57,22.36175345,608000,608000,59.2,30000,17351.7933,0.45,,,,,
105,80,75,79.75271186,758000,235000,69.7,28000,14599.09497,0.17,,,,,
105,80,72,68.61710395,724000,328000,68.6,28000,14599.09497,0.15,,,,,
105,80,67,51.57236381,668000,482000,67,28000,14599.09497,0.14,,,,,
105,80,62,36.22315701,643000,623000,67.5,28000,14599.09497,0.22,,,,,
105,80,57,22.36175345,635000,635000,67.4,28000,14599.09497,0.43,,,,,
105,80,75,79.75271186,763000,242000,69.8,30000,17351.7933,0.18,,,,,
105,80,72,68.61710395,729000,341000,68.8,30000,17351.7933,0.16,,,,,
105,80,67,51.57236381,672000,503000,67.2,30000,17351.7933,0.15,,,,,
105,80,62,36.22315701,652000,643000,67.8,30000,17351.7933,0.24,,,,,
105,80,57,22.36175345,646000,646000,67.6,30000,17351.7933,0.46,,,,,
115,80,75,79.75271186,711000,204000,75.9,28000,14599.09497,0.17,,,,,
115,80,72,68.61710395,697000,318000,75.7,28000,14599.09497,0.15,,,,,
115,80,67,51.57236381,624000,453000,73.3,28000,14599.09497,0.14,,,,,
115,80,62,36.22315701,581000,561000,72.1,28000,14599.09497,0.23,,,,,
115,80,57,22.36175345,573000,573000,71.9,28000,14599.09497,0.45,,,,,
115,80,75,79.75271186,738000,235000,77,30000,17351.7933,0.18,,,,,
115,80,72,68.61710395,701000,331000,75.9,30000,17351.7933,0.16,,,,,
115,80,67,51.57236381,629000,474000,73.5,30000,17351.7933,0.15,,,,,
115,80,62,36.22315701,587000,580000,72.3,30000,17351.7933,0.26,,,,,
115,80,57,22.36175345,610000,610000,74.3,30000,17351.7933,0.48,,,,,
75,80,75,79.75271186,798000,236000,52.9,14000,3217.385475,0.03,,,,,
75,80,72,68.61710395,759000,292000,51.8,14000,3217.385475,0.02,,,,,
75,80,67,51.57236381,699000,386000,50.3,14000,3217.385475,0.02,,,,,
75,80,62,36.22315701,643000,478000,49,14000,3217.385475,0.02,,,,,
75,80,57,22.36175345,604000,578000,48.1,14000,3217.385475,0.03,,,,,
75,80,75,79.75271186,835000,253000,53.9,17500,4936.519553,0.06,,,,,
75,80,72,68.61710395,793000,320000,52.8,17500,4936.519553,0.04,,,,,
75,80,67,51.57236381,732000,433000,51.1,17500,4936.519553,0.03,,,,,
75,80,62,36.22315701,675000,544000,49.7,17500,4936.519553,0.04,,,,,
75,80,57,22.36175345,635000,631000,48.8,17500,4936.519553,0.11,,,,,
75,80,75,79.75271186,861000,271000,54.7,21000,7355.810056,0.07,,,,,
75,80,72,68.61710395,817000,348000,53.5,21000,7355.810056,0.05,,,,,
75,80,67,51.57236381,754000,478000,51.8,21000,7355.810056,0.05,,,,,
75,80,62,36.22315701,698000,607000,50.3,21000,7355.810056,0.05,,,,,
75,80,57,22.36175345,669000,669000,49.6,21000,7355.810056,0.21,,,,,
75,80,75,79.75271186,879000,288000,55.3,24500,10546.10615,0.08,,,,,
75,80,72,68.61710395,836000,375000,54.1,24500,10546.10615,0.06,,,,,
75,80,67,51.57236381,769000,522000,52.2,24500,10546.10615,0.06,,,,,
75,80,62,36.22315701,716000,664000,50.8,24500,10546.10615,0.08,,,,,
75,80,57,22.36175345,700000,700000,50.3,24500,10546.10615,0.29,,,,,
85,80,75,79.75271186,762000,207000,57,14000,3217.385475,0.03,,,,,
85,80,72,68.61710395,725000,264000,56,14000,3217.385475,0.02,,,,,
85,80,67,51.57236381,668000,361000,54.6,14000,3217.385475,0.02,,,,,
85,80,62,36.22315701,610000,451000,53.3,14000,3217.385475,0.02,,,,,
85,80,57,22.36175345,586000,558000,52.7,14000,3217.385475,0.06,,,,,
85,80,75,79.75271186,795000,222000,58,17500,4936.519553,0.06,,,,,
85,80,72,68.61710395,757000,290000,57,17500,4936.519553,0.04,,,,,
85,80,67,51.57236381,697000,405000,55.3,17500,4936.519553,0.03,,,,,
85,80,62,36.22315701,644000,519000,54,17500,4936.519553,0.04,,,,,
85,80,57,22.36175345,600000,598000,53.1,17500,4936.519553,0.12,,,,,
85,80,75,79.75271186,817000,237000,58.7,21000,7355.810056,0.07,,,,,
85,80,72,68.61710395,778000,316000,57.6,21000,7355.810056,0.05,,,,,
85,80,67,51.57236381,718000,449000,55.9,21000,7355.810056,0.05,,,,,
85,80,62,36.22315701,664000,579000,54.5,21000,7355.810056,0.05,,,,,
85,80,57,22.36175345,638000,638000,53.9,21000,7355.810056,0.22,,,,,
85,80,75,79.75271186,833000,253000,59.3,24500,10546.10615,0.08,,,,,
85,80,72,68.61710395,793000,342000,58.1,24500,10546.10615,0.06,,,,,
85,80,67,51.57236381,733000,493000,56.4,24500,10546.10615,0.06,,,,,
85,80,62,36.22315701,683000,636000,55,24500,10546.10615,0.08,,,,,
85,80,57,22.36175345,667000,667000,54.6,24500,10546.10615,0.3,,,,,
95,80,75,79.75271186,723000,176000,62,14000,3217.385475,0.03,,,,,
95,80,72,68.61710395,687000,235000,61,14000,3217.385475,0.02,,,,,
95,80,67,51.57236381,632000,333000,59.6,14000,3217.385475,0.02,,,,,
95,80,62,36.22315701,578000,427000,58.4,14000,3217.385475,0.02,,,,,
95,80,57,22.36175345,560000,534000,58.2,14000,3217.385475,0.07,,,,,
95,80,75,79.75271186,752000,189000,62.8,17500,4936.519553,0.06,,,,,
95,80,72,68.61710395,716000,259000,61.8,17500,4936.519553,0.04,,,,,
95,80,67,51.57236381,661000,377000,60.3,17500,4936.519553,0.03,,,,,
95,80,62,36.22315701,610000,492000,59.1,17500,4936.519553,0.04,,,,,
95,80,57,22.36175345,568000,562000,58.1,17500,4936.519553,0.12,,,,,
95,80,75,79.75271186,773000,203000,63.5,21000,7355.810056,0.07,,,,,
95,80,72,68.61710395,735000,284000,62.4,21000,7355.810056,0.05,,,,,
95,80,67,51.57236381,679000,419000,60.9,21000,7355.810056,0.05,,,,,
95,80,62,36.22315701,631000,553000,59.6,21000,7355.810056,0.06,,,,,
95,80,57,22.36175345,607000,607000,59,21000,7355.810056,0.23,,,,,
95,80,75,79.75271186,787000,218000,64,24500,10546.10615,0.08,,,,,
95,80,72,68.61710395,749000,308000,62.9,24500,10546.10615,0.06,,,,,
95,80,67,51.57236381,693000,462000,61.3,24500,10546.10615,0.06,,,,,
95,80,62,36.22315701,649000,600000,60,24500,10546.10615,0.1,,,,,
95,80,57,22.36175345,634000,634000,59.7,24500,10546.10615,0.31,,,,,
105,80,75,79.75271186,680000,145000,67.7,14000,3217.385475,0.02,,,,,
105,80,72,68.61710395,646000,205000,66.7,14000,3217.385475,0.02,,,,,
105,80,67,51.57236381,594000,305000,65.6,14000,3217.385475,0.02,,,,,
105,80,62,36.22315701,548000,405000,65.2,14000,3217.385475,0.02,,,,,
105,80,57,22.36175345,533000,508000,65.1,14000,3217.385475,0.09,,,,,
105,80,75,79.75271186,706000,155000,68.5,17500,4936.519553,0.06,,,,,
105,80,72,68.61710395,671000,226000,67.5,17500,4936.519553,0.04,,,,,
105,80,67,51.57236381,618000,346000,66.1,17500,4936.519553,0.03,,,,,
105,80,62,36.22315701,570000,463000,65.3,17500,4936.519553,0.04,,,,,
105,80,57,22.36175345,528000,528000,64.7,17500,4936.519553,0.15,,,,,
105,80,75,79.75271186,724000,167000,69.1,21000,7355.810056,0.07,,,,,
105,80,72,68.61710395,688000,249000,68,21000,7355.810056,0.05,,,,,
105,80,67,51.57236381,636000,387000,66.5,21000,7355.810056,0.05,,,,,
105,80,62,36.22315701,592000,523000,65.6,21000,7355.810056,0.06,,,,,
105,80,57,22.36175345,569000,569000,65.2,21000,7355.810056,0.25,,,,,
105,80,75,79.75271186,737000,181000,69.5,24500,10546.10615,0.08,,,,,
105,80,72,68.61710395,701000,273000,68.4,24500,10546.10615,0.06,,,,,
105,80,67,51.57236381,648000,429000,66.9,24500,10546.10615,0.06,,,,,
105,80,62,36.22315701,610000,563000,65.8,24500,10546.10615,0.12,,,,,
105,80,57,22.36175345,598000,598000,65.7,24500,10546.10615,0.33,,,,,
115,80,75,79.75271186,633000,111000,74.5,14000,3217.385475,0.02,,,,,
115,80,72,68.61710395,601000,173000,73.8,14000,3217.385475,0.02,,,,,
115,80,67,51.57236381,553000,276000,73.2,14000,3217.385475,0.02,,,,,
115,80,62,36.22315701,504000,373000,73.1,14000,3217.385475,0.02,,,,,
115,80,57,22.36175345,502000,479000,73.5,14000,3217.385475,0.1,,,,,
115,80,75,79.75271186,656000,120000,75.1,17500,4936.519553,0.06,,,,,
115,80,72,68.61710395,624000,193000,74.2,17500,4936.519553,0.04,,,,,
115,80,67,51.57236381,575000,316000,73.4,17500,4936.519553,0.03,,,,,
115,80,62,36.22315701,532000,442000,73,17500,4936.519553,0.04,,,,,
115,80,57,22.36175345,507000,507000,72.9,17500,4936.519553,0.17,,,,,
115,80,75,79.75271186,671000,130000,75.5,21000,7355.810056,0.07,,,,,
115,80,72,68.61710395,638000,214000,74.6,21000,7355.810056,0.05,,,,,
115,80,67,51.57236381,590000,355000,73.6,21000,7355.810056,0.05,,,,,
115,80,62,36.22315701,559000,494000,73.1,21000,7355.810056,0.08,,,,,
115,80,57,22.36175345,536000,536000,72.9,21000,7355.810056,0.27,,,,,
115,80,75,79.75271186,683000,143000,75.9,24500,10546.10615,0.08,,,,,
115,80,72,68.61710395,649000,236000,74.9,24500,10546.10615,0.06,,,,,
115,80,67,51.57236381,601000,396000,73.7,24500,10546.10615,0.06,,,,,
115,80,62,36.22315701,572000,527000,73.1,24500,10546.10615,0.13,,,,,
115,80,57,22.36175345,556000,556000,73,24500,10546.10615,0.34,,,,,
75,80,75,79.75271186,894000,305000,55.7,28000,14599.09497,0.09,,,,,
75,80,72,68.61710395,849000,403000,54.5,28000,14599.09497,0.08,,,,,
75,80,67,51.57236381,783000,567000,52.7,28000,14599.09497,0.07,,,,,
75,80,62,36.22315701,733000,705000,51.2,28000,14599.09497,0.12,,,,,
75,80,57,22.36175345,723000,723000,51,28000,14599.09497,0.36,,,,,
75,80,75,79.75271186,901000,314000,56,30000,17351.7933,0.1,,,,,
75,80,72,68.61710395,851000,414000,54.4,30000,17351.7933,0.08,,,,,
75,80,67,51.57236381,788000,590000,52.8,30000,17351.7933,0.08,,,,,
75,80,62,36.22315701,741000,728000,51.5,30000,17351.7933,0.15,,,,,
75,80,57,22.36175345,736000,736000,51.3,30000,17351.7933,0.4,,,,,
85,80,75,79.75271186,845000,269000,59.7,28000,14599.09497,0.09,,,,,
85,80,72,68.61710395,805000,368000,58.5,28000,14599.09497,0.08,,,,,
85,80,67,51.57236381,745000,536000,56.8,28000,14599.09497,0.07,,,,,
85,80,62,36.22315701,701000,675000,55.5,28000,14599.09497,0.13,,,,,
85,80,57,22.36175345,692000,692000,55.3,28000,14599.09497,0.37,,,,,
85,80,75,79.75271186,852000,278000,59.9,30000,17351.7933,0.1,,,,,
85,80,72,68.61710395,810000,383000,58.7,30000,17351.7933,0.08,,,,,
85,80,67,51.57236381,750000,560000,56.9,30000,17351.7933,0.08,,,,,
85,80,62,36.22315701,709000,696000,55.7,30000,17351.7933,0.16,,,,,
85,80,57,22.36175345,703000,703000,55.6,30000,17351.7933,0.4,,,,,
95,80,75,79.75271186,798000,233000,64.4,28000,14599.09497,0.09,,,,,
95,80,72,68.61710395,760000,334000,63.3,28000,14599.09497,0.08,,,,,
95,80,67,51.57236381,703000,503000,61.6,28000,14599.09497,0.07,,,,,
95,80,62,36.22315701,666000,641000,60.5,28000,14599.09497,0.15,,,,,
95,80,57,22.36175345,659000,659000,60.3,28000,14599.09497,0.38,,,,,
95,80,75,79.75271186,804000,241000,64.6,30000,17351.7933,0.1,,,,,
95,80,72,68.61710395,765000,348000,63.4,30000,17351.7933,0.08,,,,,
95,80,67,51.57236381,708000,527000,61.8,30000,17351.7933,0.08,,,,,
95,80,62,36.22315701,673000,662000,60.7,30000,17351.7933,0.17,,,,,
95,80,57,22.36175345,664000,664000,60.5,30000,17351.7933,0.41,,,,,
105,80,75,79.75271186,747000,195000,69.9,28000,14599.09497,0.09,,,,,
105,80,72,68.61710395,710000,297000,68.8,28000,14599.09497,0.08,,,,,
105,80,67,51.57236381,657000,470000,67.2,28000,14599.09497,0.07,,,,,
105,80,62,36.22315701,626000,603000,66.3,28000,14599.09497,0.16,,,,,
105,80,57,22.36175345,619000,619000,66.1,28000,14599.09497,0.39,,,,,
105,80,75,79.75271186,752000,203000,70,30000,17351.7933,0.1,,,,,
105,80,72,68.61710395,715000,311000,68.9,30000,17351.7933,0.08,,,,,
105,80,67,51.57236381,661000,492000,67.4,30000,17351.7933,0.08,,,,,
105,80,62,36.22315701,633000,624000,66.5,30000,17351.7933,0.18,,,,,
105,80,57,22.36175345,628000,628000,66.4,30000,17351.7933,0.42,,,,,
115,80,75,79.75271186,691000,156000,76.2,28000,14599.09497,0.09,,,,,
115,80,72,68.61710395,657000,260000,75.2,28000,14599.09497,0.08,,,,,
115,80,67,51.57236381,609000,436000,73.9,28000,14599.09497,0.07,,,,,
115,80,62,36.22315701,583000,563000,73.3,28000,14599.09497,0.18,,,,,
115,80,57,22.36175345,573000,573000,73.2,28000,14599.09497,0.41,,,,,
115,80,75,79.75271186,696000,164000,76.4,30000,17351.7933,0.1,,,,,
115,80,72,68.61710395,660000,273000,75.3,30000,17351.7933,0.08,,,,,
115,80,67,51.57236381,613000,458000,74,30000,17351.7933,0.08,,,,,
115,80,62,36.22315701,589000,583000,73.4,30000,17351.7933,0.2,,,,,
115,80,57,22.36175345,582000,582000,73.3,30000,17351.7933,0.44,,,,,
75,80,75,79.75271186,847000,281000,56.6,14000,4632.284916,0,,301,451,601,
75,80,72,68.61710395,771000,299000,54.6,14000,4632.284916,0.07,,,,,
75,80,67,51.57236381,745000,432000,54.8,14000,4632.284916,0.07,,,,,
75,80,62,36.22315701,681000,507000,53.8,14000,4632.284916,0.06,,,,,
75,80,57,22.36175345,619000,582000,53,14000,4632.284916,0.07,,,,,
75,80,75,79.75271186,871000,284000,57.3,17500,6013.843575,0.06,,,,,
75,80,72,68.61710395,829000,347000,56.2,17500,6013.843575,0.1,,,,,
75,80,67,51.57236381,760000,447000,54.5,17500,6013.843575,0.09,,,,,
75,80,62,36.22315701,720000,572000,54.5,17500,6013.843575,0.09,,,,,
75,80,57,22.36175345,659000,649000,53.9,17500,6013.843575,0.14,,,,,
75,80,75,79.75271186,900000,301000,58.2,21000,8501.899441,0.14,,,,,
75,80,72,68.61710395,856000,373000,57,21000,8501.899441,0.12,,,,,
75,80,67,51.57236381,789000,494000,55.2,21000,8501.899441,0.11,,,,,
75,80,62,36.22315701,725000,610000,53.7,21000,8501.899441,0.11,,,,,
75,80,57,22.36175345,674000,674000,52.5,21000,8501.899441,0.22,,,,,
75,80,75,79.75271186,914000,310000,58.7,24500,11717.20112,0.16,,,,,
75,80,72,68.61710395,868000,391000,57.4,24500,11717.20112,0.14,,,,,
75,80,67,51.57236381,809000,530000,55.8,24500,11717.20112,0.12,,,,,
75,80,62,36.22315701,743000,665000,54.1,24500,11717.20112,0.13,,,,,
75,80,57,22.36175345,709000,709000,53.3,24500,11717.20112,0.31,,,,,
85,80,75,79.75271186,803000,246000,61.1,14000,4632.284916,0,,,,,
85,80,72,68.61710395,756000,293000,59.9,14000,4632.284916,0.07,,,,,
85,80,67,51.57236381,715000,403000,59.9,14000,4632.284916,0.07,,,,,
85,80,62,36.22315701,653000,486000,59.1,14000,4632.284916,0.06,,,,,
85,80,57,22.36175345,593000,562000,58.1,14000,4632.284916,0.08,,,,,
85,80,75,79.75271186,832000,254000,61.9,17500,6013.843575,0.16,,,,,
85,80,72,68.61710395,817000,344000,62.1,17500,6013.843575,0.1,,,,,
85,80,67,51.57236381,713000,410000,58.9,17500,6013.843575,0.09,,,,,
85,80,62,36.22315701,668000,527000,57.8,17500,6013.843575,0.09,,,,,
85,80,57,22.36175345,632000,623000,58.4,17500,6013.843575,0.15,,,,,
85,80,75,79.75271186,860000,272000,62.8,21000,8501.899441,0.14,,,,,
85,80,72,68.61710395,819000,346000,61.7,21000,8501.899441,0.12,,,,,
85,80,67,51.57236381,755000,468000,59.9,21000,8501.899441,0.11,,,,,
85,80,62,36.22315701,681000,576000,58.3,21000,8501.899441,0.11,,,,,
85,80,57,22.36175345,670000,670000,59.6,21000,8501.899441,0.24,,,,,
85,80,75,79.75271186,878000,287000,63.4,24500,11717.20112,0.16,,,,,
85,80,72,68.61710395,838000,371000,62.2,24500,11717.20112,0.14,,,,,
85,80,67,51.57236381,773000,508000,60.4,24500,11717.20112,0.13,,,,,
85,80,62,36.22315701,710000,639000,58.8,24500,11717.20112,0.13,,,,,
85,80,57,22.36175345,680000,680000,58.1,24500,11717.20112,0.32,,,,,
95,80,75,79.75271186,759000,212000,66.4,14000,4632.284916,0,,,,,
95,80,72,68.61710395,720000,266000,65.4,14000,4632.284916,0.07,,,,,
95,80,67,51.57236381,681000,378000,65.6,14000,4632.284916,0.07,,,,,
95,80,62,36.22315701,623000,464000,64.8,14000,4632.284916,0.06,,,,,
95,80,57,22.36175345,566000,540000,64.5,14000,4632.284916,0.09,,,,,
95,80,75,79.75271186,794000,227000,67.4,17500,6013.843575,0.14,,,,,
95,80,72,68.61710395,755000,292000,66.4,17500,6013.843575,0.1,,,,,
95,80,67,51.57236381,694000,399000,64.7,17500,6013.843575,0.09,,,,,
95,80,62,36.22315701,603000,471000,62.6,17500,6013.843575,0.09,,,,,
95,80,57,22.36175345,606000,599000,64.9,17500,6013.843575,0.16,,,,,
95,80,75,79.75271186,818000,242000,68.2,21000,8501.899441,0.14,,,,,
95,80,72,68.61710395,779000,317000,67.1,21000,8501.899441,0.12,,,,,
95,80,67,51.57236381,717000,441000,65.4,21000,8501.899441,0.11,,,,,
95,80,62,36.22315701,682000,585000,66,21000,8501.899441,0.11,,,,,
95,80,57,22.36175345,641000,641000,65.6,21000,8501.899441,0.25,,,,,
95,80,75,79.75271186,859000,282000,69.9,24500,11717.20112,0.16,,,,,
95,80,72,68.61710395,797000,341000,67.6,24500,11717.20112,0.14,,,,,
95,80,67,51.57236381,734000,480000,65.9,24500,11717.20112,0.13,,,,,
95,80,62,36.22315701,674000,611000,64.3,24500,11717.20112,0.14,,,,,
95,80,57,22.36175345,648000,648000,63.7,24500,11717.20112,0.33,,,,,
105,80,75,79.75271186,718000,183000,72.6,14000,4632.284916,0.06,,,,,
105,80,72,68.61710395,681000,238000,71.6,14000,4632.284916,0.07,,,,,
105,80,67,51.57236381,647000,354000,72.3,14000,4632.284916,0.07,,,,,
105,80,62,36.22315701,590000,440000,71.5,14000,4632.284916,0.06,,,,,
105,80,57,22.36175345,533000,508000,71.1,14000,4632.284916,0.11,,,,,
105,80,75,79.75271186,751000,198000,73.6,17500,6013.843575,0.14,,,,,
105,80,72,68.61710395,714000,263000,72.6,17500,6013.843575,0.1,,,,,
105,80,67,51.57236381,654000,371000,71,17500,6013.843575,0.09,,,,,
105,80,62,36.22315701,621000,501000,71.9,17500,6013.843575,0.09,,,,,
105,80,57,22.36175345,576000,576000,72.1,17500,6013.843575,0.17,,,,,
105,80,75,79.75271186,773000,212000,74.3,21000,8501.899441,0.14,,,,,
105,80,72,68.61710395,736000,287000,73.2,21000,8501.899441,0.12,,,,,
105,80,67,51.57236381,677000,412000,71.6,21000,8501.899441,0.11,,,,,
105,80,62,36.22315701,645000,559000,72.6,21000,8501.899441,0.11,,,,,
105,80,57,22.36175345,610000,610000,72.3,21000,8501.899441,0.27,,,,,
105,80,75,79.75271186,789000,226000,74.9,24500,11717.20112,0.15,,,,,
105,80,72,68.61710395,752000,311000,73.7,24500,11717.20112,0.13,,,,,
105,80,67,51.57236381,692000,451000,72.1,24500,11717.20112,0.13,,,,,
105,80,62,36.22315701,634000,582000,70.5,24500,11717.20112,0.14,,,,,
105,80,57,22.36175345,613000,613000,70,24500,11717.20112,0.34,,,,,
115,80,75,79.75271186,674000,154000,79.6,14000,4632.284916,0.05,,,,,
115,80,72,68.61710395,639000,209000,78.7,14000,4632.284916,0.07,,,,,
115,80,67,51.57236381,611000,330000,80.2,14000,4632.284916,0.07,,,,,
115,80,62,36.22315701,555000,415000,79.6,14000,4632.284916,0.07,,,,,
115,80,57,22.36175345,510000,486000,80.4,14000,4632.284916,0.13,,,,,
115,80,75,79.75271186,704000,167000,80.5,17500,6013.843575,0.13,,,,,
115,80,72,68.61710395,669000,233000,79.5,17500,6013.843575,0.1,,,,,
115,80,67,51.57236381,613000,342000,78.1,17500,6013.843575,0.09,,,,,
115,80,62,36.22315701,581000,472000,79.8,17500,6013.843575,0.09,,,,,
115,80,57,22.36175345,509000,485000,80,17500,6013.843575,0.013,,,,,
115,80,75,79.75271186,724000,180000,81.2,21000,8501.899441,0.14,,,,,
115,80,72,68.61710395,689000,256000,80.1,21000,8501.899441,0.12,,,,,
115,80,67,51.57236381,633000,382000,78.6,21000,8501.899441,0.11,,,,,
115,80,62,36.22315701,607000,533000,80.3,21000,8501.899441,0.12,,,,,
115,80,57,22.36175345,576000,576000,80.2,21000,8501.899441,0.29,,,,,
115,80,75,79.75271186,764000,219000,83.1,24500,11717.20112,0.15,,,,,
115,80,72,68.61710395,704000,279000,80.6,24500,11717.20112,0.13,,,,,
115,80,67,51.57236381,647000,421000,79,24500,11717.20112,0.13,,,,,
115,80,62,36.22315701,622000,570000,80.7,24500,11717.20112,0.17,,,,,
115,80,57,22.36175345,577000,577000,77.3,24500,11717.20112,0.36,,,,,
75,80,75,79.75271186,939000,329000,59.3,28000,15747.26816,0.17,,,,,
75,80,72,68.61710395,893000,424000,58.1,28000,15747.26816,0.15,,,,,
75,80,67,51.57236381,823000,575000,56.2,28000,15747.26816,0.14,,,,,
75,80,62,36.22315701,780000,736000,55.8,28000,15747.26816,0.16,,,,,
75,80,57,22.36175345,736000,736000,54,28000,15747.26816,0.37,,,,,
75,80,75,79.75271186,947000,338000,59.6,30000,18470.7933,0.18,,,,,
75,80,72,68.61710395,900000,437000,58.3,30000,18470.7933,0.16,,,,,
75,80,67,51.57236381,830000,596000,56.4,30000,18470.7933,0.15,,,,,
75,80,62,36.22315701,764000,741000,54.7,30000,18470.7933,0.17,,,,,
75,80,57,22.36175345,773000,773000,55.8,30000,18470.7933,0.4,,,,,
85,80,75,79.75271186,893000,302000,63.9,28000,15747.26816,0.17,,,,,
85,80,72,68.61710395,852000,394000,62.7,28000,15747.26816,0.15,,,,,
85,80,67,51.57236381,787000,547000,60.9,28000,15747.26816,0.14,,,,,
85,80,62,36.22315701,724000,685000,59.2,28000,15747.26816,0.16,,,,,
85,80,57,22.36175345,706000,706000,58.8,28000,15747.26816,0.38,,,,,
85,80,75,79.75271186,900000,310000,64.1,30000,18470.7933,0.18,,,,,
85,80,72,68.61710395,884000,433000,64,30000,18470.7933,0.16,,,,,
85,80,67,51.57236381,817000,593000,62.2,30000,18470.7933,0.15,,,,,
85,80,62,36.22315701,731000,703000,59.4,30000,18470.7933,0.19,,,,,
85,80,57,22.36175345,719000,719000,59.1,30000,18470.7933,0.41,,,,,
95,80,75,79.75271186,849000,271000,69.2,28000,15747.26816,0.17,,,,,
95,80,72,68.61710395,810000,365000,68,28000,15747.26816,0.15,,,,,
95,80,67,51.57236381,747000,519000,66.3,28000,15747.26816,0.14,,,,,
95,80,62,36.22315701,687000,649000,64.6,28000,15747.26816,0.18,,,,,
95,80,57,22.36175345,673000,673000,64.3,28000,15747.26816,0.39,,,,,
95,80,75,79.75271186,854000,283000,69.4,30000,18470.7933,0.18,,,,,
95,80,72,68.61710395,817000,373000,68.3,30000,18470.7933,0.16,,,,,
95,80,67,51.57236381,753000,540000,66.5,30000,18470.7933,0.15,,,,,
95,80,62,36.22315701,696000,670000,64.9,30000,18470.7933,0.21,,,,,
95,80,57,22.36175345,685000,685000,64.6,30000,18470.7933,0.42,,,,,
105,80,75,79.75271186,802000,235000,75.3,28000,15747.26816,0.17,,,,,
105,80,72,68.61710395,764000,334000,74.1,28000,15747.26816,0.15,,,,,
105,80,67,51.57236381,705000,489000,72.4,28000,15747.26816,0.14,,,,,
105,80,62,36.22315701,650000,614000,70.9,28000,15747.26816,0.2,,,,,
105,80,57,22.36175345,637000,637000,70.6,28000,15747.26816,0.41,,,,,
105,80,75,79.75271186,830000,280000,76.7,30000,18470.7933,0.18,,,,,
105,80,72,68.61710395,770000,346000,74.3,30000,18470.7933,0.16,,,,,
105,80,67,51.57236381,710000,510000,72.6,30000,18470.7933,0.15,,,,,
105,80,62,36.22315701,658000,634000,71.1,30000,18470.7933,0.22,,,,,
105,80,57,22.36175345,649000,649000,70.9,30000,18470.7933,0.44,,,,,
115,80,75,79.75271186,750000,206000,82.1,28000,15747.26816,0.17,,,,,
115,80,72,68.61710395,715000,301000,81,28000,15747.26816,0.15,,,,,
115,80,67,51.57236381,658000,458000,79.3,28000,15747.26816,0.14,,,,,
115,80,62,36.22315701,635000,605000,80.9,28000,15747.26816,0.21,,,,,
115,80,57,22.36175345,599000,599000,77.8,28000,15747.26816,0.42,,,,,
115,80,75,79.75271186,787000,236000,83.9,30000,18470.7933,0.18,,,,,
115,80,72,68.61710395,720000,314000,81.2,30000,18470.7933,0.16,,,,,
115,80,67,51.57236381,663000,479000,79.5,30000,18470.7933,0.15,,,,,
115,80,62,36.22315701,617000,596000,78.2,30000,18470.7933,0.24,,,,,
115,80,57,22.36175345,609000,609000,78,30000,18470.7933,0.45,,,,,
75,80,75,79.75271186,871000,277000,57.3,14000,4632.284916,0,,,,,
75,80,72,68.61710395,825000,330000,56.1,14000,4632.284916,0.02,,,,,
75,80,67,51.57236381,758000,421000,54.4,14000,4632.284916,0.02,,,,,
75,80,62,36.22315701,693000,508000,53,14000,4632.284916,0.02,,,,,
75,80,57,22.36175345,647000,606000,52.4,14000,4632.284916,0.03,,,,,
75,80,75,79.75271186,913000,296000,58.6,17500,6013.843575,0.07,,,,,
75,80,72,68.61710395,869000,363000,57.3,17500,6013.843575,0.04,,,,,
75,80,67,51.57236381,799000,472000,55.5,17500,6013.843575,0.03,,,,,
75,80,62,36.22315701,726000,572000,53.5,17500,6013.843575,0.03,,,,,
75,80,57,22.36175345,674000,660000,52.5,17500,6013.843575,0.09,,,,,
75,80,75,79.75271186,946000,317000,59.5,21000,8501.899441,0.07,,,,,
75,80,72,68.61710395,896000,391000,58.1,21000,8501.899441,0.05,,,,,
75,80,67,51.57236381,837000,530000,56.5,21000,8501.899441,0.04,,,,,
75,80,62,36.22315701,761000,644000,54.5,21000,8501.899441,0.05,,,,,
75,80,57,22.36175345,717000,717000,53.5,21000,8501.899441,0.17,,,,,
75,80,75,79.75271186,966000,333000,60.2,24500,11717.20112,0.08,,,,,
75,80,72,68.61710395,919000,421000,58.8,24500,11717.20112,0.06,,,,,
75,80,67,51.57236381,847000,561000,56.8,24500,11717.20112,0.06,,,,,
75,80,62,36.22315701,773000,697000,54.8,24500,11717.20112,0.07,,,,,
75,80,57,22.36175345,753000,753000,54.4,24500,11717.20112,0.26,,,,,
85,80,75,79.75271186,836000,250000,62.1,14000,4632.284916,0,,,,,
85,80,72,68.61710395,794000,306000,61,14000,4632.284916,0.02,,,,,
85,80,67,51.57236381,741000,411000,59.7,14000,4632.284916,0.02,,,,,
85,80,62,36.22315701,680000,502000,58.6,14000,4632.284916,0.02,,,,,
85,80,57,22.36175345,616000,580000,57.2,14000,4632.284916,0.04,,,,,
85,80,75,79.75271186,876000,268000,63.3,17500,6013.843575,0.07,,,,,
85,80,72,68.61710395,834000,336000,62.1,17500,6013.843575,0.04,,,,,
85,80,67,51.57236381,766000,447000,60.3,17500,6013.843575,0.03,,,,,
85,80,62,36.22315701,717000,569000,59.3,17500,6013.843575,0.03,,,,,
85,80,57,22.36175345,650000,636000,57.5,17500,6013.843575,0.1,,,,,
85,80,75,79.75271186,907000,289000,64.2,21000,8501.899441,0.07,,,,,
85,80,72,68.61710395,866000,369000,63,21000,8501.899441,0.05,,,,,
85,80,67,51.57236381,792000,493000,61,21000,8501.899441,0.04,,,,,
85,80,62,36.22315701,743000,633000,59.9,21000,8501.899441,0.05,,,,,
85,80,57,22.36175345,689000,689000,58.4,21000,8501.899441,0.18,,,,,
85,80,75,79.75271186,923000,302000,64.8,24500,11717.20112,0.08,,,,,
85,80,72,68.61710395,880000,392000,63.5,24500,11717.20112,0.06,,,,,
85,80,67,51.57236381,812000,539000,61.6,24500,11717.20112,0.06,,,,,
85,80,62,36.22315701,747000,677000,59.9,24500,11717.20112,0.07,,,,,
85,80,57,22.36175345,741000,741000,60,24500,11717.20112,0.27,,,,,
95,80,75,79.75271186,798000,222000,67.7,14000,4632.284916,0.03,,,,,
95,80,72,68.61710395,769000,291000,67,14000,4632.284916,0.02,,,,,
95,80,67,51.57236381,708000,387000,65.6,14000,4632.284916,0.02,,,,,
95,80,62,36.22315701,649000,480000,64.6,14000,4632.284916,0.02,,,,,
95,80,57,22.36175345,592000,559000,64,14000,4632.284916,0.05,,,,,
95,80,75,79.75271186,836000,238000,68.9,17500,6013.843575,0.07,,,,,
95,80,72,68.61710395,804000,317000,68,17500,6013.843575,0.04,,,,,
95,80,67,51.57236381,729000,420000,65.9,17500,6013.843575,0.03,,,,,
95,80,62,36.22315701,684000,546000,65.1,17500,6013.843575,0.03,,,,,
95,80,57,22.36175345,619000,607000,63.3,17500,6013.843575,0.12,,,,,
95,80,75,79.75271186,861000,255000,69.7,21000,8501.899441,0.07,,,,,
95,80,72,68.61710395,820000,334000,68.4,21000,8501.899441,0.05,,,,,
95,80,67,51.57236381,765000,477000,67,21000,8501.899441,0.04,,,,,
95,80,62,36.22315701,706000,606000,65.5,21000,8501.899441,0.05,,,,,
95,80,57,22.36175345,657000,657000,64.1,21000,8501.899441,0.2,,,,,
95,80,75,79.75271186,880000,271000,70.3,24500,11717.20112,0.08,,,,,
95,80,72,68.61710395,842000,365000,69.1,24500,11717.20112,0.06,,,,,
95,80,67,51.57236381,782000,520000,67.4,24500,11717.20112,0.06,,,,,
95,80,62,36.22315701,711000,647000,65.5,24500,11717.20112,0.08,,,,,
95,80,57,22.36175345,708000,708000,65.7,24500,11717.20112,0.28,,,,,
105,80,75,79.75271186,756000,192000,74.2,14000,4632.284916,0.03,,,,,
105,80,72,68.61710395,729000,263000,73.5,14000,4632.284916,0.02,,,,,
105,80,67,51.57236381,671000,362000,72.6,14000,4632.284916,0.02,,,,,
105,80,62,36.22315701,615000,456000,72.1,14000,4632.284916,0.02,,,,,
105,80,57,22.36175345,565000,533000,72,14000,4632.284916,0.07,,,,,
105,80,75,79.75271186,798000,214000,75.4,17500,6013.843575,0.06,,,,,
105,80,72,68.61710395,752000,277000,74.1,17500,6013.843575,0.04,,,,,
105,80,67,51.57236381,702000,405000,73,17500,6013.843575,0.03,,,,,
105,80,62,36.22315701,647000,519000,72.3,17500,6013.843575,0.04,,,,,
105,80,57,22.36175345,586000,576000,70.7,17500,6013.843575,0.13,,,,,
105,80,75,79.75271186,818000,226000,76.1,21000,8501.899441,0.07,,,,,
105,80,72,68.61710395,776000,304000,74.8,21000,8501.899441,0.05,,,,,
105,80,67,51.57236381,724000,448000,73.4,21000,8501.899441,0.05,,,,,
105,80,62,36.22315701,670000,580000,72.5,21000,8501.899441,0.05,,,,,
105,80,57,22.36175345,623000,623000,71.3,21000,8501.899441,0.22,,,,,
105,80,75,79.75271186,833000,239000,76.6,24500,11717.20112,0.08,,,,,
105,80,72,68.61710395,796000,333000,75.4,24500,11717.20112,0.06,,,,,
105,80,67,51.57236381,739000,490000,73.8,24500,11717.20112,0.06,,,,,
105,80,62,36.22315701,671000,610000,72,24500,11717.20112,0.1,,,,,
105,80,57,22.36175345,674000,674000,72.7,24500,11717.20112,0.3,,,,,
115,80,75,79.75271186,711000,162000,82,14000,4632.284916,0.02,,,,,
115,80,72,68.61710395,688000,235000,81.7,14000,4632.284916,0.02,,,,,
115,80,67,51.57236381,631000,334000,81,14000,4632.284916,0.02,,,,,
115,80,62,36.22315701,578000,429000,81,14000,4632.284916,0.02,,,,,
115,80,57,22.36175345,533000,504000,81.3,14000,4632.284916,0.09,,,,,
115,80,75,79.75271186,750000,183000,83,17500,6013.843575,0.06,,,,,
115,80,72,68.61710395,706000,247000,81.8,17500,6013.843575,0.04,,,,,
115,80,67,51.57236381,646000,362000,80.6,17500,6013.843575,0.03,,,,,
115,80,62,36.22315701,607000,492000,80.9,17500,6013.843575,0.04,,,,,
115,80,57,22.36175345,574000,568000,80.9,17500,6013.843575,0.15,,,,,
115,80,75,79.75271186,770000,194000,83.6,21000,8501.899441,0.07,,,,,
115,80,72,68.61710395,728000,272000,82.4,21000,8501.899441,0.05,,,,,
115,80,67,51.57236381,680000,418000,81.4,21000,8501.899441,0.05,,,,,
115,80,62,36.22315701,629000,551000,81,21000,8501.899441,0.06,,,,,
115,80,57,22.36175345,586000,586000,79.8,21000,8501.899441,0.23,,,,,
115,80,75,79.75271186,781000,205000,84,24500,11717.20112,0.08,,,,,
115,80,72,68.61710395,744000,297000,82.8,24500,11717.20112,0.06,,,,,
115,80,67,51.57236381,694000,460000,81.7,24500,11717.20112,0.06,,,,,
115,80,62,36.22315701,631000,573000,80.1,24500,11717.20112,0.12,,,,,
115,80,57,22.36175345,635000,635000,81,24500,11717.20112,0.31,,,,,
75,80,75,79.75271186,983000,351000,60.7,28000,15747.26816,0.09,,,,,
75,80,72,68.61710395,936000,449000,59.4,28000,15747.26816,0.08,,,,,
75,80,67,51.57236381,862000,611000,57.3,28000,15747.26816,0.07,,,,,
75,80,62,36.22315701,796000,755000,55.5,28000,15747.26816,0.1,,,,,
75,80,57,22.36175345,783000,783000,55.2,28000,15747.26816,0.33,,,,,
75,80,75,79.75271186,990000,360000,60.9,30000,18470.7933,0.1,,,,,
75,80,72,68.61710395,944000,465000,59.6,30000,18470.7933,0.08,,,,,
75,80,67,51.57236381,869000,636000,57.5,30000,18470.7933,0.08,,,,,
75,80,62,36.22315701,806000,777000,55.8,30000,18470.7933,0.13,,,,,
75,80,57,22.36175345,797000,797000,55.6,30000,18470.7933,0.36,,,,,
85,80,75,79.75271186,939000,320000,65.4,28000,15747.26816,0.09,,,,,
85,80,72,68.61710395,898000,422000,64.1,28000,15747.26816,0.08,,,,,
85,80,67,51.57236381,826000,583000,62,28000,15747.26816,0.07,,,,,
85,80,62,36.22315701,764000,721000,60.3,28000,15747.26816,0.11,,,,,
85,80,57,22.36175345,768000,768000,60.6,28000,15747.26816,0.34,,,,,
85,80,75,79.75271186,974000,369000,69.7,30000,18470.7933,0.12,,,,,
85,80,72,68.61710395,902000,434000,64.2,30000,18470.7933,0.08,,,,,
85,80,67,51.57236381,840000,615000,62.4,30000,18470.7933,0.08,,,,,
85,80,62,36.22315701,790000,762000,61.2,30000,18470.7933,0.14,,,,,
85,80,57,22.36175345,761000,761000,60.1,30000,18470.7933,0.37,,,,,
95,80,75,79.75271186,895000,289000,70.8,28000,15747.26816,0.09,,,,,
95,80,72,68.61710395,852000,388000,69.5,28000,15747.26816,0.08,,,,,
95,80,67,51.57236381,786000,554000,67.6,28000,15747.26816,0.07,,,,,
95,80,62,36.22315701,747000,706000,66.7,28000,15747.26816,0.13,,,,,
95,80,57,22.36175345,733000,733000,66.3,28000,15747.26816,0.35,,,,,
95,80,75,79.75271186,932000,346000,75.8,30000,18470.7933,0.12,,,,,
95,80,72,68.61710395,856000,395000,69.6,30000,18470.7933,0.08,,,,,
95,80,67,51.57236381,800000,586000,68,30000,18470.7933,0.08,,,,,
95,80,62,36.22315701,755000,729000,66.9,30000,18470.7933,0.15,,,,,
95,80,57,22.36175345,747000,747000,66.7,30000,18470.7933,0.38,,,,,
105,80,75,79.75271186,846000,251000,77,28000,15747.26816,0.1,,,,,
105,80,72,68.61710395,806000,356000,75.8,28000,15747.26816,0.08,,,,,
105,80,67,51.57236381,750000,532000,74.2,28000,15747.26816,0.07,,,,,
105,80,62,36.22315701,709000,671000,73.2,28000,15747.26816,0.14,,,,,
105,80,57,22.36175345,697000,697000,73,28000,15747.26816,0.36,,,,,
105,80,75,79.75271186,850000,273000,77.2,30000,18470.7933,0.1,,,,,
105,80,72,68.61710395,812000,371000,76,30000,18470.7933,0.08,,,,,
105,80,67,51.57236381,755000,555000,74.4,30000,18470.7933,0.08,,,,,
105,80,62,36.22315701,717000,693000,73.4,30000,18470.7933,0.16,,,,,
105,80,57,22.36175345,709000,709000,73.2,30000,18470.7933,0.4,,,,,
115,80,75,79.75271186,794000,220000,84.4,28000,15747.26816,0.09,,,,,
115,80,72,68.61710395,755000,323000,83.2,28000,15747.26816,0.08,,,,,
115,80,67,51.57236381,704000,500000,81.9,28000,15747.26816,0.07,,,,,
115,80,62,36.22315701,668000,634000,81.3,28000,15747.26816,0.16,,,,,
115,80,57,22.36175345,658000,658000,81.2,28000,15747.26816,0.38,,,,,
115,80,75,79.75271186,802000,222000,84.6,30000,18470.7933,0.1,,,,,
115,80,72,68.61710395,761000,338000,83.4,30000,18470.7933,0.08,,,,,
115,80,67,51.57236381,708000,523000,82,30000,18470.7933,0.08,,,,,
115,80,62,36.22315701,676000,656000,81.4,30000,18470.7933,0.18,,,,,
115,80,57,22.36175345,669000,669000,81.4,30000,18470.7933,0.41,,,,,
75,80,75,79.75271186,1075000,396000,61.1,18000,5757.536313,0,,601,726,851,
75,80,72,68.61710395,1017000,454000,60.1,18000,5757.536313,0.05,,,,,
75,80,67,51.57236381,922000,541000,58.5,18000,5757.536313,0.09,,,,,
75,80,62,36.22315701,863000,656000,58.1,18000,5757.536313,0.1,,,,,
75,80,57,22.36175345,788000,744000,57.2,18000,5757.536313,0.11,,,,,
75,80,75,79.75271186,1154000,450000,62.8,22500,9252.067039,0.03,,,,,
75,80,72,68.61710395,1072000,493000,61.1,22500,9252.067039,0.1,,,,,
75,80,67,51.57236381,1003000,629000,60.3,22500,9252.067039,0.12,,,,,
75,80,62,36.22315701,915000,736000,58.8,22500,9252.067039,0.12,,,,,
75,80,57,22.36175345,836000,819000,57.7,22500,9252.067039,0.18,,,,,
75,80,75,79.75271186,1171000,452000,63,27000,14142.74302,0.09,,,,,
75,80,72,68.61710395,1135000,553000,62.5,27000,14142.74302,0.12,,,,,
75,80,67,51.57236381,1017000,658000,60.2,27000,14142.74302,0.14,,,,,
75,80,62,36.22315701,925000,782000,58.6,27000,14142.74302,0.15,,,,,
75,80,57,22.36175345,883000,883000,58.4,27000,14142.74302,0.26,,,,,
75,80,75,79.75271186,1201000,475000,63.6,31500,20679.62011,0.12,,,,,
75,80,72,68.61710395,1142000,563000,62.4,31500,20679.62011,0.15,,,,,
75,80,67,51.57236381,1045000,707000,60.7,31500,20679.62011,0.16,,,,,
75,80,62,36.22315701,952000,846000,59.1,31500,20679.62011,0.17,,,,,
75,80,57,22.36175345,923000,923000,59,31500,20679.62011,0.33,,,,,
85,80,75,79.75271186,1052000,387000,68.2,18000,5757.536313,0,,,,,
85,80,72,68.61710395,964000,413000,66.3,18000,5757.536313,0.06,,,,,
85,80,67,51.57236381,884000,513000,64.9,18000,5757.536313,0.09,,,,,
85,80,62,36.22315701,828000,629000,64.9,18000,5757.536313,0.1,,,,,
85,80,57,22.36175345,752000,712000,64,18000,5757.536313,0.11,,,,,
85,80,75,79.75271186,1080000,391000,68.5,22500,9252.067039,0.04,,,,,
85,80,72,68.61710395,1013000,449000,67.3,22500,9252.067039,0.1,,,,,
85,80,67,51.57236381,933000,570000,65.8,22500,9252.067039,0.12,,,,,
85,80,62,36.22315701,876000,707000,65.5,22500,9252.067039,0.12,,,,,
85,80,57,22.36175345,807000,791000,64.6,22500,9252.067039,0.19,,,,,
85,80,75,79.75271186,1117000,414000,69.2,27000,14142.74302,0.09,,,,,
85,80,72,68.61710395,1083000,516000,68.8,27000,14142.74302,0.13,,,,,
85,80,67,51.57236381,995000,649000,67.3,27000,14142.74302,0.14,,,,,
85,80,62,36.22315701,910000,778000,65.9,27000,14142.74302,0.15,,,,,
85,80,57,22.36175345,844000,844000,65.1,27000,14142.74302,0.26,,,,,
85,80,75,79.75271186,1144000,436000,69.8,31500,20679.62011,0.12,,,,,
85,80,72,68.61710395,1088000,525000,68.7,31500,20679.62011,0.15,,,,,
85,80,67,51.57236381,996000,673000,67,31500,20679.62011,0.16,,,,,
85,80,62,36.22315701,935000,841000,66.4,31500,20679.62011,0.18,,,,,
85,80,57,22.36175345,887000,887000,65.7,31500,20679.62011,0.34,,,,,
95,80,75,79.75271186,977000,327000,74.7,18000,5757.536313,0,,,,,
95,80,72,68.61710395,950000,413000,74.6,18000,5757.536313,0.06,,,,,
95,80,67,51.57236381,868000,508000,73.6,18000,5757.536313,0.09,,,,,
95,80,62,36.22315701,790000,600000,72.8,18000,5757.536313,0.1,,,,,
95,80,57,22.36175345,718000,686000,71.9,18000,5757.536313,0.11,,,,,
95,80,75,79.75271186,1026000,354000,75.7,22500,9252.067039,0.04,,,,,
95,80,72,68.61710395,972000,423000,74.6,22500,9252.067039,0.1,,,,,
95,80,67,51.57236381,914000,564000,74.1,22500,9252.067039,0.12,,,,,
95,80,62,36.22315701,835000,677000,73.3,22500,9252.067039,0.12,,,,,
95,80,57,22.36175345,771000,756000,72.4,22500,9252.067039,0.2,,,,,
95,80,75,79.75271186,1080000,396000,77,27000,14142.74302,0.09,,,,,
95,80,72,68.61710395,1006000,456000,75.3,27000,14142.74302,0.13,,,,,
95,80,67,51.57236381,946000,615000,74.6,27000,14142.74302,0.14,,,,,
95,80,62,36.22315701,866000,746000,73.6,27000,14142.74302,0.15,,,,,
95,80,57,22.36175345,808000,808000,73,27000,14142.74302,0.28,,,,,
95,80,75,79.75271186,1086000,396000,77,31500,20679.62011,0.12,,,,,
95,80,72,68.61710395,1053000,508000,76.5,31500,20679.62011,0.15,,,,,
95,80,67,51.57236381,944000,637000,74.2,31500,20679.62011,0.16,,,,,
95,80,62,36.22315701,890000,807000,73.9,31500,20679.62011,0.18,,,,,
95,80,57,22.36175345,849000,849000,73.5,31500,20679.62011,0.35,,,,,
105,80,75,79.75271186,924000,291000,83,18000,5757.536313,0,,,,,
105,80,72,68.61710395,839000,315000,81.6,18000,5757.536313,0.06,,,,,
105,80,67,51.57236381,823000,476000,82.5,18000,5757.536313,0.09,,,,,
105,80,62,36.22315701,750000,570000,81.9,18000,5757.536313,0.1,,,,,
105,80,57,22.36175345,689000,656000,81.1,18000,5757.536313,0.15,,,,,
105,80,75,79.75271186,991000,337000,84.5,22500,9252.067039,0.05,,,,,
105,80,72,68.61710395,943000,410000,83.8,22500,9252.067039,0.1,,,,,
105,80,67,51.57236381,865000,529000,82.9,22500,9252.067039,0.12,,,,,
105,80,62,36.22315701,790000,645000,82.2,22500,9252.067039,0.12,,,,,
105,80,57,22.36175345,734000,721000,81.5,22500,9252.067039,0.22,,,,,
105,80,75,79.75271186,1000000,336000,84.5,27000,14142.74302,0.09,,,,,
105,80,72,68.61710395,972000,440000,84.2,27000,14142.74302,0.13,,,,,
105,80,67,51.57236381,894000,579000,83.3,27000,14142.74302,0.14,,,,,
105,80,62,36.22315701,819000,712000,82.5,27000,14142.74302,0.15,,,,,
105,80,57,22.36175345,770000,770000,82,27000,14142.74302,0.3,,,,,
105,80,75,79.75271186,1041000,372000,85.6,31500,20679.62011,0.12,,,,,
105,80,72,68.61710395,993000,468000,84.6,31500,20679.62011,0.15,,,,,
105,80,67,51.57236381,916000,625000,83.5,31500,20679.62011,0.16,,,,,
105,80,62,36.22315701,843000,773000,82.8,31500,20679.62011,0.19,,,,,
105,80,57,22.36175345,807000,807000,82.4,31500,20679.62011,0.37,,,,,
115,80,75,79.75271186,868000,253000,92.8,18000,5757.536313,0,,,,,
115,80,72,68.61710395,848000,342000,93.3,18000,5757.536313,0.06,,,,,
115,80,67,51.57236381,774000,442000,92.8,18000,5757.536313,0.09,,,,,
115,80,62,36.22315701,708000,544000,92.4,18000,5757.536313,0.1,,,,,
115,80,57,22.36175345,648000,617000,91.8,18000,5757.536313,0.16,,,,,
115,80,75,79.75271186,931000,297000,94.2,22500,9252.067039,0.05,,,,,
115,80,72,68.61710395,886000,371000,93.7,22500,9252.067039,0.1,,,,,
115,80,67,51.57236381,812000,493000,93,22500,9252.067039,0.12,,,,,
115,80,62,36.22315701,742000,611000,92.6,22500,9252.067039,0.13,,,,,
115,80,57,22.36175345,694000,682000,92,22500,9252.067039,0.24,,,,,
115,80,75,79.75271186,956000,313000,94.5,27000,14142.74302,0.1,,,,,
115,80,72,68.61710395,912000,399000,94,27000,14142.74302,0.13,,,,,
115,80,67,51.57236381,838000,540000,93.3,27000,14142.74302,0.14,,,,,
115,80,62,36.22315701,769000,675000,92.7,27000,14142.74302,0.16,,,,,
115,80,57,22.36175345,728000,728000,92.5,27000,14142.74302,0.31,,,,,
115,80,75,79.75271186,974000,329000,94.8,31500,20679.62011,0.13,,,,,
115,80,72,68.61710395,930000,426000,94.2,31500,20679.62011,0.15,,,,,
115,80,67,51.57236381,858000,586000,93.4,31500,20679.62011,0.16,,,,,
115,80,62,36.22315701,790000,728000,92.9,31500,20679.62011,0.2,,,,,
115,80,57,22.36175345,762000,762000,92.7,31500,20679.62011,0.39,,,,,
75,80,75,79.75271186,1209000,481000,63.8,36000,25095.18994,0.15,,,,,
75,80,72,68.61710395,1164000,594000,62.9,36000,25095.18994,0.17,,,,,
75,80,67,51.57236381,1068000,757000,61.2,36000,25095.18994,0.18,,,,,
75,80,62,36.22315701,972000,903000,59.5,36000,25095.18994,0.2,,,,,
75,80,57,22.36175345,932000,932000,58.7,36000,25095.18994,0.39,,,,,
85,80,75,79.75271186,1165000,456000,70.2,36000,25095.18994,0.15,,,,,
85,80,72,68.61710395,1109000,555000,69.1,36000,25095.18994,0.17,,,,,
85,80,67,51.57236381,1041000,745000,68.1,36000,25095.18994,0.18,,,,,
85,80,62,36.22315701,929000,869000,65.8,36000,25095.18994,0.21,,,,,
85,80,57,22.36175345,923000,923000,66.2,36000,25095.18994,0.4,,,,,
95,80,75,79.75271186,1105000,415000,77.4,36000,25095.18994,0.15,,,,,
95,80,72,68.61710395,1051000,516000,76.3,36000,25095.18994,0.17,,,,,
95,80,67,51.57236381,963000,683000,74.6,36000,25095.18994,0.18,,,,,
95,80,62,36.22315701,908000,863000,74.2,36000,25095.18994,0.21,,,,,
95,80,57,22.36175345,882000,882000,73.9,36000,25095.18994,0.41,,,,,
105,80,75,79.75271186,1041000,373000,85.5,36000,25095.18994,0.15,,,,,
105,80,72,68.61710395,990000,475000,84.4,36000,25095.18994,0.17,,,,,
105,80,67,51.57236381,932000,669000,83.8,36000,25095.18994,0.18,,,,,
105,80,62,36.22315701,860000,815000,82.9,36000,25095.18994,0.23,,,,,
105,80,57,22.36175345,838000,838000,82.7,36000,25095.18994,0.43,,,,,
115,80,75,79.75271186,973000,329000,94.6,36000,25095.18994,0.15,,,,,
115,80,72,68.61710395,926000,433000,93.8,36000,25095.18994,0.17,,,,,
115,80,67,51.57236381,872000,629000,93.6,36000,25095.18994,0.18,,,,,
115,80,62,36.22315701,810000,767000,93,36000,25095.18994,0.25,,,,,
115,80,57,22.36175345,791000,791000,92.9,36000,25095.18994,0.44,,,,,
75,80,75,79.75271186,1134000,398000,62.5,18000,5757.536313,0,,,,,
75,80,72,68.61710395,1074000,462000,61.4,18000,5757.536313,0.01,,,,,
75,80,67,51.57236381,981000,566000,59.7,18000,5757.536313,0.02,,,,,
75,80,62,36.22315701,894000,668000,58.3,18000,5757.536313,0.03,,,,,
75,80,57,22.36175345,822000,773000,57.4,18000,5757.536313,0.04,,,,,
75,80,75,79.75271186,1191000,425000,63.6,22500,9252.067039,0,,,,,
75,80,72,68.61710395,1131000,503000,62.5,22500,9252.067039,0.03,,,,,
75,80,67,51.57236381,1036000,630000,60.7,22500,9252.067039,0.04,,,,,
75,80,62,36.22315701,948000,755000,59.2,22500,9252.067039,0.04,,,,,
75,80,57,22.36175345,878000,859000,57.9,22500,9252.067039,0.1,,,,,
75,80,75,79.75271186,1230000,450000,64.5,27000,14142.74302,0.03,,,,,
75,80,72,68.61710395,1170000,540000,63.3,27000,14142.74302,0.05,,,,,
75,80,67,51.57236381,1075000,690000,61.5,27000,14142.74302,0.05,,,,,
75,80,62,36.22315701,985000,837000,59.9,27000,14142.74302,0.06,,,,,
75,80,57,22.36175345,932000,932000,58.9,27000,14142.74302,0.18,,,,,
75,80,75,79.75271186,1259000,474000,65.1,31500,20679.62011,0.05,,,,,
75,80,72,68.61710395,1198000,577000,63.9,31500,20679.62011,0.06,,,,,
75,80,67,51.57236381,1103000,748000,62,31500,20679.62011,0.06,,,,,
75,80,62,36.22315701,1014000,911000,60.4,31500,20679.62011,0.08,,,,,
75,80,57,22.36175345,974000,974000,59.7,31500,20679.62011,0.26,,,,,
85,80,75,79.75271186,1080000,358000,68.8,18000,5757.536313,0,,,,,
85,80,72,68.61710395,1023000,424000,67.7,18000,5757.536313,0.01,,,,,
85,80,67,51.57236381,935000,531000,66.2,18000,5757.536313,0.02,,,,,
85,80,62,36.22315701,853000,636000,65.3,18000,5757.536313,0.03,,,,,
85,80,57,22.36175345,781000,736000,64.5,18000,5757.536313,0.04,,,,,
85,80,75,79.75271186,1133000,383000,69.9,22500,9252.067039,0.01,,,,,
85,80,72,68.61710395,1076000,462000,68.8,22500,9252.067039,0.03,,,,,
85,80,67,51.57236381,985000,592000,67.1,22500,9252.067039,0.04,,,,,
85,80,62,36.22315701,902000,721000,65.8,22500,9252.067039,0.04,,,,,
85,80,57,22.36175345,843000,826000,64.9,22500,9252.067039,0.11,,,,,
85,80,75,79.75271186,1169000,406000,70.7,27000,14142.74302,0.03,,,,,
85,80,72,68.61710395,1111000,498000,69.5,27000,14142.74302,0.05,,,,,
85,80,67,51.57236381,1021000,650000,67.8,27000,14142.74302,0.05,,,,,
85,80,62,36.22315701,937000,800000,66.2,27000,14142.74302,0.06,,,,,
85,80,57,22.36175345,886000,886000,65.6,27000,14142.74302,0.19,,,,,
85,80,75,79.75271186,1196000,429000,71.3,31500,20679.62011,0.05,,,,,
85,80,72,68.61710395,1138000,533000,70.1,31500,20679.62011,0.06,,,,,
85,80,67,51.57236381,1046000,706000,68.3,31500,20679.62011,0.06,,,,,
85,80,62,36.22315701,964000,872000,66.7,31500,20679.62011,0.08,,,,,
85,80,57,22.36175345,930000,930000,66.1,31500,20679.62011,0.27,,,,,
95,80,75,79.75271186,1025000,318000,76.1,18000,5757.536313,0,,,,,
95,80,72,68.61710395,970000,386000,75.2,18000,5757.536313,0.01,,,,,
95,80,67,51.57236381,887000,495000,74.2,18000,5757.536313,0.02,,,,,
95,80,62,36.22315701,810000,603000,73.6,18000,5757.536313,0.03,,,,,
95,80,57,22.36175345,743000,702000,73,18000,5757.536313,0.06,,,,,
95,80,75,79.75271186,1072000,340000,77.1,22500,9252.067039,0.01,,,,,
95,80,72,68.61710395,1018000,420000,76,22500,9252.067039,0.03,,,,,
95,80,67,51.57236381,933000,554000,74.7,22500,9252.067039,0.04,,,,,
95,80,62,36.22315701,855000,685000,73.9,22500,9252.067039,0.04,,,,,
95,80,57,22.36175345,801000,785000,73.2,22500,9252.067039,0.12,,,,,
95,80,75,79.75271186,1105000,361000,77.9,27000,14142.74302,0.04,,,,,
95,80,72,68.61710395,1050000,454000,76.7,27000,14142.74302,0.05,,,,,
95,80,67,51.57236381,965000,610000,75.2,27000,14142.74302,0.05,,,,,
95,80,62,36.22315701,887000,762000,74.2,27000,14142.74302,0.06,,,,,
95,80,57,22.36175345,843000,843000,73.8,27000,14142.74302,0.2,,,,,
95,80,75,79.75271186,1129000,382000,78.4,31500,20679.62011,0.06,,,,,
95,80,72,68.61710395,1074000,487000,77.3,31500,20679.62011,0.06,,,,,
95,80,67,51.57236381,988000,664000,75.5,31500,20679.62011,0.06,,,,,
95,80,62,36.22315701,912000,831000,74.5,31500,20679.62011,0.09,,,,,
95,80,57,22.36175345,885000,885000,74.1,31500,20679.62011,0.29,,,,,
105,80,75,79.75271186,965000,277000,84.9,18000,5757.536313,0,,,,,
105,80,72,68.61710395,914000,345000,84.4,18000,5757.536313,0.01,,,,,
105,80,67,51.57236381,835000,458000,83.8,18000,5757.536313,0.02,,,,,
105,80,62,36.22315701,762000,568000,83.7,18000,5757.536313,0.03,,,,,
105,80,57,22.36175345,710000,672000,83.4,18000,5757.536313,0.08,,,,,
105,80,75,79.75271186,1008000,295000,85.5,22500,9252.067039,0.01,,,,,
105,80,72,68.61710395,957000,377000,84.8,22500,9252.067039,0.03,,,,,
105,80,67,51.57236381,877000,513000,84.1,22500,9252.067039,0.04,,,,,
105,80,62,36.22315701,804000,648000,83.7,22500,9252.067039,0.04,,,,,
105,80,57,22.36175345,758000,744000,83.2,22500,9252.067039,0.14,,,,,
105,80,75,79.75271186,1036000,313000,86,27000,14142.74302,0.04,,,,,
105,80,72,68.61710395,986000,409000,85.2,27000,14142.74302,0.05,,,,,
105,80,67,51.57236381,905000,567000,84.3,27000,14142.74302,0.05,,,,,
105,80,62,36.22315701,834000,722000,83.7,27000,14142.74302,0.06,,,,,
105,80,57,22.36175345,798000,798000,83.5,27000,14142.74302,0.22,,,,,
105,80,75,79.75271186,1058000,332000,86.5,31500,20679.62011,0.06,,,,,
105,80,72,68.61710395,1006000,440000,85.5,31500,20679.62011,0.06,,,,,
105,80,67,51.57236381,926000,620000,84.5,31500,20679.62011,0.06,,,,,
105,80,62,36.22315701,858000,793000,83.8,31500,20679.62011,0.1,,,,,
105,80,57,22.36175345,836000,836000,83.6,31500,20679.62011,0.3,,,,,
115,80,75,79.75271186,903000,233000,95.3,18000,5757.536313,0,,,,,
115,80,72,68.61710395,855000,304000,95,18000,5757.536313,0.01,,,,,
115,80,67,51.57236381,780000,418000,95,18000,5757.536313,0.02,,,,,
115,80,62,36.22315701,714000,536000,95.6,18000,5757.536313,0.03,,,,,
115,80,57,22.36175345,664000,626000,95.6,18000,5757.536313,0.1,,,,,
115,80,75,79.75271186,940000,248000,95.7,22500,9252.067039,0.01,,,,,
115,80,72,68.61710395,892000,332000,95.2,22500,9252.067039,0.03,,,,,
115,80,67,51.57236381,817000,471000,94.9,22500,9252.067039,0.04,,,,,
115,80,62,36.22315701,748000,608000,95.1,22500,9252.067039,0.05,,,,,
115,80,57,22.36175345,712000,700000,94.9,22500,9252.067039,0.16,,,,,
115,80,75,79.75271186,965000,264000,96,27000,14142.74302,0.04,,,,,
115,80,72,68.61710395,917000,361000,95.4,27000,14142.74302,0.05,,,,,
115,80,67,51.57236381,842000,523000,94.9,27000,14142.74302,0.05,,,,,
115,80,62,36.22315701,777000,680000,94.8,27000,14142.74302,0.07,,,,,
115,80,57,22.36175345,748000,748000,94.9,27000,14142.74302,0.24,,,,,
115,80,75,79.75271186,984000,282000,96.3,31500,20679.62011,0.06,,,,,
115,80,72,68.61710395,935000,391000,95.6,31500,20679.62011,0.06,,,,,
115,80,67,51.57236381,860000,575000,95,31500,20679.62011,0.07,,,,,
115,80,62,36.22315701,803000,735000,94.6,31500,20679.62011,0.12,,,,,
115,80,57,22.36175345,783000,783000,94.7,31500,20679.62011,0.32,,,,,
75,80,75,79.75271186,1281000,497000,65.6,36000,25095.18994,0.07,,,,,
75,80,72,68.61710395,1220000,611000,64.4,36000,25095.18994,0.07,,,,,
75,80,67,51.57236381,1124000,803000,62.5,36000,25095.18994,0.08,,,,,
75,80,62,36.22315701,1038000,978000,60.9,36000,25095.18994,0.11,,,,,
75,80,57,22.36175345,1014000,1014000,60.4,36000,25095.18994,0.33,,,,,
85,80,75,79.75271186,1216000,450000,71.8,36000,25095.18994,0.07,,,,,
85,80,72,68.61710395,1157000,566000,70.5,36000,25095.18994,0.08,,,,,
85,80,67,51.57236381,1066000,760000,68.7,36000,25095.18994,0.08,,,,,
85,80,62,36.22315701,986000,935000,67.2,36000,25095.18994,0.11,,,,,
85,80,57,22.36175345,967000,967000,66.8,36000,25095.18994,0.34,,,,,
95,80,75,79.75271186,1148000,402000,78.8,36000,25095.18994,0.07,,,,,
95,80,72,68.61710395,1092000,520000,77.7,36000,25095.18994,0.08,,,,,
95,80,67,51.57236381,1005000,717000,75.9,36000,25095.18994,0.08,,,,,
95,80,62,36.22315701,934000,888000,74.7,36000,25095.18994,0.13,,,,,
95,80,57,22.36175345,919000,919000,74.5,36000,25095.18994,0.35,,,,,
105,80,75,79.75271186,1074000,352000,86.9,36000,25095.18994,0.07,,,,,
105,80,72,68.61710395,1022000,471000,85.8,36000,25095.18994,0.08,,,,,
105,80,67,51.57236381,942000,672000,84.7,36000,25095.18994,0.08,,,,,
105,80,62,36.22315701,881000,837000,83.9,36000,25095.18994,0.14,,,,,
105,80,57,22.36175345,867000,867000,83.8,36000,25095.18994,0.37,,,,,
115,80,75,79.75271186,998000,300000,96.5,36000,25095.18994,0.07,,,,,
115,80,72,68.61710395,949000,421000,95.8,36000,25095.18994,0.08,,,,,
115,80,67,51.57236381,874000,624000,95,36000,25095.18994,0.08,,,,,
115,80,62,36.22315701,824000,783000,94.6,36000,25095.18994,0.16,,,,,
115,80,57,22.36175345,812000,812000,94.6,36000,25095.18994,0.38,,,,,
75,80,75,79.75271186,1146000,418000,67.9,20000,7141.178771,0,,,851,976,1101
75,80,72,68.61710395,1084000,481000,66.6,20000,7141.178771,0.07,,,,,
75,80,67,51.57236381,987000,581000,64.7,20000,7141.178771,0.1,,,,,
75,80,62,36.22315701,897000,680000,63.1,20000,7141.178771,0.11,,,,,
75,80,57,22.36175345,815000,773000,61.7,20000,7141.178771,0.12,,,,,
75,80,75,79.75271186,1203000,450000,69.1,25000,11785.96648,0.05,,,,,
75,80,72,68.61710395,1165000,548000,68.7,25000,11785.96648,0.11,,,,,
75,80,67,51.57236381,1042000,645000,65.9,25000,11785.96648,0.13,,,,,
75,80,62,36.22315701,949000,764000,64.1,25000,11785.96648,0.13,,,,,
75,80,57,22.36175345,873000,850000,62.5,25000,11785.96648,0.21,,,,,
75,80,75,79.75271186,1261000,494000,70.6,30000,18262.41341,0.1,,,,,
75,80,72,68.61710395,1167000,547000,68.5,30000,18262.41341,0.14,,,,,
75,80,67,51.57236381,1071000,693000,66.5,30000,18262.41341,0.15,,,,,
75,80,62,36.22315701,986000,841000,64.8,30000,18262.41341,0.16,,,,,
75,80,57,22.36175345,932000,932000,63.9,30000,18262.41341,0.27,,,,,
85,80,75,79.75271186,1064000,351000,74.1,20000,7141.178771,0,,,,,
85,80,72,68.61710395,1005000,414000,72.8,20000,7141.178771,0.07,,,,,
85,80,67,51.57236381,946000,551000,71.6,20000,7141.178771,0.1,,,,,
85,80,62,36.22315701,856000,648000,70.1,20000,7141.178771,0.11,,,,,
85,80,57,22.36175345,779000,735000,68.7,20000,7141.178771,0.15,,,,,
85,80,75,79.75271186,1111000,373000,75.2,25000,11785.96648,0.05,,,,,
85,80,72,68.61710395,1053000,450000,73.9,25000,11785.96648,0.11,,,,,
85,80,67,51.57236381,991000,607000,72.5,25000,11785.96648,0.13,,,,,
85,80,62,36.22315701,913000,739000,71.1,25000,11785.96648,0.13,,,,,
85,80,57,22.36175345,836000,814000,69.5,25000,11785.96648,0.22,,,,,
85,80,75,79.75271186,1141000,390000,76,30000,18262.41341,0.1,,,,,
85,80,72,68.61710395,1089000,484000,74.8,30000,18262.41341,0.14,,,,,
85,80,67,51.57236381,1003000,638000,73,30000,18262.41341,0.15,,,,,
85,80,62,36.22315701,939000,805000,71.5,30000,18262.41341,0.16,,,,,
85,80,57,22.36175345,892000,892000,70.8,30000,18262.41341,0.29,,,,,
95,80,75,79.75271186,1004000,306000,81.6,20000,7141.178771,0,,,,,
95,80,72,68.61710395,941000,365000,80.2,20000,7141.178771,0.07,,,,,
95,80,67,51.57236381,894000,511000,79.5,20000,7141.178771,0.1,,,,,
95,80,62,36.22315701,813000,614000,78.3,20000,7141.178771,0.11,,,,,
95,80,57,22.36175345,762000,719000,77.8,20000,7141.178771,0.16,,,,,
95,80,75,79.75271186,1042000,321000,82.6,25000,11785.96648,0.06,,,,,
95,80,72,68.61710395,995000,408000,81.5,25000,11785.96648,0.11,,,,,
95,80,67,51.57236381,906000,535000,79.6,25000,11785.96648,0.13,,,,,
95,80,62,36.22315701,857000,695000,78.9,25000,11785.96648,0.14,,,,,
95,80,57,22.36175345,814000,793000,78.4,25000,11785.96648,0.23,,,,,
95,80,75,79.75271186,1073000,340000,83.4,30000,18262.41341,0.1,,,,,
95,80,72,68.61710395,1024000,437000,82.3,30000,18262.41341,0.14,,,,,
95,80,67,51.57236381,945000,596000,80.5,30000,18262.41341,0.15,,,,,
95,80,62,36.22315701,889000,767000,79.5,30000,18262.41341,0.17,,,,,
95,80,57,22.36175345,850000,850000,79,30000,18262.41341,0.3,,,,,
105,80,75,79.75271186,931000,251000,90,20000,7141.178771,0.01,,,,,
105,80,72,68.61710395,898000,337000,89.4,20000,7141.178771,0.07,,,,,
105,80,67,51.57236381,843000,474000,88.9,20000,7141.178771,0.1,,,,,
105,80,62,36.22315701,766000,579000,87.8,20000,7141.178771,0.11,,,,,
105,80,57,22.36175345,724000,683000,87.5,20000,7141.178771,0.18,,,,,
105,80,75,79.75271186,976000,274000,91.1,25000,11785.96648,0.06,,,,,
105,80,72,68.61710395,926000,356000,90,25000,11785.96648,0.11,,,,,
105,80,67,51.57236381,846000,490000,88.7,25000,11785.96648,0.13,,,,,
105,80,62,36.22315701,807000,658000,88.3,25000,11785.96648,0.14,,,,,
105,80,57,22.36175345,771000,753000,88,25000,11785.96648,0.25,,,,,
105,80,75,79.75271186,1003000,291000,91.8,30000,18262.41341,0.11,,,,,
105,80,72,68.61710395,955000,387000,90.7,30000,18262.41341,0.14,,,,,
105,80,67,51.57236381,866000,533000,89,30000,18262.41341,0.15,,,,,
105,80,62,36.22315701,836000,727000,88.8,30000,18262.41341,0.17,,,,,
105,80,57,22.36175345,805000,805000,88.5,30000,18262.41341,0.32,,,,,
115,80,75,79.75271186,867000,206000,100.2,20000,7141.178771,0.01,,,,,
115,80,72,68.61710395,835000,292000,99.7,20000,7141.178771,0.07,,,,,
115,80,67,51.57236381,792000,439000,99.9,20000,7141.178771,0.1,,,,,
115,80,62,36.22315701,715000,543000,98.8,20000,7141.178771,0.11,,,,,
115,80,57,22.36175345,683000,644000,98.7,20000,7141.178771,0.19,,,,,
115,80,75,79.75271186,905000,225000,100.9,25000,11785.96648,0.06,,,,,
115,80,72,68.61710395,859000,309000,100.1,25000,11785.96648,0.11,,,,,
115,80,67,51.57236381,797000,460000,99.5,25000,11785.96648,0.13,,,,,
115,80,62,36.22315701,762000,628000,99.5,25000,11785.96648,0.14,,,,,
115,80,57,22.36175345,726000,710000,99,25000,11785.96648,0.26,,,,,
115,80,75,79.75271186,927000,238000,101.4,30000,18262.41341,0.11,,,,,
115,80,72,68.61710395,882000,335000,100.6,30000,18262.41341,0.14,,,,,
115,80,67,51.57236381,823000,508000,99.7,30000,18262.41341,0.15,,,,,
115,80,62,36.22315701,779000,686000,99.5,30000,18262.41341,0.18,,,,,
115,80,57,22.36175345,756000,756000,99.4,30000,18262.41341,0.34,,,,,
75,80,75,79.75271186,1273000,499000,70.8,35000,27101.88827,0.13,,,,,
75,80,72,68.61710395,1210000,597000,69.4,35000,27101.88827,0.16,,,,,
75,80,67,51.57236381,1133000,781000,68.1,35000,27101.88827,0.17,,,,,
75,80,62,36.22315701,1020000,915000,65.5,35000,27101.88827,0.19,,,,,
75,80,57,22.36175345,973000,973000,64.6,35000,27101.88827,0.35,,,,,
75,80,75,79.75271186,1296000,522000,71.4,40000,38473.17877,0.16,,,,,
75,80,72,68.61710395,1233000,630000,70,40000,38473.17877,0.18,,,,,
75,80,67,51.57236381,1157000,834000,68.7,40000,38473.17877,0.19,,,,,
75,80,62,36.22315701,1036000,968000,65.9,40000,38473.17877,0.22,,,,,
75,80,57,22.36175345,998000,998000,65,40000,38473.17877,0.41,,,,,
85,80,75,79.75271186,1164000,408000,76.6,35000,27101.88827,0.14,,,,,
85,80,72,68.61710395,1107000,510000,75.3,35000,27101.88827,0.16,,,,,
85,80,67,51.57236381,1024000,685000,73.4,35000,27101.88827,0.17,,,,,
85,80,62,36.22315701,969000,875000,72.2,35000,27101.88827,0.19,,,,,
85,80,57,22.36175345,917000,917000,71,35000,27101.88827,0.36,,,,,
85,80,75,79.75271186,1186000,429000,77.2,40000,38473.17877,0.16,,,,,
85,80,72,68.61710395,1130000,543000,75.8,40000,38473.17877,0.18,,,,,
85,80,67,51.57236381,1043000,734000,74,40000,38473.17877,0.19,,,,,
85,80,62,36.22315701,967000,906000,72.3,40000,38473.17877,0.23,,,,,
85,80,57,22.36175345,964000,964000,72.1,40000,38473.17877,0.42,,,,,
95,80,75,79.75271186,1096000,359000,84,35000,27101.88827,0.14,,,,,
95,80,72,68.61710395,1044000,465000,82.8,35000,27101.88827,0.16,,,,,
95,80,67,51.57236381,961000,638000,80.9,35000,27101.88827,0.17,,,,,
95,80,62,36.22315701,914000,829000,79.9,35000,27101.88827,0.2,,,,,
95,80,57,22.36175345,886000,886000,79.5,35000,27101.88827,0.38,,,,,
95,80,75,79.75271186,1114000,377000,84.5,40000,38473.17877,0.16,,,,,
95,80,72,68.61710395,1059000,490000,83.2,40000,38473.17877,0.18,,,,,
95,80,67,51.57236381,979000,687000,81.4,40000,38473.17877,0.19,,,,,
95,80,62,36.22315701,935000,875000,80.3,40000,38473.17877,0.25,,,,,
95,80,57,22.36175345,876000,876000,79,40000,38473.17877,0.43,,,,,
105,80,75,79.75271186,1021000,306000,92.4,35000,27101.88827,0.14,,,,,
105,80,72,68.61710395,974000,415000,91.2,35000,27101.88827,0.16,,,,,
105,80,67,51.57236381,900000,595000,89.7,35000,27101.88827,0.17,,,,,
105,80,62,36.22315701,860000,782000,89.1,35000,27101.88827,0.22,,,,,
105,80,57,22.36175345,838000,838000,88.9,35000,27101.88827,0.39,,,,,
105,80,75,79.75271186,1037000,322000,92.8,40000,38473.17877,0.16,,,,,
105,80,72,68.61710395,990000,442000,91.7,40000,38473.17877,0.18,,,,,
105,80,67,51.57236381,918000,644000,90.1,40000,38473.17877,0.19,,,,,
105,80,62,36.22315701,886000,828000,89.6,40000,38473.17877,0.27,,,,,
105,80,57,22.36175345,825000,825000,88.2,40000,38473.17877,0.45,,,,,
115,80,75,79.75271186,944000,252000,101.8,35000,27101.88827,0.14,,,,,
115,80,72,68.61710395,901000,363000,100.9,35000,27101.88827,0.16,,,,,
115,80,67,51.57236381,833000,547000,99.9,35000,27101.88827,0.17,,,,,
115,80,62,36.22315701,806000,729000,99.8,35000,27101.88827,0.24,,,,,
115,80,57,22.36175345,787000,787000,99.7,35000,27101.88827,0.41,,,,,
115,80,75,79.75271186,824000,765000,100,40000,38473.17877,0.27,,,,,
115,80,72,68.61710395,955000,265000,102.1,40000,38473.17877,0.16,,,,,
115,80,67,51.57236381,913000,388000,101.2,40000,38473.17877,0.18,,,,,
115,80,62,36.22315701,841000,586000,100,40000,38473.17877,0.2,,,,,
115,80,57,22.36175345,813000,813000,99.9,40000,38473.17877,0.46,,,,,
75,80,75,79.75271186,1210000,417000,69.7,20000,7141.178771,0,,,,,
75,80,72,68.61710395,1148000,489000,68.3,20000,7141.178771,0.01,,,,,
75,80,67,51.57236381,1077000,633000,66.8,20000,7141.178771,0.03,,,,,
75,80,62,36.22315701,994000,756000,65.4,20000,7141.178771,0.03,,,,,
75,80,57,22.36175345,900000,848000,64.1,20000,7141.178771,0.06,,,,,
75,80,75,79.75271186,1255000,433000,70.8,25000,11785.96648,0.01,,,,,
75,80,72,68.61710395,1205000,531000,69.6,25000,11785.96648,0.04,,,,,
75,80,67,51.57236381,1119000,687000,67.7,25000,11785.96648,0.04,,,,,
75,80,62,36.22315701,1042000,843000,66.2,25000,11785.96648,0.05,,,,,
75,80,57,22.36175345,951000,924000,64.1,25000,11785.96648,0.13,,,,,
75,80,75,79.75271186,1306000,470000,72.1,30000,18262.41341,0.04,,,,,
75,80,72,68.61710395,1243000,571000,70.6,30000,18262.41341,0.05,,,,,
75,80,67,51.57236381,1145000,738000,68.4,30000,18262.41341,0.06,,,,,
75,80,62,36.22315701,1080000,929000,67,30000,18262.41341,0.07,,,,,
75,80,57,22.36175345,1025000,1025000,66,30000,18262.41341,0.19,,,,,
85,80,75,79.75271186,1152000,374000,76.4,20000,7141.178771,0,,,,,
85,80,72,68.61710395,1116000,471000,75.5,20000,7141.178771,0.01,,,,,
85,80,67,51.57236381,1016000,584000,73.3,20000,7141.178771,0.03,,,,,
85,80,62,36.22315701,942000,714000,72.6,20000,7141.178771,0.03,,,,,
85,80,57,22.36175345,863000,811000,71.7,20000,7141.178771,0.08,,,,,
85,80,75,79.75271186,1204000,398000,77.7,25000,11785.96648,0.01,,,,,
85,80,72,68.61710395,1140000,482000,76.2,25000,11785.96648,0.04,,,,,
85,80,67,51.57236381,1077000,658000,74.8,25000,11785.96648,0.04,,,,,
85,80,62,36.22315701,993000,806000,73.2,25000,11785.96648,0.05,,,,,
85,80,57,22.36175345,933000,907000,72.4,25000,11785.96648,0.14,,,,,
85,80,75,79.75271186,1274000,461000,79,30000,18262.41341,0.04,,,,,
85,80,72,68.61710395,1213000,560000,77.6,30000,18262.41341,0.06,,,,,
85,80,67,51.57236381,1136000,745000,76.2,30000,18262.41341,0.06,,,,,
85,80,62,36.22315701,1029000,889000,73.8,30000,18262.41341,0.07,,,,,
85,80,57,22.36175345,981000,981000,73.1,30000,18262.41341,0.21,,,,,
95,80,75,79.75271186,1091000,329000,84.2,20000,7141.178771,0,,,,,
95,80,72,68.61710395,1035000,405000,82.9,20000,7141.178771,0.01,,,,,
95,80,67,51.57236381,965000,546000,81.9,20000,7141.178771,0.03,,,,,
95,80,62,36.22315701,876000,659000,80.7,20000,7141.178771,0.03,,,,,
95,80,57,22.36175345,825000,774000,80.9,20000,7141.178771,0.09,,,,,
95,80,75,79.75271186,1139000,350000,85.4,25000,11785.96648,0.01,,,,,
95,80,72,68.61710395,1083000,441000,84.1,25000,11785.96648,0.04,,,,,
95,80,67,51.57236381,1017000,614000,82.8,25000,11785.96648,0.04,,,,,
95,80,62,36.22315701,926000,752000,81.3,25000,11785.96648,0.05,,,,,
95,80,57,22.36175345,890000,866000,81.3,25000,11785.96648,0.15,,,,,
95,80,75,79.75271186,1171000,370000,86.3,30000,18262.41341,0.04,,,,,
95,80,72,68.61710395,1110000,471000,84.8,30000,18262.41341,0.05,,,,,
95,80,67,51.57236381,1026000,650000,82.9,30000,18262.41341,0.06,,,,,
95,80,62,36.22315701,975000,848000,82.3,30000,18262.41341,0.07,,,,,
95,80,57,22.36175345,935000,935000,81.8,30000,18262.41341,0.22,,,,,
105,80,75,79.75271186,1027000,283000,93.4,20000,7141.178771,0,,,,,
105,80,72,68.61710395,1000000,387000,93.2,20000,7141.178771,0.01,,,,,
105,80,67,51.57236381,909000,505000,92,20000,7141.178771,0.03,,,,,
105,80,62,36.22315701,824000,621000,91.3,20000,7141.178771,0.03,,,,,
105,80,57,22.36175345,758000,709000,90.3,20000,7141.178771,0.11,,,,,
105,80,75,79.75271186,1068000,300000,94.3,25000,11785.96648,0.02,,,,,
105,80,72,68.61710395,1013000,390000,93.2,25000,11785.96648,0.04,,,,,
105,80,67,51.57236381,957000,571000,92.7,25000,11785.96648,0.04,,,,,
105,80,62,36.22315701,888000,728000,92.2,25000,11785.96648,0.05,,,,,
105,80,57,22.36175345,844000,823000,91.8,25000,11785.96648,0.17,,,,,
105,80,75,79.75271186,1097000,318000,95,30000,18262.41341,0.05,,,,,
105,80,72,68.61710395,1041000,422000,93.8,30000,18262.41341,0.05,,,,,
105,80,67,51.57236381,924000,567000,91.7,30000,18262.41341,0.06,,,,,
105,80,62,36.22315701,919000,805000,92.4,30000,18262.41341,0.08,,,,,
105,80,57,22.36175345,885000,885000,92.2,30000,18262.41341,0.24,,,,,
115,80,75,79.75271186,960000,237000,104.3,20000,7141.178771,0.01,,,,,
115,80,72,68.61710395,935000,342000,104.5,20000,7141.178771,0.02,,,,,
115,80,67,51.57236381,849000,476000,103.8,20000,7141.178771,0.03,,,,,
115,80,62,36.22315701,789000,602000,104.7,20000,7141.178771,0.03,,,,,
115,80,57,22.36175345,715000,669000,102.8,20000,7141.178771,0.13,,,,,
115,80,75,79.75271186,987000,242000,104.7,25000,11785.96648,0.02,,,,,
115,80,72,68.61710395,929000,327000,103.8,25000,11785.96648,0.04,,,,,
115,80,67,51.57236381,892000,541000,104.2,25000,11785.96648,0.05,,,,,
115,80,62,36.22315701,811000,668000,103.5,25000,11785.96648,0.06,,,,,
115,80,57,22.36175345,794000,775000,104.2,25000,11785.96648,0.19,,,,,
115,80,75,79.75271186,1010000,255000,105.2,30000,18262.41341,0.05,,,,,
115,80,72,68.61710395,971000,374000,104.6,30000,18262.41341,0.05,,,,,
115,80,67,51.57236381,893000,556000,103.7,30000,18262.41341,0.06,,,,,
115,80,62,36.22315701,844000,736000,103.3,30000,18262.41341,0.1,,,,,
115,80,57,22.36175345,810000,810000,103.1,30000,18262.41341,0.26,,,,,
75,80,75,79.75271186,1334000,494000,72.9,35000,27101.88827,0.06,,,,,
75,80,72,68.61710395,1272000,609000,71.4,35000,27101.88827,0.07,,,,,
75,80,67,51.57236381,1173000,800000,69.1,35000,27101.88827,0.07,,,,,
75,80,62,36.22315701,1099000,996000,67.3,35000,27101.88827,0.09,,,,,
75,80,57,22.36175345,1046000,1046000,66.2,35000,27101.88827,0.28,,,,,
75,80,75,79.75271186,1356000,517000,73.6,40000,38473.17877,0.08,,,,,
75,80,72,68.61710395,1293000,646000,72,40000,38473.17877,0.08,,,,,
75,80,67,51.57236381,1220000,885000,69.8,40000,38473.17877,0.09,,,,,
75,80,62,36.22315701,1135000,1072000,68.2,40000,38473.17877,0.13,,,,,
75,80,57,22.36175345,1114000,1114000,67.7,40000,38473.17877,0.35,,,,,
85,80,75,79.75271186,1302000,487000,79.7,35000,27101.88827,0.06,,,,,
85,80,72,68.61710395,1263000,621000,79.1,35000,27101.88827,0.07,,,,,
85,80,67,51.57236381,1111000,753000,75.7,35000,27101.88827,0.07,,,,,
85,80,62,36.22315701,1056000,962000,74.4,35000,27101.88827,0.1,,,,,
85,80,57,22.36175345,1018000,1018000,73.5,35000,27101.88827,0.29,,,,,
85,80,75,79.75271186,1323000,510000,80.3,40000,38473.17877,0.08,,,,,
85,80,72,68.61710395,1262000,636000,78.9,40000,38473.17877,0.09,,,,,
85,80,67,51.57236381,1129000,809000,76.2,40000,38473.17877,0.09,,,,,
85,80,62,36.22315701,1078000,1010000,74.9,40000,38473.17877,0.14,,,,,
85,80,57,22.36175345,1051000,1051000,74.2,40000,38473.17877,0.36,,,,,
95,80,75,79.75271186,1194000,391000,87,35000,27101.88827,0.06,,,,,
95,80,72,68.61710395,1138000,510000,85.6,35000,27101.88827,0.07,,,,,
95,80,67,51.57236381,1049000,708000,83.5,35000,27101.88827,0.07,,,,,
95,80,62,36.22315701,991000,904000,82.3,35000,27101.88827,0.11,,,,,
95,80,57,22.36175345,978000,978000,82.3,35000,27101.88827,0.3,,,,,
95,80,75,79.75271186,1208000,407000,87.5,40000,38473.17877,0.08,,,,,
95,80,72,68.61710395,1147000,535000,85.9,40000,38473.17877,0.09,,,,,
95,80,67,51.57236381,1067000,765000,83.9,40000,38473.17877,0.09,,,,,
95,80,62,36.22315701,1014000,949000,82.6,40000,38473.17877,0.15,,,,,
95,80,57,22.36175345,1012000,1012000,82.8,40000,38473.17877,0.37,,,,,
105,80,75,79.75271186,1117000,337000,95.6,35000,27101.88827,0.07,,,,,
105,80,72,68.61710395,1058000,451000,94.2,35000,27101.88827,0.07,,,,,
105,80,67,51.57236381,976000,654000,92.7,35000,27101.88827,0.07,,,,,
105,80,62,36.22315701,935000,850000,92.2,35000,27101.88827,0.13,,,,,
105,80,57,22.36175345,925000,925000,92.4,35000,27101.88827,0.32,,,,,
105,80,75,79.75271186,1133000,355000,96.1,40000,38473.17877,0.08,,,,,
105,80,72,68.61710395,1080000,490000,94.7,40000,38473.17877,0.09,,,,,
105,80,67,51.57236381,995000,711000,93,40000,38473.17877,0.09,,,,,
105,80,62,36.22315701,972000,915000,92.9,40000,38473.17877,0.18,,,,,
105,80,57,22.36175345,957000,957000,92.7,40000,38473.17877,0.38,,,,,
115,80,75,79.75271186,1037000,281000,105.8,35000,27101.88827,0.07,,,,,
115,80,72,68.61710395,980000,396000,104.7,35000,27101.88827,0.07,,,,,
115,80,67,51.57236381,902000,602000,103.6,35000,27101.88827,0.08,,,,,
115,80,62,36.22315701,889000,808000,104.2,35000,27101.88827,0.15,,,,,
115,80,57,22.36175345,869000,869000,104.1,35000,27101.88827,0.34,,,,,
115,80,75,79.75271186,1050000,298000,106.2,40000,38473.17877,0.08,,,,,
115,80,72,68.61710395,994000,428000,105,40000,38473.17877,0.09,,,,,
115,80,67,51.57236381,911000,649000,103.7,40000,38473.17877,0.09,,,,,
115,80,62,36.22315701,896000,837000,103.8,40000,38473.17877,0.19,,,,,
115,80,57,22.36175345,898000,898000,104.1,40000,38473.17877,0.4,,,,,
